ISO-10303-21;
HEADER;
FILE_DESCRIPTION (( 'STEP AP214' ),
    '1' );
FILE_NAME ('LPS22HHTR.STEP',
    '2024-01-27T14:33:16',
    ( 'LENOVO' ),
    ( '' ),
    'SwSTEP 2.0',
    'SolidWorks 2021',
    '' );
FILE_SCHEMA (( 'AUTOMOTIVE_DESIGN' ));
ENDSEC;

DATA;
#1 = CARTESIAN_POINT ( 'NONE',  ( 0.6250000000000000000, 0.000000000000000000, -0.9000000000000000222 ) ) ;
#2 = ORIENTED_EDGE ( 'NONE', *, *, #1367, .F. ) ;
#3 = ORIENTED_EDGE ( 'NONE', *, *, #1189, .F. ) ;
#4 = ORIENTED_EDGE ( 'NONE', *, *, #1803, .T. ) ;
#5 = LINE ( 'NONE', #1271, #2649 ) ;
#6 = DIRECTION ( 'NONE',  ( 0.000000000000000000, -0.000000000000000000, 1.000000000000000000 ) ) ;
#7 = VECTOR ( 'NONE', #1844, 1000.000000000000000 ) ;
#8 = EDGE_CURVE ( 'NONE', #1192, #1815, #1210, .T. ) ;
#9 = DIRECTION ( 'NONE',  ( 0.000000000000000000, 0.000000000000000000, 1.000000000000000000 ) ) ;
#10 = EDGE_LOOP ( 'NONE', ( #1514, #1044 ) ) ;
#11 = CARTESIAN_POINT ( 'NONE',  ( 0.6249999999999958922, 0.05000000000000002359, -0.1250000000000090206 ) ) ;
#12 = AXIS2_PLACEMENT_3D ( 'NONE', #3778, #2828, #57 ) ;
#13 = ORIENTED_EDGE ( 'NONE', *, *, #3775, .F. ) ;
#14 = DIRECTION ( 'NONE',  ( -1.000000000000000000, 0.000000000000000000, 0.000000000000000000 ) ) ;
#15 = DIRECTION ( 'NONE',  ( 0.000000000000000000, -1.000000000000000000, 0.000000000000000000 ) ) ;
#16 = LINE ( 'NONE', #2159, #2632 ) ;
#17 = PLANE ( 'NONE',  #3612 ) ;
#18 = DIRECTION ( 'NONE',  ( 1.000000000000000000, 0.000000000000000000, 0.000000000000000000 ) ) ;
#19 = MECHANICAL_DESIGN_GEOMETRIC_PRESENTATION_REPRESENTATION (  '', ( #2381 ), #2228 ) ;
#20 = EDGE_CURVE ( 'NONE', #1484, #836, #1124, .T. ) ;
#21 = EDGE_LOOP ( 'NONE', ( #993, #3211, #2813, #1319 ) ) ;
#22 = EDGE_LOOP ( 'NONE', ( #2859, #2070, #739, #3456 ) ) ;
#23 = FACE_OUTER_BOUND ( 'NONE', #1511, .T. ) ;
#24 = MANIFOLD_SOLID_BREP ( 'Boss-Extrude4[4]', #3960 ) ;
#25 = LINE ( 'NONE', #885, #1309 ) ;
#26 = CARTESIAN_POINT ( 'NONE',  ( 0.3750000000000000000, 0.4216517186829673025, 0.6250000000000000000 ) ) ;
#27 = DIRECTION ( 'NONE',  ( -1.000000000000000000, 0.000000000000000000, 0.000000000000000000 ) ) ;
#28 = EDGE_LOOP ( 'NONE', ( #3824, #449, #2511, #2323 ) ) ;
#29 = ORIENTED_EDGE ( 'NONE', *, *, #1691, .F. ) ;
#30 = ORIENTED_EDGE ( 'NONE', *, *, #3561, .F. ) ;
#31 = LINE ( 'NONE', #102, #2729 ) ;
#32 = LINE ( 'NONE', #3337, #79 ) ;
#33 = EDGE_LOOP ( 'NONE', ( #2010, #129, #1251, #1914 ) ) ;
#34 = ORIENTED_EDGE ( 'NONE', *, *, #2139, .T. ) ;
#35 = CLOSED_SHELL ( 'NONE', ( #621, #914, #3880, #3959, #3282, #3554 ) ) ;
#36 = LINE ( 'NONE', #626, #3981 ) ;
#37 = CARTESIAN_POINT ( 'NONE',  ( 0.6250000000000000000, 0.000000000000000000, 0.6250000000000000000 ) ) ;
#38 = PRESENTATION_STYLE_ASSIGNMENT (( #933 ) ) ;
#39 = DIRECTION ( 'NONE',  ( -1.000000000000000000, -0.000000000000000000, -0.000000000000000000 ) ) ;
#40 = ADVANCED_FACE ( 'NONE', ( #1490 ), #107, .T. ) ;
#41 = VERTEX_POINT ( 'NONE', #3362 ) ;
#42 = VERTEX_POINT ( 'NONE', #912 ) ;
#43 = CARTESIAN_POINT ( 'NONE',  ( 0.3750000000000000000, 0.000000000000000000, -0.6250000000000000000 ) ) ;
#44 = COLOUR_RGB ( '',1.000000000000000000, 0.8117647058823529438, 0.5019607843137254832 ) ;
#45 = AXIS2_PLACEMENT_3D ( 'NONE', #3476, #2552, #2238 ) ;
#46 = VECTOR ( 'NONE', #1275, 1000.000000000000000 ) ;
#47 = CARTESIAN_POINT ( 'NONE',  ( 0.9000000000000047962, 0.05000000000000000278, 0.3749999999999885092 ) ) ;
#48 = CARTESIAN_POINT ( 'NONE',  ( -0.8999999999999999112, 0.05000000000000002359, 0.3749999999999973910 ) ) ;
#49 = EDGE_CURVE ( 'NONE', #42, #2130, #1299, .T. ) ;
#50 = EDGE_LOOP ( 'NONE', ( #1643, #2691, #2595, #3879 ) ) ;
#51 =( LENGTH_UNIT ( ) NAMED_UNIT ( * ) SI_UNIT ( .MILLI., .METRE. ) );
#52 = ORIENTED_EDGE ( 'NONE', *, *, #71, .F. ) ;
#53 = VECTOR ( 'NONE', #456, 1000.000000000000000 ) ;
#54 = EDGE_CURVE ( 'NONE', #1582, #3892, #2834, .T. ) ;
#55 = LINE ( 'NONE', #1525, #2636 ) ;
#56 = DIRECTION ( 'NONE',  ( 1.951563910473977401E-14, 0.000000000000000000, 1.000000000000000000 ) ) ;
#57 = DIRECTION ( 'NONE',  ( 0.000000000000000000, 0.000000000000000000, 1.000000000000000000 ) ) ;
#58 = ORIENTED_EDGE ( 'NONE', *, *, #720, .F. ) ;
#59 = ORIENTED_EDGE ( 'NONE', *, *, #2805, .F. ) ;
#60 = CARTESIAN_POINT ( 'NONE',  ( -0.3750000000000000000, 0.05000000000000002359, 0.6250000000000069944 ) ) ;
#61 = ORIENTED_EDGE ( 'NONE', *, *, #2669, .T. ) ;
#62 = LINE ( 'NONE', #3475, #86 ) ;
#63 = LINE ( 'NONE', #970, #1477 ) ;
#64 = DIRECTION ( 'NONE',  ( -0.000000000000000000, 1.000000000000000000, 0.000000000000000000 ) ) ;
#65 = ORIENTED_EDGE ( 'NONE', *, *, #3069, .F. ) ;
#66 = CARTESIAN_POINT ( 'NONE',  ( -0.8999999999999999112, 0.05000000000000000278, 0.1249999999999974049 ) ) ;
#67 = ORIENTED_EDGE ( 'NONE', *, *, #1312, .F. ) ;
#68 = ORIENTED_EDGE ( 'NONE', *, *, #1658, .F. ) ;
#69 = AXIS2_PLACEMENT_3D ( 'NONE', #710, #1951, #619 ) ;
#70 = VECTOR ( 'NONE', #1027, 1000.000000000000000 ) ;
#71 = EDGE_CURVE ( 'NONE', #1328, #939, #25, .T. ) ;
#72 = DIRECTION ( 'NONE',  ( 0.000000000000000000, 0.000000000000000000, 1.000000000000000000 ) ) ;
#73 = EDGE_CURVE ( 'NONE', #1215, #2830, #32, .T. ) ;
#74 = ORIENTED_EDGE ( 'NONE', *, *, #829, .T. ) ;
#75 = PLANE ( 'NONE',  #3951 ) ;
#76 = ORIENTED_EDGE ( 'NONE', *, *, #573, .F. ) ;
#77 = CARTESIAN_POINT ( 'NONE',  ( -0.8999999999999999112, 0.4216517186829673025, -0.3749999999999973910 ) ) ;
#78 = VECTOR ( 'NONE', #1411, 1000.000000000000000 ) ;
#79 = VECTOR ( 'NONE', #357, 1000.000000000000000 ) ;
#80 = DIRECTION ( 'NONE',  ( 1.000000000000000000, -0.000000000000000000, 0.000000000000000000 ) ) ;
#81 = ORIENTED_EDGE ( 'NONE', *, *, #3381, .T. ) ;
#82 = CARTESIAN_POINT ( 'NONE',  ( 0.000000000000000000, 0.1400000000000000133, 0.000000000000000000 ) ) ;
#83 = ADVANCED_FACE ( 'NONE', ( #1407 ), #17, .F. ) ;
#84 = CARTESIAN_POINT ( 'NONE',  ( 0.6250000000000000000, 0.05000000000000000278, -0.6250000000000000000 ) ) ;
#85 = CLOSED_SHELL ( 'NONE', ( #3806, #3929, #849, #3300, #2061, #2008 ) ) ;
#86 = VECTOR ( 'NONE', #3190, 1000.000000000000000 ) ;
#87 = CARTESIAN_POINT ( 'NONE',  ( 0.3750000000000000000, 0.05000000000000002359, -0.6250000000000000000 ) ) ;
#88 = DIRECTION ( 'NONE',  ( 1.000000000000000000, 0.000000000000000000, -0.000000000000000000 ) ) ;
#89 = ORIENTED_EDGE ( 'NONE', *, *, #854, .T. ) ;
#90 = ORIENTED_EDGE ( 'NONE', *, *, #2767, .F. ) ;
#91 = DIRECTION ( 'NONE',  ( 0.000000000000000000, 1.000000000000000000, 0.000000000000000000 ) ) ;
#92 = ORIENTED_EDGE ( 'NONE', *, *, #732, .F. ) ;
#93 = LINE ( 'NONE', #1434, #78 ) ;
#94 = AXIS2_PLACEMENT_3D ( 'NONE', #3484, #1965, #2596 ) ;
#95 = VERTEX_POINT ( 'NONE', #1865 ) ;
#96 = CARTESIAN_POINT ( 'NONE',  ( -0.3750000000000000000, 0.05000000000000000278, -0.8999999999999930278 ) ) ;
#97 = ORIENTED_EDGE ( 'NONE', *, *, #1312, .T. ) ;
#98 = EDGE_LOOP ( 'NONE', ( #472, #3371, #2080, #683 ) ) ;
#99 = LINE ( 'NONE', #2209, #53 ) ;
#100 = PLANE ( 'NONE',  #1652 ) ;
#101 = AXIS2_PLACEMENT_3D ( 'NONE', #3788, #2011, #2539 ) ;
#102 = CARTESIAN_POINT ( 'NONE',  ( 0.8999999999999940270, 0.05000000000000000278, -0.3750000000000138778 ) ) ;
#103 = ORIENTED_EDGE ( 'NONE', *, *, #1707, .F. ) ;
#104 = EDGE_LOOP ( 'NONE', ( #1071, #3733, #3875, #2372 ) ) ;
#105 = PLANE ( 'NONE',  #45 ) ;
#106 = EDGE_CURVE ( 'NONE', #3578, #1269, #1369, .T. ) ;
#107 = PLANE ( 'NONE',  #117 ) ;
#108 = DIRECTION ( 'NONE',  ( -3.232893750683992730E-14, 0.000000000000000000, -1.000000000000000000 ) ) ;
#109 = CARTESIAN_POINT ( 'NONE',  ( -0.1250000000000000000, 0.05000000000000000278, -0.6249999999999965583 ) ) ;
#110 = CLOSED_SHELL ( 'NONE', ( #2620, #83, #345, #3046, #1026, #3274 ) ) ;
#111 = EDGE_LOOP ( 'NONE', ( #2941, #132, #2928, #1814 ) ) ;
#112 = DIRECTION ( 'NONE',  ( -0.000000000000000000, 0.000000000000000000, -1.000000000000000000 ) ) ;
#113 = CARTESIAN_POINT ( 'NONE',  ( 0.6249999999999998890, 0.000000000000000000, 0.1249999999999974049 ) ) ;
#114 = VERTEX_POINT ( 'NONE', #2757 ) ;
#115 = ADVANCED_FACE ( 'NONE', ( #1342 ), #2431, .F. ) ;
#116 = CARTESIAN_POINT ( 'NONE',  ( 0.000000000000000000, 0.000000000000000000, 0.000000000000000000 ) ) ;
#117 = AXIS2_PLACEMENT_3D ( 'NONE', #2105, #673, #3769 ) ;
#118 = VERTEX_POINT ( 'NONE', #3944 ) ;
#119 = FACE_OUTER_BOUND ( 'NONE', #3336, .T. ) ;
#120 = CARTESIAN_POINT ( 'NONE',  ( -0.8999999999999999112, 0.05000000000000000278, 0.1249999999999974049 ) ) ;
#121 = VERTEX_POINT ( 'NONE', #1163 ) ;
#122 = EDGE_CURVE ( 'NONE', #1856, #1955, #55, .T. ) ;
#123 = DIRECTION ( 'NONE',  ( 1.000000000000000000, 0.000000000000000000, -0.000000000000000000 ) ) ;
#124 = VERTEX_POINT ( 'NONE', #630 ) ;
#125 = EDGE_CURVE ( 'NONE', #778, #3366, #2681, .T. ) ;
#126 = VECTOR ( 'NONE', #831, 1000.000000000000000 ) ;
#127 = CARTESIAN_POINT ( 'NONE',  ( 0.9000000000000047962, 0.05000000000000000278, 0.3749999999999885092 ) ) ;
#128 = CARTESIAN_POINT ( 'NONE',  ( -0.7499999999999997780, 0.6999999999999999556, -0.6499999999999998002 ) ) ;
#129 = ORIENTED_EDGE ( 'NONE', *, *, #909, .F. ) ;
#130 = DIRECTION ( 'NONE',  ( 1.000000000000000000, 0.000000000000000000, -0.000000000000000000 ) ) ;
#131 = VERTEX_POINT ( 'NONE', #585 ) ;
#132 = ORIENTED_EDGE ( 'NONE', *, *, #1496, .T. ) ;
#133 = DIRECTION ( 'NONE',  ( 0.000000000000000000, 0.000000000000000000, -1.000000000000000000 ) ) ;
#134 = VECTOR ( 'NONE', #3040, 1000.000000000000000 ) ;
#135 = CARTESIAN_POINT ( 'NONE',  ( 0.1250000000000000000, 0.05000000000000002359, -0.8999999999999964695 ) ) ;
#136 = DIRECTION ( 'NONE',  ( 1.000000000000000000, 0.000000000000000000, 0.000000000000000000 ) ) ;
#137 = ORIENTED_EDGE ( 'NONE', *, *, #2955, .T. ) ;
#138 = ORIENTED_EDGE ( 'NONE', *, *, #3573, .T. ) ;
#139 = EDGE_LOOP ( 'NONE', ( #528, #3039, #3764, #1835 ) ) ;
#140 = VECTOR ( 'NONE', #2522, 1000.000000000000000 ) ;
#141 = LINE ( 'NONE', #2650, #2810 ) ;
#142 = CARTESIAN_POINT ( 'NONE',  ( 0.6899999999999999467, 0.6999999999999999556, 0.7599999999999997868 ) ) ;
#143 = CARTESIAN_POINT ( 'NONE',  ( 0.9999999999999997780, 0.8000000000000000444, 0.9999999999999997780 ) ) ;
#144 = ORIENTED_EDGE ( 'NONE', *, *, #1502, .F. ) ;
#145 = CARTESIAN_POINT ( 'NONE',  ( 0.6249999999999998890, 0.000000000000000000, 0.1249999999999974049 ) ) ;
#146 = VERTEX_POINT ( 'NONE', #2403 ) ;
#147 = FACE_OUTER_BOUND ( 'NONE', #1178, .T. ) ;
#148 = AXIS2_PLACEMENT_3D ( 'NONE', #2100, #382, #3094 ) ;
#149 = FACE_OUTER_BOUND ( 'NONE', #2607, .T. ) ;
#150 = CARTESIAN_POINT ( 'NONE',  ( 0.8999999999999999112, 0.05000000000000000278, 0.1249999999999974049 ) ) ;
#151 = ADVANCED_FACE ( 'NONE', ( #1325 ), #3588, .T. ) ;
#152 = ORIENTED_EDGE ( 'NONE', *, *, #1702, .F. ) ;
#153 = ORIENTED_EDGE ( 'NONE', *, *, #3783, .T. ) ;
#154 = FACE_OUTER_BOUND ( 'NONE', #3006, .T. ) ;
#155 = DIRECTION ( 'NONE',  ( 0.000000000000000000, -0.000000000000000000, 1.000000000000000000 ) ) ;
#156 = EDGE_CURVE ( 'NONE', #114, #2110, #16, .T. ) ;
#157 = ORIENTED_EDGE ( 'NONE', *, *, #1966, .F. ) ;
#158 = ORIENTED_EDGE ( 'NONE', *, *, #2128, .T. ) ;
#159 = ORIENTED_EDGE ( 'NONE', *, *, #3198, .F. ) ;
#160 = CARTESIAN_POINT ( 'NONE',  ( 0.1250000000000000000, 0.05000000000000000278, -0.8999999999999964695 ) ) ;
#161 = VECTOR ( 'NONE', #2504, 1000.000000000000000 ) ;
#162 = DIRECTION ( 'NONE',  ( 0.000000000000000000, 0.000000000000000000, 1.000000000000000000 ) ) ;
#163 = DIRECTION ( 'NONE',  ( -0.000000000000000000, -1.000000000000000000, -0.000000000000000000 ) ) ;
#164 = CARTESIAN_POINT ( 'NONE',  ( 0.000000000000000000, 0.05000000000000000278, 0.000000000000000000 ) ) ;
#165 = VECTOR ( 'NONE', #3863, 1000.000000000000000 ) ;
#166 = ORIENTED_EDGE ( 'NONE', *, *, #1351, .F. ) ;
#167 = FACE_OUTER_BOUND ( 'NONE', #2852, .T. ) ;
#168 = EDGE_CURVE ( 'NONE', #2690, #402, #2703, .T. ) ;
#169 = LINE ( 'NONE', #3614, #1387 ) ;
#170 = CARTESIAN_POINT ( 'NONE',  ( -0.9999999999999997780, 0.8000000000000000444, 0.9999999999999997780 ) ) ;
#171 = AXIS2_PLACEMENT_3D ( 'NONE', #2855, #2603, #419 ) ;
#172 = EDGE_CURVE ( 'NONE', #932, #1675, #2723, .T. ) ;
#173 = CARTESIAN_POINT ( 'NONE',  ( 0.000000000000000000, 0.05000000000000000278, 0.000000000000000000 ) ) ;
#174 = ORIENTED_EDGE ( 'NONE', *, *, #407, .T. ) ;
#175 = FACE_OUTER_BOUND ( 'NONE', #3166, .T. ) ;
#176 = EDGE_CURVE ( 'NONE', #422, #1204, #169, .T. ) ;
#177 = VECTOR ( 'NONE', #1747, 999.9999999999998863 ) ;
#178 = CARTESIAN_POINT ( 'NONE',  ( 0.8999999999999940270, 0.05000000000000000278, -0.3750000000000138778 ) ) ;
#179 = PRESENTATION_LAYER_ASSIGNMENT (  '', '', ( #920 ) ) ;
#180 = DIRECTION ( 'NONE',  ( 0.7071067811865463515, -0.000000000000000000, 0.7071067811865487940 ) ) ;
#181 = MANIFOLD_SOLID_BREP ( 'Boss-Extrude4[1]', #85 ) ;
#182 = ORIENTED_EDGE ( 'NONE', *, *, #2593, .F. ) ;
#183 = LINE ( 'NONE', #847, #221 ) ;
#184 = CARTESIAN_POINT ( 'NONE',  ( -0.6250000000000000000, 0.4216517186829673025, -0.6249999999999931166 ) ) ;
#185 = ORIENTED_EDGE ( 'NONE', *, *, #1179, .T. ) ;
#186 = ADVANCED_FACE ( 'NONE', ( #1376 ), #2483, .F. ) ;
#187 = ORIENTED_EDGE ( 'NONE', *, *, #804, .T. ) ;
#188 = EDGE_LOOP ( 'NONE', ( #2525, #2788, #3252, #2586 ) ) ;
#189 = LINE ( 'NONE', #3558, #1497 ) ;
#190 = CARTESIAN_POINT ( 'NONE',  ( 0.1250000000000000000, 0.4216517186829673025, 0.9000000000000034639 ) ) ;
#191 = DIRECTION ( 'NONE',  ( -3.232893750683992730E-14, 0.000000000000000000, -1.000000000000000000 ) ) ;
#192 = DIRECTION ( 'NONE',  ( 0.000000000000000000, -0.000000000000000000, 1.000000000000000000 ) ) ;
#193 = VECTOR ( 'NONE', #2089, 1000.000000000000000 ) ;
#194 = DIRECTION ( 'NONE',  ( 1.000000000000000000, 0.000000000000000000, -0.000000000000000000 ) ) ;
#195 = VERTEX_POINT ( 'NONE', #1999 ) ;
#196 = LINE ( 'NONE', #2667, #1487 ) ;
#197 = FACE_OUTER_BOUND ( 'NONE', #2919, .T. ) ;
#198 = DIRECTION ( 'NONE',  ( 1.000000000000000000, 0.000000000000000000, -7.372574772901430151E-15 ) ) ;
#199 = CARTESIAN_POINT ( 'NONE',  ( 0.9999999999999997780, 0.1400000000000000411, 0.9999999999999997780 ) ) ;
#200 = ORIENTED_EDGE ( 'NONE', *, *, #3301, .F. ) ;
#201 = VECTOR ( 'NONE', #3692, 1000.000000000000000 ) ;
#202 = LINE ( 'NONE', #2925, #1622 ) ;
#203 = CARTESIAN_POINT ( 'NONE',  ( 0.3750000000000000000, 0.05000000000000000278, -0.9000000000000000222 ) ) ;
#204 = EDGE_CURVE ( 'NONE', #580, #1221, #2651, .T. ) ;
#205 = ORIENTED_EDGE ( 'NONE', *, *, #3347, .F. ) ;
#206 = CARTESIAN_POINT ( 'NONE',  ( -0.3750000000000000000, 0.05000000000000002359, -0.6249999999999931166 ) ) ;
#207 = FACE_OUTER_BOUND ( 'NONE', #2508, .T. ) ;
#208 = EDGE_CURVE ( 'NONE', #1739, #3908, #3954, .T. ) ;
#209 = VECTOR ( 'NONE', #3687, 1000.000000000000000 ) ;
#210 = DIRECTION ( 'NONE',  ( -0.000000000000000000, -1.000000000000000000, -0.000000000000000000 ) ) ;
#211 = EDGE_LOOP ( 'NONE', ( #705, #144, #2756, #158 ) ) ;
#212 = CARTESIAN_POINT ( 'NONE',  ( 0.1250000000000000000, 0.000000000000000000, 0.9000000000000034639 ) ) ;
#213 = LINE ( 'NONE', #1585, #161 ) ;
#214 = PLANE ( 'NONE',  #1948 ) ;
#215 = LINE ( 'NONE', #3132, #1567 ) ;
#216 = EDGE_CURVE ( 'NONE', #2741, #415, #3969, .T. ) ;
#217 = ADVANCED_FACE ( 'NONE', ( #2739 ), #2288, .T. ) ;
#218 = CARTESIAN_POINT ( 'NONE',  ( -0.3750000000000000000, 0.05000000000000002359, 0.9000000000000069056 ) ) ;
#219 = EDGE_LOOP ( 'NONE', ( #509, #1113, #1097, #507 ) ) ;
#220 = AXIS2_PLACEMENT_3D ( 'NONE', #323, #827, #906 ) ;
#221 = VECTOR ( 'NONE', #3964, 1000.000000000000000 ) ;
#222 = SURFACE_STYLE_FILL_AREA ( #788 ) ;
#223 = CARTESIAN_POINT ( 'NONE',  ( 0.6249999999999958922, 0.05000000000000000278, -0.1250000000000090206 ) ) ;
#224 = CARTESIAN_POINT ( 'NONE',  ( 0.8999999999999999112, 0.05000000000000000278, 0.1249999999999974049 ) ) ;
#225 = EDGE_LOOP ( 'NONE', ( #3716, #2851, #3662, #1876 ) ) ;
#226 = VECTOR ( 'NONE', #1072, 1000.000000000000000 ) ;
#227 = VECTOR ( 'NONE', #1501, 1000.000000000000000 ) ;
#228 = DIRECTION ( 'NONE',  ( 1.000000000000000000, -0.000000000000000000, -0.000000000000000000 ) ) ;
#229 = DIRECTION ( 'NONE',  ( 0.000000000000000000, -1.000000000000000000, 0.000000000000000000 ) ) ;
#230 = EDGE_LOOP ( 'NONE', ( #3, #2329, #2541, #3076 ) ) ;
#231 = FILL_AREA_STYLE ('',( #3886 ) ) ;
#232 = LINE ( 'NONE', #447, #226 ) ;
#233 = LINE ( 'NONE', #3656, #193 ) ;
#234 = CARTESIAN_POINT ( 'NONE',  ( -0.3750000000000000000, 0.4216517186829673025, -0.6249999999999931166 ) ) ;
#235 = ORIENTED_EDGE ( 'NONE', *, *, #1107, .T. ) ;
#236 = PLANE ( 'NONE',  #1954 ) ;
#237 = LINE ( 'NONE', #2358, #2861 ) ;
#238 = DIRECTION ( 'NONE',  ( -1.000000000000000000, -0.000000000000000000, 0.000000000000000000 ) ) ;
#239 = CARTESIAN_POINT ( 'NONE',  ( 0.1250000000000000000, 0.05000000000000000278, -0.6249999999999965583 ) ) ;
#240 = CARTESIAN_POINT ( 'NONE',  ( 0.6899999999999999467, 0.6999999999999999556, -0.1500000000000001887 ) ) ;
#241 = DIRECTION ( 'NONE',  ( 0.000000000000000000, 0.000000000000000000, 1.000000000000000000 ) ) ;
#242 = ORIENTED_EDGE ( 'NONE', *, *, #495, .T. ) ;
#243 = FACE_OUTER_BOUND ( 'NONE', #2272, .T. ) ;
#244 = AXIS2_PLACEMENT_3D ( 'NONE', #116, #684, #371 ) ;
#245 = LINE ( 'NONE', #1645, #2864 ) ;
#246 = EDGE_CURVE ( 'NONE', #3971, #727, #63, .T. ) ;
#247 = ADVANCED_FACE ( 'NONE', ( #1472 ), #1085, .T. ) ;
#248 = DIRECTION ( 'NONE',  ( 0.000000000000000000, 0.000000000000000000, 1.000000000000000000 ) ) ;
#249 = ORIENTED_EDGE ( 'NONE', *, *, #724, .F. ) ;
#250 = FACE_OUTER_BOUND ( 'NONE', #2614, .T. ) ;
#251 = EDGE_CURVE ( 'NONE', #1395, #815, #3975, .T. ) ;
#252 = FACE_OUTER_BOUND ( 'NONE', #2030, .T. ) ;
#253 = CARTESIAN_POINT ( 'NONE',  ( 0.000000000000000000, 0.05000000000000000278, 0.000000000000000000 ) ) ;
#254 = CARTESIAN_POINT ( 'NONE',  ( -0.3750000000000000000, 0.4216517186829673025, 0.9000000000000069056 ) ) ;
#255 = EDGE_CURVE ( 'NONE', #437, #415, #1358, .T. ) ;
#256 = DIRECTION ( 'NONE',  ( 0.000000000000000000, 0.000000000000000000, -1.000000000000000000 ) ) ;
#257 = VERTEX_POINT ( 'NONE', #1393 ) ;
#258 = LINE ( 'NONE', #436, #2888 ) ;
#259 = DIRECTION ( 'NONE',  ( 1.000000000000000000, 0.000000000000000000, 0.000000000000000000 ) ) ;
#260 = CARTESIAN_POINT ( 'NONE',  ( -0.7499999999999997780, 0.6999999999999999556, -0.6499999999999998002 ) ) ;
#261 = CARTESIAN_POINT ( 'NONE',  ( 0.6249999999999998890, 0.05000000000000000278, 0.3749999999999973910 ) ) ;
#262 = VECTOR ( 'NONE', #1811, 1000.000000000000000 ) ;
#263 = DIRECTION ( 'NONE',  ( 0.000000000000000000, -1.000000000000000000, -0.000000000000000000 ) ) ;
#264 = DIRECTION ( 'NONE',  ( -0.000000000000000000, -1.000000000000000000, -0.000000000000000000 ) ) ;
#265 = EDGE_CURVE ( 'NONE', #3579, #715, #2673, .T. ) ;
#266 = PRESENTATION_STYLE_ASSIGNMENT (( #3984 ) ) ;
#267 = EDGE_CURVE ( 'NONE', #2376, #257, #2694, .T. ) ;
#268 = DIRECTION ( 'NONE',  ( 0.000000000000000000, -0.000000000000000000, 1.000000000000000000 ) ) ;
#269 = ORIENTED_EDGE ( 'NONE', *, *, #3000, .T. ) ;
#270 = LINE ( 'NONE', #2250, #2903 ) ;
#271 = CARTESIAN_POINT ( 'NONE',  ( -0.7499999999999997780, 0.8000000000000000444, -0.7499999999999998890 ) ) ;
#272 = FACE_OUTER_BOUND ( 'NONE', #863, .T. ) ;
#273 = LINE ( 'NONE', #3103, #314 ) ;
#274 =( NAMED_UNIT ( * ) PLANE_ANGLE_UNIT ( ) SI_UNIT ( $, .RADIAN. ) );
#275 = LINE ( 'NONE', #3345, #227 ) ;
#276 = DIRECTION ( 'NONE',  ( 0.000000000000000000, -0.000000000000000000, 1.000000000000000000 ) ) ;
#277 = CARTESIAN_POINT ( 'NONE',  ( -0.8999999999999999112, 0.05000000000000002359, 0.1249999999999974049 ) ) ;
#278 = DIRECTION ( 'NONE',  ( -1.000000000000000000, 0.000000000000000000, -0.000000000000000000 ) ) ;
#279 = FACE_OUTER_BOUND ( 'NONE', #3170, .T. ) ;
#280 = VECTOR ( 'NONE', #2117, 1000.000000000000000 ) ;
#281 = CARTESIAN_POINT ( 'NONE',  ( -0.3750000000000000000, 0.000000000000000000, 0.6250000000000069944 ) ) ;
#282 = MECHANICAL_DESIGN_GEOMETRIC_PRESENTATION_REPRESENTATION (  '', ( #1988 ), #1491 ) ;
#283 = CARTESIAN_POINT ( 'NONE',  ( 0.8999999999999958034, 0.05000000000000002359, -0.1250000000000109912 ) ) ;
#284 = ORIENTED_EDGE ( 'NONE', *, *, #1923, .F. ) ;
#285 = LINE ( 'NONE', #1465, #320 ) ;
#286 = DIRECTION ( 'NONE',  ( -0.000000000000000000, -1.000000000000000000, -0.000000000000000000 ) ) ;
#287 = DIRECTION ( 'NONE',  ( -1.000000000000000000, 0.000000000000000000, 0.000000000000000000 ) ) ;
#288 = LINE ( 'NONE', #1533, #293 ) ;
#289 = ORIENTED_EDGE ( 'NONE', *, *, #1867, .T. ) ;
#290 = LINE ( 'NONE', #1051, #2957 ) ;
#291 = EDGE_CURVE ( 'NONE', #2523, #3670, #141, .T. ) ;
#292 = CARTESIAN_POINT ( 'NONE',  ( -0.8999999999999999112, 0.05000000000000000278, -0.3749999999999973910 ) ) ;
#293 = VECTOR ( 'NONE', #264, 1000.000000000000000 ) ;
#294 = EDGE_LOOP ( 'NONE', ( #516, #157, #3609, #2528 ) ) ;
#295 = VECTOR ( 'NONE', #587, 1000.000000000000000 ) ;
#296 = DIRECTION ( 'NONE',  ( -1.000000000000000000, 0.000000000000000000, 1.191430958775279679E-16 ) ) ;
#297 = ADVANCED_FACE ( 'NONE', ( #149 ), #2625, .T. ) ;
#298 = EDGE_CURVE ( 'NONE', #608, #2647, #2819, .T. ) ;
#299 = CARTESIAN_POINT ( 'NONE',  ( 0.3750000000000000000, 0.05000000000000000278, 0.6250000000000000000 ) ) ;
#300 = DIRECTION ( 'NONE',  ( 0.000000000000000000, 0.000000000000000000, -1.000000000000000000 ) ) ;
#301 = ORIENTED_EDGE ( 'NONE', *, *, #3401, .F. ) ;
#302 = MECHANICAL_DESIGN_GEOMETRIC_PRESENTATION_REPRESENTATION (  '', ( #3161 ), #489 ) ;
#303 = VECTOR ( 'NONE', #479, 1000.000000000000000 ) ;
#304 = VERTEX_POINT ( 'NONE', #2240 ) ;
#305 = EDGE_CURVE ( 'NONE', #2966, #422, #1499, .T. ) ;
#306 = LINE ( 'NONE', #3839, #441 ) ;
#307 = CARTESIAN_POINT ( 'NONE',  ( -0.3750000000000000000, 0.4216517186829673025, -0.6249999999999931166 ) ) ;
#308 = DIRECTION ( 'NONE',  ( 0.000000000000000000, 0.000000000000000000, -1.000000000000000000 ) ) ;
#309 = AXIS2_PLACEMENT_3D ( 'NONE', #1890, #136, #1846 ) ;
#310 = AXIS2_PLACEMENT_3D ( 'NONE', #1308, #1527, #2457 ) ;
#311 = EDGE_CURVE ( 'NONE', #1165, #1520, #202, .T. ) ;
#312 = DIRECTION ( 'NONE',  ( 0.000000000000000000, -1.000000000000000000, 0.000000000000000000 ) ) ;
#313 = ORIENTED_EDGE ( 'NONE', *, *, #3601, .F. ) ;
#314 = VECTOR ( 'NONE', #1203, 1000.000000000000000 ) ;
#315 = ORIENTED_EDGE ( 'NONE', *, *, #557, .F. ) ;
#316 = DIRECTION ( 'NONE',  ( -1.000000000000000000, 0.000000000000000000, 0.000000000000000000 ) ) ;
#317 = EDGE_CURVE ( 'NONE', #727, #1433, #245, .T. ) ;
#318 = CARTESIAN_POINT ( 'NONE',  ( -0.8999999999999999112, 0.05000000000000000278, 0.1249999999999974049 ) ) ;
#319 = ORIENTED_EDGE ( 'NONE', *, *, #698, .F. ) ;
#320 = VECTOR ( 'NONE', #3273, 1000.000000000000000 ) ;
#321 = EDGE_LOOP ( 'NONE', ( #2589, #2664, #712, #575 ) ) ;
#322 =( LENGTH_UNIT ( ) NAMED_UNIT ( * ) SI_UNIT ( .MILLI., .METRE. ) );
#323 = CARTESIAN_POINT ( 'NONE',  ( -0.6249999999999998890, 0.05000000000000000278, 0.1249999999999974049 ) ) ;
#324 = EDGE_LOOP ( 'NONE', ( #643, #1935, #1924, #2444 ) ) ;
#325 = PLANE ( 'NONE',  #3920 ) ;
#326 = COLOUR_RGB ( '',1.000000000000000000, 0.8117647058823529438, 0.5019607843137254832 ) ;
#327 = DIRECTION ( 'NONE',  ( -1.000000000000000000, 0.000000000000000000, 0.000000000000000000 ) ) ;
#328 = DIRECTION ( 'NONE',  ( 1.000000000000000000, 0.000000000000000000, 0.000000000000000000 ) ) ;
#329 = DIRECTION ( 'NONE',  ( -0.000000000000000000, -1.000000000000000000, -0.000000000000000000 ) ) ;
#330 = FILL_AREA_STYLE_COLOUR ( '', #2829 ) ;
#331 = DIRECTION ( 'NONE',  ( 1.000000000000000000, -0.000000000000000000, 0.000000000000000000 ) ) ;
#332 = EDGE_LOOP ( 'NONE', ( #1005, #2488, #3785, #3691 ) ) ;
#333 = VECTOR ( 'NONE', #3438, 1000.000000000000000 ) ;
#334 = DIRECTION ( 'NONE',  ( 0.000000000000000000, 1.000000000000000000, 0.000000000000000000 ) ) ;
#335 = DIRECTION ( 'NONE',  ( -1.000000000000000000, 0.000000000000000000, 0.000000000000000000 ) ) ;
#336 = DIRECTION ( 'NONE',  ( -0.000000000000000000, -1.000000000000000000, -0.000000000000000000 ) ) ;
#337 = LINE ( 'NONE', #1869, #1635 ) ;
#338 = VERTEX_POINT ( 'NONE', #3193 ) ;
#339 = PLANE ( 'NONE',  #3157 ) ;
#340 = UNCERTAINTY_MEASURE_WITH_UNIT (LENGTH_MEASURE( 1.000000000000000082E-05 ), #2760, 'distance_accuracy_value', 'NONE');
#341 = DIRECTION ( 'NONE',  ( 1.000000000000000000, 0.000000000000000000, 0.000000000000000000 ) ) ;
#342 = AXIS2_PLACEMENT_3D ( 'NONE', #1952, #3814, #2230 ) ;
#343 = FACE_OUTER_BOUND ( 'NONE', #2584, .T. ) ;
#344 = EDGE_CURVE ( 'NONE', #586, #1675, #1598, .T. ) ;
#345 = ADVANCED_FACE ( 'NONE', ( #272 ), #3498, .F. ) ;
#346 = VECTOR ( 'NONE', #409, 1000.000000000000000 ) ;
#347 = ORIENTED_EDGE ( 'NONE', *, *, #3530, .F. ) ;
#348 = DIRECTION ( 'NONE',  ( -1.000000000000000000, -0.000000000000000000, -0.000000000000000000 ) ) ;
#349 = VECTOR ( 'NONE', #3854, 1000.000000000000000 ) ;
#350 = CARTESIAN_POINT ( 'NONE',  ( -0.3750000000000000000, 0.05000000000000000278, -0.8999999999999930278 ) ) ;
#351 = FACE_OUTER_BOUND ( 'NONE', #2479, .T. ) ;
#352 = ORIENTED_EDGE ( 'NONE', *, *, #1189, .T. ) ;
#353 = EDGE_CURVE ( 'NONE', #1681, #1439, #2959, .T. ) ;
#354 = FACE_BOUND ( 'NONE', #3942, .T. ) ;
#355 = DIRECTION ( 'NONE',  ( 0.000000000000000000, -1.000000000000000000, 0.000000000000000000 ) ) ;
#356 = DIRECTION ( 'NONE',  ( 1.000000000000000000, 0.000000000000000000, 0.000000000000000000 ) ) ;
#357 = DIRECTION ( 'NONE',  ( -0.000000000000000000, -0.000000000000000000, 1.000000000000000000 ) ) ;
#358 = ORIENTED_EDGE ( 'NONE', *, *, #435, .F. ) ;
#359 = VECTOR ( 'NONE', #2050, 1000.000000000000000 ) ;
#360 = EDGE_LOOP ( 'NONE', ( #1129, #985, #2266, #1656 ) ) ;
#361 = AXIS2_PLACEMENT_3D ( 'NONE', #3847, #1460, #752 ) ;
#362 = VECTOR ( 'NONE', #2072, 1000.000000000000000 ) ;
#363 = DIRECTION ( 'NONE',  ( 0.000000000000000000, -1.000000000000000000, 0.000000000000000000 ) ) ;
#364 = CARTESIAN_POINT ( 'NONE',  ( -0.6249999999999998890, 0.05000000000000000278, 0.1249999999999974049 ) ) ;
#365 = EDGE_CURVE ( 'NONE', #851, #2991, #258, .T. ) ;
#366 = CLOSED_SHELL ( 'NONE', ( #3393, #1127, #2082, #1470, #1752, #679, #1817, #1958, #3735, #1211, #1508, #706, #464, #791 ) ) ;
#367 = CARTESIAN_POINT ( 'NONE',  ( -0.7499999999999997780, 0.6999999999999999556, -0.8500000000000000888 ) ) ;
#368 = VECTOR ( 'NONE', #519, 1000.000000000000000 ) ;
#369 = ADVANCED_FACE ( 'NONE', ( #2970 ), #616, .T. ) ;
#370 = MANIFOLD_SOLID_BREP ( 'Boss-Extrude4[9]', #3074 ) ;
#371 = DIRECTION ( 'NONE',  ( 0.000000000000000000, -0.000000000000000000, -1.000000000000000000 ) ) ;
#372 = VECTOR ( 'NONE', #3340, 1000.000000000000000 ) ;
#373 = ORIENTED_EDGE ( 'NONE', *, *, #1650, .T. ) ;
#374 = DIRECTION ( 'NONE',  ( 1.000000000000000000, 0.000000000000000000, -1.774149009521734959E-14 ) ) ;
#375 = DIRECTION ( 'NONE',  ( -1.000000000000000000, 0.000000000000000000, 0.000000000000000000 ) ) ;
#376 = CARTESIAN_POINT ( 'NONE',  ( -0.8999999999999999112, 0.4216517186829673025, 0.1249999999999974049 ) ) ;
#377 = FACE_OUTER_BOUND ( 'NONE', #1456, .T. ) ;
#378 = ADVANCED_FACE ( 'NONE', ( #197 ), #2709, .T. ) ;
#379 = DIRECTION ( 'NONE',  ( 0.000000000000000000, -1.000000000000000000, 0.000000000000000000 ) ) ;
#380 = VECTOR ( 'NONE', #335, 1000.000000000000000 ) ;
#381 = ORIENTED_EDGE ( 'NONE', *, *, #1518, .T. ) ;
#382 = DIRECTION ( 'NONE',  ( 0.000000000000000000, 0.000000000000000000, -1.000000000000000000 ) ) ;
#383 = SURFACE_STYLE_FILL_AREA ( #231 ) ;
#384 = CARTESIAN_POINT ( 'NONE',  ( 0.000000000000000000, 0.000000000000000000, 0.000000000000000000 ) ) ;
#385 = STYLED_ITEM ( 'NONE', ( #3816 ), #2216 ) ;
#386 = DIRECTION ( 'NONE',  ( 0.000000000000000000, 0.000000000000000000, -1.000000000000000000 ) ) ;
#387 = DIRECTION ( 'NONE',  ( 0.000000000000000000, -1.000000000000000000, 0.000000000000000000 ) ) ;
#388 = FACE_OUTER_BOUND ( 'NONE', #1662, .T. ) ;
#389 = ORIENTED_EDGE ( 'NONE', *, *, #1297, .T. ) ;
#390 = VECTOR ( 'NONE', #3564, 1000.000000000000000 ) ;
#391 = CARTESIAN_POINT ( 'NONE',  ( -0.6250000000000000000, 0.05000000000000002359, -0.6249999999999931166 ) ) ;
#392 = DIRECTION ( 'NONE',  ( -1.000000000000000000, 0.000000000000000000, 0.000000000000000000 ) ) ;
#393 = EDGE_CURVE ( 'NONE', #3710, #2291, #1510, .T. ) ;
#394 = LINE ( 'NONE', #3567, #3129 ) ;
#395 = ORIENTED_EDGE ( 'NONE', *, *, #2169, .T. ) ;
#396 = DIRECTION ( 'NONE',  ( 0.000000000000000000, -1.000000000000000000, 0.000000000000000000 ) ) ;
#397 = EDGE_CURVE ( 'NONE', #131, #2154, #275, .T. ) ;
#398 = LINE ( 'NONE', #3044, #368 ) ;
#399 = DIRECTION ( 'NONE',  ( 0.000000000000000000, -0.000000000000000000, 1.000000000000000000 ) ) ;
#400 = DIRECTION ( 'NONE',  ( 0.000000000000000000, 0.000000000000000000, 1.000000000000000000 ) ) ;
#401 = EDGE_LOOP ( 'NONE', ( #806, #2336, #3606, #3441 ) ) ;
#402 = VERTEX_POINT ( 'NONE', #3957 ) ;
#403 =( NAMED_UNIT ( * ) PLANE_ANGLE_UNIT ( ) SI_UNIT ( $, .RADIAN. ) );
#404 = CARTESIAN_POINT ( 'NONE',  ( -0.9999999999999997780, 0.8000000000000000444, 0.9999999999999997780 ) ) ;
#405 = PLANE ( 'NONE',  #818 ) ;
#406 = LINE ( 'NONE', #1634, #1699 ) ;
#407 = EDGE_CURVE ( 'NONE', #1215, #402, #2954, .T. ) ;
#408 = DIRECTION ( 'NONE',  ( 0.000000000000000000, 1.000000000000000000, 0.000000000000000000 ) ) ;
#409 = DIRECTION ( 'NONE',  ( -1.000000000000000000, 0.000000000000000000, 0.000000000000000000 ) ) ;
#410 = VERTEX_POINT ( 'NONE', #572 ) ;
#411 = AXIS2_PLACEMENT_3D ( 'NONE', #1834, #2151, #1566 ) ;
#412 = LINE ( 'NONE', #3271, #1738 ) ;
#413 = DIRECTION ( 'NONE',  ( -0.000000000000000000, -1.000000000000000000, -0.000000000000000000 ) ) ;
#414 = DIRECTION ( 'NONE',  ( -0.000000000000000000, 1.000000000000000000, 0.000000000000000000 ) ) ;
#415 = VERTEX_POINT ( 'NONE', #2442 ) ;
#416 = VECTOR ( 'NONE', #2892, 1000.000000000000000 ) ;
#417 = CARTESIAN_POINT ( 'NONE',  ( 0.1250000000000000000, 0.05000000000000000278, 0.9000000000000034639 ) ) ;
#418 = ORIENTED_EDGE ( 'NONE', *, *, #3956, .F. ) ;
#419 = DIRECTION ( 'NONE',  ( 1.000000000000000000, 0.000000000000000000, -0.000000000000000000 ) ) ;
#420 = LINE ( 'NONE', #1069, #1672 ) ;
#421 = CARTESIAN_POINT ( 'NONE',  ( 0.6250000000000000000, 0.05000000000000002359, 0.6250000000000000000 ) ) ;
#422 = VERTEX_POINT ( 'NONE', #3024 ) ;
#423 = ORIENTED_EDGE ( 'NONE', *, *, #917, .T. ) ;
#424 = PLANE ( 'NONE',  #69 ) ;
#425 = CARTESIAN_POINT ( 'NONE',  ( -0.1250000000000000000, 0.000000000000000000, -0.8999999999999964695 ) ) ;
#426 = DIRECTION ( 'NONE',  ( -0.000000000000000000, -1.000000000000000000, -0.000000000000000000 ) ) ;
#427 = LINE ( 'NONE', #2310, #1759 ) ;
#428 = DIRECTION ( 'NONE',  ( 1.000000000000000000, 0.000000000000000000, -0.000000000000000000 ) ) ;
#429 = EDGE_LOOP ( 'NONE', ( #3447, #3848, #284, #1492 ) ) ;
#430 = DIRECTION ( 'NONE',  ( -0.000000000000000000, 0.000000000000000000, -1.000000000000000000 ) ) ;
#431 = AXIS2_PLACEMENT_3D ( 'NONE', #1588, #2150, #3140 ) ;
#432 = FACE_OUTER_BOUND ( 'NONE', #1754, .T. ) ;
#433 = ADVANCED_FACE ( 'NONE', ( #2964 ), #3924, .F. ) ;
#434 = SURFACE_SIDE_STYLE ('',( #1375 ) ) ;
#435 = EDGE_CURVE ( 'NONE', #2092, #1955, #1579, .T. ) ;
#436 = CARTESIAN_POINT ( 'NONE',  ( 0.6899999999999999467, 0.6999999999999999556, -0.1500000000000001887 ) ) ;
#437 = VERTEX_POINT ( 'NONE', #1805 ) ;
#438 = DIRECTION ( 'NONE',  ( 0.000000000000000000, 0.000000000000000000, -1.000000000000000000 ) ) ;
#439 = ORIENTED_EDGE ( 'NONE', *, *, #2270, .T. ) ;
#440 = EDGE_CURVE ( 'NONE', #955, #608, #2923, .T. ) ;
#441 = VECTOR ( 'NONE', #511, 1000.000000000000000 ) ;
#442 = CARTESIAN_POINT ( 'NONE',  ( -0.7499999999999997780, 0.8000000000000000444, -0.6499999999999998002 ) ) ;
#443 = ORIENTED_EDGE ( 'NONE', *, *, #2658, .T. ) ;
#444 = VERTEX_POINT ( 'NONE', #2040 ) ;
#445 = LINE ( 'NONE', #631, #3199 ) ;
#446 = PLANE ( 'NONE',  #1731 ) ;
#447 = CARTESIAN_POINT ( 'NONE',  ( 0.6899999999999999467, 0.6999999999999999556, 0.7599999999999997868 ) ) ;
#448 = ORIENTED_EDGE ( 'NONE', *, *, #1606, .F. ) ;
#449 = ORIENTED_EDGE ( 'NONE', *, *, #487, .T. ) ;
#450 = AXIS2_PLACEMENT_3D ( 'NONE', #2183, #2513, #3210 ) ;
#451 = EDGE_CURVE ( 'NONE', #1221, #1295, #288, .T. ) ;
#452 = CARTESIAN_POINT ( 'NONE',  ( 0.3750000000000000000, 0.000000000000000000, -0.6250000000000000000 ) ) ;
#453 = VECTOR ( 'NONE', #972, 1000.000000000000000 ) ;
#454 = VERTEX_POINT ( 'NONE', #548 ) ;
#455 = LINE ( 'NONE', #2894, #3212 ) ;
#456 = DIRECTION ( 'NONE',  ( -0.000000000000000000, -1.000000000000000000, -0.000000000000000000 ) ) ;
#457 = DIRECTION ( 'NONE',  ( 0.000000000000000000, 0.000000000000000000, 1.000000000000000000 ) ) ;
#458 = CARTESIAN_POINT ( 'NONE',  ( -0.6250000000000000000, 0.4216517186829673025, 0.6250000000000069944 ) ) ;
#459 = DIRECTION ( 'NONE',  ( 0.000000000000000000, -1.000000000000000000, 0.000000000000000000 ) ) ;
#460 = SURFACE_STYLE_USAGE ( .BOTH. , #3926 ) ;
#461 = ORIENTED_EDGE ( 'NONE', *, *, #645, .F. ) ;
#462 = VECTOR ( 'NONE', #2642, 1000.000000000000000 ) ;
#463 = LINE ( 'NONE', #2784, #3217 ) ;
#464 = ADVANCED_FACE ( 'NONE', ( #1632 ), #841, .F. ) ;
#465 = DIRECTION ( 'NONE',  ( -0.000000000000000000, -0.000000000000000000, -1.000000000000000000 ) ) ;
#466 = VERTEX_POINT ( 'NONE', #2412 ) ;
#467 = VERTEX_POINT ( 'NONE', #1825 ) ;
#468 = CARTESIAN_POINT ( 'NONE',  ( -0.7499999999999997780, 0.6999999999999999556, -0.7499999999999998890 ) ) ;
#469 = DIRECTION ( 'NONE',  ( 0.000000000000000000, 0.000000000000000000, -1.000000000000000000 ) ) ;
#470 = LINE ( 'NONE', #2107, #3179 ) ;
#471 = DIRECTION ( 'NONE',  ( 1.000000000000000000, -0.000000000000000000, -0.000000000000000000 ) ) ;
#472 = ORIENTED_EDGE ( 'NONE', *, *, #3267, .F. ) ;
#473 = VERTEX_POINT ( 'NONE', #2766 ) ;
#474 = DIRECTION ( 'NONE',  ( 0.000000000000000000, 0.000000000000000000, -1.000000000000000000 ) ) ;
#475 = CARTESIAN_POINT ( 'NONE',  ( -0.1250000000000000000, 0.05000000000000002359, -0.6249999999999965583 ) ) ;
#476 = FACE_OUTER_BOUND ( 'NONE', #796, .T. ) ;
#477 = ORIENTED_EDGE ( 'NONE', *, *, #3646, .F. ) ;
#478 = ORIENTED_EDGE ( 'NONE', *, *, #1748, .T. ) ;
#479 = DIRECTION ( 'NONE',  ( -0.000000000000000000, -1.000000000000000000, -0.000000000000000000 ) ) ;
#480 = DIRECTION ( 'NONE',  ( 1.000000000000000000, -0.000000000000000000, -0.000000000000000000 ) ) ;
#481 = EDGE_CURVE ( 'NONE', #1484, #2783, #1626, .T. ) ;
#482 = COLOUR_RGB ( '',1.000000000000000000, 0.8117647058823529438, 0.5019607843137254832 ) ;
#483 = DIRECTION ( 'NONE',  ( -0.000000000000000000, -0.000000000000000000, -1.000000000000000000 ) ) ;
#484 = CARTESIAN_POINT ( 'NONE',  ( 0.6249999999999958922, 0.05000000000000002359, -0.1250000000000090206 ) ) ;
#485 = ORIENTED_EDGE ( 'NONE', *, *, #2883, .T. ) ;
#486 = CARTESIAN_POINT ( 'NONE',  ( -0.8999999999999999112, 0.05000000000000002359, 0.1249999999999974049 ) ) ;
#487 = EDGE_CURVE ( 'NONE', #2355, #2110, #233, .T. ) ;
#488 = ORIENTED_EDGE ( 'NONE', *, *, #3298, .F. ) ;
#489 =( GEOMETRIC_REPRESENTATION_CONTEXT ( 3 ) GLOBAL_UNCERTAINTY_ASSIGNED_CONTEXT ( ( #1249 ) ) GLOBAL_UNIT_ASSIGNED_CONTEXT ( ( #1111, #3574, #1853 ) ) REPRESENTATION_CONTEXT ( 'NONE', 'WORKASPACE' ) );
#490 = PLANE ( 'NONE',  #2478 ) ;
#491 = ADVANCED_FACE ( 'NONE', ( #1592 ), #1556, .F. ) ;
#492 = EDGE_CURVE ( 'NONE', #2567, #620, #1540, .T. ) ;
#493 = PLANE ( 'NONE',  #2307 ) ;
#494 = AXIS2_PLACEMENT_3D ( 'NONE', #271, #552, #3329 ) ;
#495 = EDGE_CURVE ( 'NONE', #1363, #2838, #2841, .T. ) ;
#496 = ORIENTED_EDGE ( 'NONE', *, *, #3668, .T. ) ;
#497 = ORIENTED_EDGE ( 'NONE', *, *, #3945, .F. ) ;
#498 = DIRECTION ( 'NONE',  ( 0.000000000000000000, -0.000000000000000000, 1.000000000000000000 ) ) ;
#499 = DIRECTION ( 'NONE',  ( 0.000000000000000000, -0.000000000000000000, 1.000000000000000000 ) ) ;
#500 = ORIENTED_EDGE ( 'NONE', *, *, #1297, .F. ) ;
#501 = PLANE ( 'NONE',  #2084 ) ;
#502 = LINE ( 'NONE', #1550, #556 ) ;
#503 = DIRECTION ( 'NONE',  ( -1.000000000000000000, 0.000000000000000000, 0.000000000000000000 ) ) ;
#504 = CARTESIAN_POINT ( 'NONE',  ( 0.6899999999999999467, 0.8000000000000000444, -0.1500000000000001887 ) ) ;
#505 = DIRECTION ( 'NONE',  ( 0.000000000000000000, 0.000000000000000000, -1.000000000000000000 ) ) ;
#506 = CARTESIAN_POINT ( 'NONE',  ( -0.3750000000000000000, 0.4216517186829673025, -0.6249999999999931166 ) ) ;
#507 = ORIENTED_EDGE ( 'NONE', *, *, #969, .T. ) ;
#508 = LINE ( 'NONE', #3549, #1812 ) ;
#509 = ORIENTED_EDGE ( 'NONE', *, *, #3358, .F. ) ;
#510 = ADVANCED_FACE ( 'NONE', ( #2850 ), #3219, .T. ) ;
#511 = DIRECTION ( 'NONE',  ( 1.000000000000000000, 0.000000000000000000, 0.000000000000000000 ) ) ;
#512 = PRESENTATION_LAYER_ASSIGNMENT (  '', '', ( #1988 ) ) ;
#513 = SURFACE_STYLE_FILL_AREA ( #3499 ) ;
#514 = CARTESIAN_POINT ( 'NONE',  ( 0.000000000000000000, 0.05000000000000000278, 0.000000000000000000 ) ) ;
#515 = PLANE ( 'NONE',  #875 ) ;
#516 = ORIENTED_EDGE ( 'NONE', *, *, #3312, .F. ) ;
#517 = CARTESIAN_POINT ( 'NONE',  ( 0.3750000000000000000, 0.05000000000000000278, 0.9000000000000000222 ) ) ;
#518 = AXIS2_PLACEMENT_3D ( 'NONE', #3050, #3955, #1743 ) ;
#519 = DIRECTION ( 'NONE',  ( -1.000000000000000000, 0.000000000000000000, 0.000000000000000000 ) ) ;
#520 = EDGE_CURVE ( 'NONE', #2459, #2966, #215, .T. ) ;
#521 = ORIENTED_EDGE ( 'NONE', *, *, #2044, .T. ) ;
#522 = PLANE ( 'NONE',  #2038 ) ;
#523 = SURFACE_SIDE_STYLE ('',( #2579 ) ) ;
#524 = LINE ( 'NONE', #607, #3136 ) ;
#525 = CARTESIAN_POINT ( 'NONE',  ( 0.000000000000000000, 0.05000000000000000278, 0.000000000000000000 ) ) ;
#526 = SURFACE_SIDE_STYLE ('',( #222 ) ) ;
#527 = CARTESIAN_POINT ( 'NONE',  ( 0.1250000000000000000, 0.05000000000000000278, 0.6250000000000034417 ) ) ;
#528 = ORIENTED_EDGE ( 'NONE', *, *, #305, .F. ) ;
#529 = EDGE_CURVE ( 'NONE', #3658, #2154, #1526, .T. ) ;
#530 = LINE ( 'NONE', #350, #1816 ) ;
#531 = ORIENTED_EDGE ( 'NONE', *, *, #900, .F. ) ;
#532 = VECTOR ( 'NONE', #3605, 1000.000000000000000 ) ;
#533 = PRODUCT_DEFINITION_FORMATION_WITH_SPECIFIED_SOURCE ( 'ANY', '', #3987, .NOT_KNOWN. ) ;
#534 = EDGE_CURVE ( 'NONE', #2118, #2377, #1545, .T. ) ;
#535 = EDGE_CURVE ( 'NONE', #715, #979, #1574, .T. ) ;
#536 = DIRECTION ( 'NONE',  ( -1.000000000000000000, 0.000000000000000000, 0.000000000000000000 ) ) ;
#537 = ORIENTED_EDGE ( 'NONE', *, *, #1604, .T. ) ;
#538 = DIRECTION ( 'NONE',  ( 0.000000000000000000, -1.000000000000000000, 0.000000000000000000 ) ) ;
#539 = LINE ( 'NONE', #3968, #1838 ) ;
#540 =( LENGTH_UNIT ( ) NAMED_UNIT ( * ) SI_UNIT ( .MILLI., .METRE. ) );
#541 = EDGE_LOOP ( 'NONE', ( #3207, #497, #656, #2578 ) ) ;
#542 = DIRECTION ( 'NONE',  ( -1.000000000000000000, 0.000000000000000000, -0.000000000000000000 ) ) ;
#543 = DIRECTION ( 'NONE',  ( 1.000000000000000000, 0.000000000000000000, -0.000000000000000000 ) ) ;
#544 = VECTOR ( 'NONE', #18, 1000.000000000000000 ) ;
#545 = ADVANCED_FACE ( 'NONE', ( #252 ), #2221, .T. ) ;
#546 = CARTESIAN_POINT ( 'NONE',  ( 0.3750000000000000000, 0.000000000000000000, -0.9000000000000000222 ) ) ;
#547 =( NAMED_UNIT ( * ) SI_UNIT ( $, .STERADIAN. ) SOLID_ANGLE_UNIT ( ) );
#548 = CARTESIAN_POINT ( 'NONE',  ( 0.6250000000000000000, 0.000000000000000000, 0.9000000000000000222 ) ) ;
#549 = VERTEX_POINT ( 'NONE', #1042 ) ;
#550 = FACE_OUTER_BOUND ( 'NONE', #219, .T. ) ;
#551 = CARTESIAN_POINT ( 'NONE',  ( -0.3750000000000000000, 0.05000000000000000278, 0.9000000000000069056 ) ) ;
#552 = DIRECTION ( 'NONE',  ( 0.000000000000000000, 1.000000000000000000, 0.000000000000000000 ) ) ;
#553 = AXIS2_PLACEMENT_3D ( 'NONE', #2324, #1089, #3930 ) ;
#554 = DIRECTION ( 'NONE',  ( 1.000000000000000000, -0.000000000000000000, -0.000000000000000000 ) ) ;
#555 = ORIENTED_EDGE ( 'NONE', *, *, #2417, .T. ) ;
#556 = VECTOR ( 'NONE', #3101, 1000.000000000000000 ) ;
#557 = EDGE_CURVE ( 'NONE', #851, #2477, #1584, .T. ) ;
#558 = CARTESIAN_POINT ( 'NONE',  ( -0.2200000000000001399, -0.5869343417595165313, -0.1500000000000001887 ) ) ;
#559 = ORIENTED_EDGE ( 'NONE', *, *, #948, .F. ) ;
#560 = DIRECTION ( 'NONE',  ( 1.000000000000000000, 0.000000000000000000, -0.000000000000000000 ) ) ;
#561 = UNCERTAINTY_MEASURE_WITH_UNIT (LENGTH_MEASURE( 1.000000000000000082E-05 ), #609, 'distance_accuracy_value', 'NONE');
#562 = DIRECTION ( 'NONE',  ( 0.000000000000000000, 0.000000000000000000, -1.000000000000000000 ) ) ;
#563 = FACE_OUTER_BOUND ( 'NONE', #98, .T. ) ;
#564 = DIRECTION ( 'NONE',  ( -0.000000000000000000, 0.000000000000000000, 1.000000000000000000 ) ) ;
#565 = ORIENTED_EDGE ( 'NONE', *, *, #3118, .T. ) ;
#566 =( NAMED_UNIT ( * ) PLANE_ANGLE_UNIT ( ) SI_UNIT ( $, .RADIAN. ) );
#567 = ADVANCED_FACE ( 'NONE', ( #2937 ), #1628, .T. ) ;
#568 = VECTOR ( 'NONE', #3480, 1000.000000000000000 ) ;
#569 = DIRECTION ( 'NONE',  ( -0.000000000000000000, -1.000000000000000000, -0.000000000000000000 ) ) ;
#570 = AXIS2_PLACEMENT_3D ( 'NONE', #3139, #1322, #2227 ) ;
#571 = CARTESIAN_POINT ( 'NONE',  ( 0.1250000000000000000, 0.05000000000000000278, -0.8999999999999964695 ) ) ;
#572 = CARTESIAN_POINT ( 'NONE',  ( -0.2200000000000000289, 0.6999999999999999556, 0.7599999999999997868 ) ) ;
#573 = EDGE_CURVE ( 'NONE', #3542, #3731, #3060, .T. ) ;
#574 = DIRECTION ( 'NONE',  ( -0.000000000000000000, -1.000000000000000000, -0.000000000000000000 ) ) ;
#575 = ORIENTED_EDGE ( 'NONE', *, *, #3350, .T. ) ;
#576 = AXIS2_PLACEMENT_3D ( 'NONE', #3364, #606, #300 ) ;
#577 = LINE ( 'NONE', #3527, #1976 ) ;
#578 = DIRECTION ( 'NONE',  ( 0.000000000000000000, -1.000000000000000000, 0.000000000000000000 ) ) ;
#579 = CARTESIAN_POINT ( 'NONE',  ( -0.6250000000000000000, 0.05000000000000000278, -0.6249999999999931166 ) ) ;
#580 = VERTEX_POINT ( 'NONE', #143 ) ;
#581 = DIRECTION ( 'NONE',  ( 7.372574772901343377E-15, 0.000000000000000000, 1.000000000000000000 ) ) ;
#582 = DIRECTION ( 'NONE',  ( -0.000000000000000000, -1.000000000000000000, -0.000000000000000000 ) ) ;
#583 = EDGE_LOOP ( 'NONE', ( #2090, #1972, #2744, #3277 ) ) ;
#584 = LINE ( 'NONE', #3214, #568 ) ;
#585 = CARTESIAN_POINT ( 'NONE',  ( 0.9999999999999997780, 0.1400000000000000411, 0.9999999999999997780 ) ) ;
#586 = VERTEX_POINT ( 'NONE', #367 ) ;
#587 = DIRECTION ( 'NONE',  ( 0.000000000000000000, -1.000000000000000000, 0.000000000000000000 ) ) ;
#588 = CARTESIAN_POINT ( 'NONE',  ( -0.6249999999999998890, 0.000000000000000000, -0.2749999999999970246 ) ) ;
#589 = VECTOR ( 'NONE', #2627, 1000.000000000000000 ) ;
#590 = CARTESIAN_POINT ( 'NONE',  ( -0.6249999999999998890, 0.05000000000000002359, 0.3749999999999973910 ) ) ;
#591 = DIRECTION ( 'NONE',  ( -0.000000000000000000, -1.000000000000000000, -0.000000000000000000 ) ) ;
#592 = EDGE_LOOP ( 'NONE', ( #1200, #3232, #1235, #2616 ) ) ;
#593 = VECTOR ( 'NONE', #2566, 1000.000000000000000 ) ;
#595 = AXIS2_PLACEMENT_3D ( 'NONE', #514, #1377, #2049 ) ;
#594 = DIRECTION ( 'NONE',  ( 1.000000000000000000, 0.000000000000000000, -0.000000000000000000 ) ) ;
#596 = EDGE_CURVE ( 'NONE', #2290, #2277, #2989, .T. ) ;
#597 = VERTEX_POINT ( 'NONE', #1603 ) ;
#598 = ADVANCED_FACE ( 'NONE', ( #1676 ), #3162, .T. ) ;
#599 = EDGE_CURVE ( 'NONE', #3837, #1866, #1718, .T. ) ;
#600 = CARTESIAN_POINT ( 'NONE',  ( 0.6250000000000000000, 0.000000000000000000, 0.6250000000000000000 ) ) ;
#601 = EDGE_CURVE ( 'NONE', #2190, #114, #3021, .T. ) ;
#602 = VERTEX_POINT ( 'NONE', #3180 ) ;
#603 = CARTESIAN_POINT ( 'NONE',  ( 0.6250000000000000000, 0.05000000000000000278, 0.6250000000000000000 ) ) ;
#604 = DIRECTION ( 'NONE',  ( -1.000000000000000000, 0.000000000000000000, 0.000000000000000000 ) ) ;
#605 = VECTOR ( 'NONE', #3325, 1000.000000000000000 ) ;
#606 = DIRECTION ( 'NONE',  ( 1.000000000000000000, 0.000000000000000000, 0.000000000000000000 ) ) ;
#607 = CARTESIAN_POINT ( 'NONE',  ( -0.2200000000000001399, 0.6999999999999999556, -0.1500000000000001887 ) ) ;
#608 = VERTEX_POINT ( 'NONE', #113 ) ;
#609 =( LENGTH_UNIT ( ) NAMED_UNIT ( * ) SI_UNIT ( .MILLI., .METRE. ) );
#610 = DIRECTION ( 'NONE',  ( -0.000000000000000000, 0.000000000000000000, -1.000000000000000000 ) ) ;
#611 = DIRECTION ( 'NONE',  ( -0.000000000000000000, -1.000000000000000000, -0.000000000000000000 ) ) ;
#612 = FACE_OUTER_BOUND ( 'NONE', #1091, .T. ) ;
#613 = MECHANICAL_DESIGN_GEOMETRIC_PRESENTATION_REPRESENTATION (  '', ( #1927 ), #2820 ) ;
#614 = DIRECTION ( 'NONE',  ( -1.000000000000000000, 0.000000000000000000, 0.000000000000000000 ) ) ;
#615 = EDGE_CURVE ( 'NONE', #3502, #1683, #306, .T. ) ;
#616 = PLANE ( 'NONE',  #2079 ) ;
#617 = VERTEX_POINT ( 'NONE', #2295 ) ;
#618 = LINE ( 'NONE', #60, #628 ) ;
#619 = DIRECTION ( 'NONE',  ( 1.000000000000000000, 0.000000000000000000, -0.000000000000000000 ) ) ;
#620 = VERTEX_POINT ( 'NONE', #3263 ) ;
#621 = ADVANCED_FACE ( 'NONE', ( #343 ), #2661, .F. ) ;
#622 = LINE ( 'NONE', #2289, #1919 ) ;
#623 = CARTESIAN_POINT ( 'NONE',  ( 0.8999999999999958034, 0.05000000000000000278, -0.1250000000000109912 ) ) ;
#624 = ORIENTED_EDGE ( 'NONE', *, *, #3146, .F. ) ;
#625 = DIRECTION ( 'NONE',  ( 0.000000000000000000, 0.000000000000000000, 1.000000000000000000 ) ) ;
#626 = CARTESIAN_POINT ( 'NONE',  ( -0.8999999999999999112, 0.000000000000000000, -0.1249999999999974049 ) ) ;
#627 = CARTESIAN_POINT ( 'NONE',  ( -0.3750000000000000000, 0.05000000000000002359, 0.6250000000000069944 ) ) ;
#628 = VECTOR ( 'NONE', #922, 1000.000000000000000 ) ;
#629 = ADVANCED_FACE ( 'NONE', ( #432 ), #490, .T. ) ;
#630 = CARTESIAN_POINT ( 'NONE',  ( 0.6250000000000000000, 0.000000000000000000, -0.6250000000000000000 ) ) ;
#631 = CARTESIAN_POINT ( 'NONE',  ( -0.9999999999999997780, 0.000000000000000000, -0.9999999999999997780 ) ) ;
#632 = ORIENTED_EDGE ( 'NONE', *, *, #2273, .T. ) ;
#633 =( NAMED_UNIT ( * ) SI_UNIT ( $, .STERADIAN. ) SOLID_ANGLE_UNIT ( ) );
#634 = LINE ( 'NONE', #1807, #3338 ) ;
#635 = CARTESIAN_POINT ( 'NONE',  ( -0.8999999999999999112, 0.05000000000000002359, 0.3749999999999973910 ) ) ;
#636 = DIRECTION ( 'NONE',  ( 0.000000000000000000, -0.000000000000000000, 1.000000000000000000 ) ) ;
#637 =( GEOMETRIC_REPRESENTATION_CONTEXT ( 3 ) GLOBAL_UNCERTAINTY_ASSIGNED_CONTEXT ( ( #3857 ) ) GLOBAL_UNIT_ASSIGNED_CONTEXT ( ( #2304, #1929, #3849 ) ) REPRESENTATION_CONTEXT ( 'NONE', 'WORKASPACE' ) );
#638 = VERTEX_POINT ( 'NONE', #747 ) ;
#639 = VECTOR ( 'NONE', #1534, 1000.000000000000000 ) ;
#640 = DIRECTION ( 'NONE',  ( 0.000000000000000000, -0.000000000000000000, 1.000000000000000000 ) ) ;
#641 = FILL_AREA_STYLE ('',( #1926 ) ) ;
#642 = DIRECTION ( 'NONE',  ( 0.000000000000000000, 0.000000000000000000, 1.000000000000000000 ) ) ;
#643 = ORIENTED_EDGE ( 'NONE', *, *, #3607, .F. ) ;
#644 = FACE_OUTER_BOUND ( 'NONE', #2670, .T. ) ;
#645 = EDGE_CURVE ( 'NONE', #131, #121, #420, .T. ) ;
#646 = DIRECTION ( 'NONE',  ( -0.000000000000000000, 1.000000000000000000, 0.000000000000000000 ) ) ;
#647 = ORIENTED_EDGE ( 'NONE', *, *, #2721, .F. ) ;
#648 = ADVANCED_FACE ( 'NONE', ( #3081 ), #1437, .F. ) ;
#649 = DIRECTION ( 'NONE',  ( 1.000000000000000000, 0.000000000000000000, 0.000000000000000000 ) ) ;
#650 = FACE_OUTER_BOUND ( 'NONE', #3355, .T. ) ;
#651 = EDGE_CURVE ( 'NONE', #3471, #891, #1764, .T. ) ;
#652 = CARTESIAN_POINT ( 'NONE',  ( 0.6250000000000000000, 0.05000000000000000278, -0.6250000000000000000 ) ) ;
#653 = DIRECTION ( 'NONE',  ( 1.000000000000000000, 0.000000000000000000, 0.000000000000000000 ) ) ;
#654 = AXIS2_PLACEMENT_3D ( 'NONE', #1797, #3448, #3017 ) ;
#655 = EDGE_CURVE ( 'NONE', #2092, #3407, #3070, .T. ) ;
#656 = ORIENTED_EDGE ( 'NONE', *, *, #1367, .T. ) ;
#657 = FILL_AREA_STYLE_COLOUR ( '', #3018 ) ;
#658 = FACE_OUTER_BOUND ( 'NONE', #2101, .T. ) ;
#659 = EDGE_CURVE ( 'NONE', #1683, #3938, #412, .T. ) ;
#660 = VERTEX_POINT ( 'NONE', #2204 ) ;
#661 = CARTESIAN_POINT ( 'NONE',  ( 0.9999999999999997780, 0.8000000000000000444, -0.9999999999999997780 ) ) ;
#662 = VECTOR ( 'NONE', #3286, 1000.000000000000000 ) ;
#663 = DIRECTION ( 'NONE',  ( -0.000000000000000000, -1.000000000000000000, -0.000000000000000000 ) ) ;
#664 = DIRECTION ( 'NONE',  ( 0.000000000000000000, -0.000000000000000000, -1.000000000000000000 ) ) ;
#665 = ORIENTED_EDGE ( 'NONE', *, *, #3720, .F. ) ;
#666 = LINE ( 'NONE', #3780, #605 ) ;
#667 = CARTESIAN_POINT ( 'NONE',  ( 0.1250000000000000000, 0.000000000000000000, 0.9000000000000034639 ) ) ;
#668 = DIRECTION ( 'NONE',  ( 0.000000000000000000, 0.000000000000000000, -1.000000000000000000 ) ) ;
#669 = DIRECTION ( 'NONE',  ( -1.000000000000000000, 0.000000000000000000, 0.000000000000000000 ) ) ;
#670 = ORIENTED_EDGE ( 'NONE', *, *, #2322, .T. ) ;
#671 = PLANE ( 'NONE',  #3522 ) ;
#672 = PRESENTATION_STYLE_ASSIGNMENT (( #2768 ) ) ;
#673 = DIRECTION ( 'NONE',  ( 0.000000000000000000, -1.000000000000000000, 0.000000000000000000 ) ) ;
#674 = AXIS2_PLACEMENT_3D ( 'NONE', #468, #2195, #2602 ) ;
#675 = CARTESIAN_POINT ( 'NONE',  ( -0.8999999999999999112, 0.05000000000000000278, 0.3749999999999973910 ) ) ;
#676 = DIRECTION ( 'NONE',  ( -0.000000000000000000, 1.000000000000000000, -0.000000000000000000 ) ) ;
#677 = CARTESIAN_POINT ( 'NONE',  ( -0.6249999999999998890, 0.05000000000000000278, -0.2749999999999966915 ) ) ;
#678 = ORIENTED_EDGE ( 'NONE', *, *, #3657, .T. ) ;
#679 = ADVANCED_FACE ( 'NONE', ( #2996, #354, #3119 ), #405, .F. ) ;
#680 = DIRECTION ( 'NONE',  ( 0.000000000000000000, 0.000000000000000000, 1.000000000000000000 ) ) ;
#681 = VECTOR ( 'NONE', #471, 1000.000000000000000 ) ;
#682 = CARTESIAN_POINT ( 'NONE',  ( 0.1250000000000000000, 0.05000000000000002359, -0.6249999999999965583 ) ) ;
#683 = ORIENTED_EDGE ( 'NONE', *, *, #1496, .F. ) ;
#684 = DIRECTION ( 'NONE',  ( 0.000000000000000000, -1.000000000000000000, 0.000000000000000000 ) ) ;
#685 = UNCERTAINTY_MEASURE_WITH_UNIT (LENGTH_MEASURE( 1.000000000000000082E-05 ), #3626, 'distance_accuracy_value', 'NONE');
#686 = LINE ( 'NONE', #1443, #3389 ) ;
#687 = DIRECTION ( 'NONE',  ( -1.000000000000000000, 0.000000000000000000, 0.000000000000000000 ) ) ;
#688 = ORIENTED_EDGE ( 'NONE', *, *, #2385, .T. ) ;
#689 = LINE ( 'NONE', #2790, #2048 ) ;
#690 = EDGE_CURVE ( 'NONE', #257, #2234, #398, .T. ) ;
#691 = CARTESIAN_POINT ( 'NONE',  ( -0.9999999999999997780, 0.8000000000000000444, -0.9999999999999997780 ) ) ;
#692 = ORIENTED_EDGE ( 'NONE', *, *, #3276, .T. ) ;
#693 =( LENGTH_UNIT ( ) NAMED_UNIT ( * ) SI_UNIT ( .MILLI., .METRE. ) );
#694 = CARTESIAN_POINT ( 'NONE',  ( -0.8999999999999999112, 0.000000000000000000, 0.3749999999999973910 ) ) ;
#695 = FACE_OUTER_BOUND ( 'NONE', #2312, .T. ) ;
#696 = AXIS2_PLACEMENT_3D ( 'NONE', #2922, #2550, #1616 ) ;
#697 = DIRECTION ( 'NONE',  ( -0.000000000000000000, 1.000000000000000000, -0.000000000000000000 ) ) ;
#698 = EDGE_CURVE ( 'NONE', #1479, #3065, #1749, .T. ) ;
#699 = EDGE_CURVE ( 'NONE', #1683, #131, #1727, .T. ) ;
#700 = EDGE_LOOP ( 'NONE', ( #2630, #1830, #870, #721 ) ) ;
#701 = CARTESIAN_POINT ( 'NONE',  ( -0.6250000000000000000, 0.000000000000000000, -0.8999999999999930278 ) ) ;
#702 = LINE ( 'NONE', #26, #746 ) ;
#703 = CARTESIAN_POINT ( 'NONE',  ( -0.8999999999999999112, 0.05000000000000000278, 0.3749999999999973910 ) ) ;
#704 = CARTESIAN_POINT ( 'NONE',  ( -0.9999999999999997780, 0.000000000000000000, 0.9999999999999997780 ) ) ;
#705 = ORIENTED_EDGE ( 'NONE', *, *, #2869, .F. ) ;
#706 = ADVANCED_FACE ( 'NONE', ( #1755 ), #1489, .F. ) ;
#707 = CARTESIAN_POINT ( 'NONE',  ( 0.6249999999999998890, 0.05000000000000002359, 0.3749999999999973910 ) ) ;
#708 = LINE ( 'NONE', #3536, #2103 ) ;
#709 = CARTESIAN_POINT ( 'NONE',  ( -0.1250000000000000000, 0.000000000000000000, -0.6249999999999965583 ) ) ;
#710 = CARTESIAN_POINT ( 'NONE',  ( 0.6250000000000000000, 0.05000000000000000278, -0.9000000000000000222 ) ) ;
#711 = PLANE ( 'NONE',  #3871 ) ;
#712 = ORIENTED_EDGE ( 'NONE', *, *, #2487, .T. ) ;
#713 = VECTOR ( 'NONE', #762, 1000.000000000000000 ) ;
#714 = CARTESIAN_POINT ( 'NONE',  ( -0.1250000000000000000, 0.05000000000000000278, 0.6250000000000034417 ) ) ;
#715 = VERTEX_POINT ( 'NONE', #3421 ) ;
#716 = DIRECTION ( 'NONE',  ( 1.000000000000000000, 0.000000000000000000, -0.000000000000000000 ) ) ;
#717 = FACE_OUTER_BOUND ( 'NONE', #2102, .T. ) ;
#718 = DIRECTION ( 'NONE',  ( 1.000000000000000000, 0.000000000000000000, -3.232893750683992730E-14 ) ) ;
#719 = CARTESIAN_POINT ( 'NONE',  ( 0.9999999999999997780, 0.8000000000000000444, 0.9999999999999997780 ) ) ;
#720 = EDGE_CURVE ( 'NONE', #3853, #1199, #1740, .T. ) ;
#721 = ORIENTED_EDGE ( 'NONE', *, *, #2371, .F. ) ;
#722 = DIRECTION ( 'NONE',  ( 0.000000000000000000, -0.000000000000000000, -1.000000000000000000 ) ) ;
#723 = VECTOR ( 'NONE', #3632, 1000.000000000000000 ) ;
#724 = EDGE_CURVE ( 'NONE', #2830, #2690, #1665, .T. ) ;
#725 = PLANE ( 'NONE',  #848 ) ;
#726 = CARTESIAN_POINT ( 'NONE',  ( -0.3750000000000000000, 0.4216517186829673025, 0.6250000000000069944 ) ) ;
#727 = VERTEX_POINT ( 'NONE', #206 ) ;
#728 = CARTESIAN_POINT ( 'NONE',  ( -0.8999999999999999112, 0.05000000000000002359, -0.1249999999999974049 ) ) ;
#729 = VECTOR ( 'NONE', #785, 1000.000000000000000 ) ;
#730 = CARTESIAN_POINT ( 'NONE',  ( -0.6250000000000000000, 0.000000000000000000, 0.6250000000000069944 ) ) ;
#731 = AXIS2_PLACEMENT_3D ( 'NONE', #3983, #3596, #1555 ) ;
#732 = EDGE_CURVE ( 'NONE', #815, #1562, #427, .T. ) ;
#733 = DIRECTION ( 'NONE',  ( 0.000000000000000000, 0.000000000000000000, 1.000000000000000000 ) ) ;
#734 = ORIENTED_EDGE ( 'NONE', *, *, #2229, .T. ) ;
#735 = ADVANCED_FACE ( 'NONE', ( #3078 ), #2990, .T. ) ;
#736 = FACE_OUTER_BOUND ( 'NONE', #884, .T. ) ;
#737 = PRESENTATION_LAYER_ASSIGNMENT (  '', '', ( #1608 ) ) ;
#738 = CARTESIAN_POINT ( 'NONE',  ( -0.6249999999999998890, 0.000000000000000000, -0.1249999999999974049 ) ) ;
#739 = ORIENTED_EDGE ( 'NONE', *, *, #2322, .F. ) ;
#740 = CARTESIAN_POINT ( 'NONE',  ( -0.1250000000000000000, 0.000000000000000000, 0.6250000000000034417 ) ) ;
#741 = VECTOR ( 'NONE', #2334, 1000.000000000000000 ) ;
#742 = CARTESIAN_POINT ( 'NONE',  ( -0.6249999999999998890, 0.05000000000000000278, -0.1249999999999974049 ) ) ;
#743 = DIRECTION ( 'NONE',  ( -0.000000000000000000, 1.000000000000000000, -0.000000000000000000 ) ) ;
#744 = EDGE_LOOP ( 'NONE', ( #3653, #3812, #2296, #389 ) ) ;
#745 = MANIFOLD_SOLID_BREP ( 'Boss-Extrude4[2]', #1995 ) ;
#746 = VECTOR ( 'NONE', #336, 1000.000000000000000 ) ;
#747 = CARTESIAN_POINT ( 'NONE',  ( 0.1250000000000000000, 0.05000000000000002359, 0.9000000000000034639 ) ) ;
#748 = ORIENTED_EDGE ( 'NONE', *, *, #3597, .F. ) ;
#749 = CARTESIAN_POINT ( 'NONE',  ( -0.9999999999999997780, 0.8000000000000000444, 0.9999999999999997780 ) ) ;
#750 = LINE ( 'NONE', #224, #2031 ) ;
#751 = AXIS2_PLACEMENT_3D ( 'NONE', #1500, #3390, #1852 ) ;
#752 = DIRECTION ( 'NONE',  ( 0.000000000000000000, 0.000000000000000000, -1.000000000000000000 ) ) ;
#753 = CARTESIAN_POINT ( 'NONE',  ( -0.3750000000000000000, 0.05000000000000000278, 0.6250000000000069944 ) ) ;
#754 = ORIENTED_EDGE ( 'NONE', *, *, #3646, .T. ) ;
#755 = ORIENTED_EDGE ( 'NONE', *, *, #535, .T. ) ;
#756 = LINE ( 'NONE', #1172, #2121 ) ;
#757 = AXIS2_PLACEMENT_3D ( 'NONE', #2689, #3244, #3009 ) ;
#758 = DIRECTION ( 'NONE',  ( 1.000000000000000000, -0.000000000000000000, 0.000000000000000000 ) ) ;
#759 = EDGE_CURVE ( 'NONE', #1664, #2355, #406, .T. ) ;
#760 = ORIENTED_EDGE ( 'NONE', *, *, #2668, .F. ) ;
#761 = ADVANCED_FACE ( 'NONE', ( #1732 ), #989, .T. ) ;
#762 = DIRECTION ( 'NONE',  ( -1.000000000000000000, 0.000000000000000000, 0.000000000000000000 ) ) ;
#763 = LINE ( 'NONE', #1734, #3385 ) ;
#764 = ORIENTED_EDGE ( 'NONE', *, *, #317, .T. ) ;
#765 = ORIENTED_EDGE ( 'NONE', *, *, #1684, .T. ) ;
#766 = CARTESIAN_POINT ( 'NONE',  ( 0.6249999999999998890, 0.000000000000000000, 0.3749999999999973910 ) ) ;
#767 = FACE_OUTER_BOUND ( 'NONE', #2895, .T. ) ;
#768 = AXIS2_PLACEMENT_3D ( 'NONE', #2231, #2342, #954 ) ;
#769 = EDGE_LOOP ( 'NONE', ( #1940, #2181, #1546, #2145 ) ) ;
#770 = ORIENTED_EDGE ( 'NONE', *, *, #961, .F. ) ;
#771 = CARTESIAN_POINT ( 'NONE',  ( -0.2200000000000001399, 0.8000000000000000444, -0.1500000000000001887 ) ) ;
#772 = FACE_OUTER_BOUND ( 'NONE', #1335, .T. ) ;
#773 = AXIS2_PLACEMENT_3D ( 'NONE', #2215, #3743, #2904 ) ;
#774 = CARTESIAN_POINT ( 'NONE',  ( 0.6899999999999999467, 0.8000000000000000444, 0.7599999999999997868 ) ) ;
#775 = EDGE_CURVE ( 'NONE', #2604, #3097, #3029, .T. ) ;
#776 = CARTESIAN_POINT ( 'NONE',  ( -0.6250000000000000000, 0.000000000000000000, -0.6249999999999931166 ) ) ;
#777 = EDGE_CURVE ( 'NONE', #1433, #1439, #1692, .T. ) ;
#778 = VERTEX_POINT ( 'NONE', #2421 ) ;
#779 = VERTEX_POINT ( 'NONE', #2837 ) ;
#780 = SURFACE_STYLE_USAGE ( .BOTH. , #1463 ) ;
#781 = FACE_OUTER_BOUND ( 'NONE', #2196, .T. ) ;
#782 = CARTESIAN_POINT ( 'NONE',  ( 0.6250000000000000000, 0.4216517186829673025, -0.6250000000000000000 ) ) ;
#783 = ADVANCED_FACE ( 'NONE', ( #3043 ), #1881, .T. ) ;
#784 = ORIENTED_EDGE ( 'NONE', *, *, #251, .F. ) ;
#785 = DIRECTION ( 'NONE',  ( 0.000000000000000000, -1.000000000000000000, 0.000000000000000000 ) ) ;
#786 = LINE ( 'NONE', #1680, #2099 ) ;
#787 = PLANE ( 'NONE',  #2982 ) ;
#788 = FILL_AREA_STYLE ('',( #2144 ) ) ;
#789 = PLANE ( 'NONE',  #1905 ) ;
#790 = ORIENTED_EDGE ( 'NONE', *, *, #2365, .F. ) ;
#791 = ADVANCED_FACE ( 'NONE', ( #377 ), #3093, .T. ) ;
#792 = ORIENTED_EDGE ( 'NONE', *, *, #2826, .F. ) ;
#793 = PLANE ( 'NONE',  #2945 ) ;
#794 = VECTOR ( 'NONE', #569, 1000.000000000000000 ) ;
#795 = ORIENTED_EDGE ( 'NONE', *, *, #1020, .T. ) ;
#796 = EDGE_LOOP ( 'NONE', ( #2622, #2734, #97, #3269 ) ) ;
#797 = LINE ( 'NONE', #2115, #2027 ) ;
#798 =( NAMED_UNIT ( * ) PLANE_ANGLE_UNIT ( ) SI_UNIT ( $, .RADIAN. ) );
#799 = DIRECTION ( 'NONE',  ( -0.000000000000000000, 1.000000000000000000, 0.000000000000000000 ) ) ;
#800 = CARTESIAN_POINT ( 'NONE',  ( 0.1250000000000000000, 0.05000000000000000278, -0.6249999999999965583 ) ) ;
#801 = ORIENTED_EDGE ( 'NONE', *, *, #535, .F. ) ;
#802 = ORIENTED_EDGE ( 'NONE', *, *, #204, .F. ) ;
#803 =( NAMED_UNIT ( * ) PLANE_ANGLE_UNIT ( ) SI_UNIT ( $, .RADIAN. ) );
#804 = EDGE_CURVE ( 'NONE', #195, #2715, #1708, .T. ) ;
#805 = VERTEX_POINT ( 'NONE', #3730 ) ;
#806 = ORIENTED_EDGE ( 'NONE', *, *, #3508, .T. ) ;
#807 = PLANE ( 'NONE',  #518 ) ;
#808 = LINE ( 'NONE', #150, #828 ) ;
#809 = CARTESIAN_POINT ( 'NONE',  ( 0.3750000000000000000, 0.4216517186829673025, -0.9000000000000000222 ) ) ;
#810 = CARTESIAN_POINT ( 'NONE',  ( -0.9999999999999997780, 0.8000000000000000444, -0.9999999999999997780 ) ) ;
#811 = CARTESIAN_POINT ( 'NONE',  ( 0.3750000000000000000, 0.000000000000000000, 0.6250000000000000000 ) ) ;
#812 = ADVANCED_FACE ( 'NONE', ( #1713 ), #3144, .T. ) ;
#813 = UNCERTAINTY_MEASURE_WITH_UNIT (LENGTH_MEASURE( 1.000000000000000082E-05 ), #2453, 'distance_accuracy_value', 'NONE');
#814 = EDGE_CURVE ( 'NONE', #3853, #2858, #1896, .T. ) ;
#815 = VERTEX_POINT ( 'NONE', #3402 ) ;
#816 = VERTEX_POINT ( 'NONE', #3354 ) ;
#817 = DIRECTION ( 'NONE',  ( 0.000000000000000000, 1.000000000000000000, 0.000000000000000000 ) ) ;
#818 = AXIS2_PLACEMENT_3D ( 'NONE', #1793, #1953, #664 ) ;
#819 = CARTESIAN_POINT ( 'NONE',  ( 0.8999999999999999112, 0.05000000000000002359, 0.1249999999999974049 ) ) ;
#820 = EDGE_CURVE ( 'NONE', #3182, #3971, #539, .T. ) ;
#821 = CARTESIAN_POINT ( 'NONE',  ( -0.8999999999999999112, 0.000000000000000000, 0.1249999999999974049 ) ) ;
#822 = EDGE_LOOP ( 'NONE', ( #2807, #877, #802, #235 ) ) ;
#823 = AXIS2_PLACEMENT_3D ( 'NONE', #2133, #328, #3379 ) ;
#824 = ADVANCED_FACE ( 'NONE', ( #3192 ), #1613, .T. ) ;
#825 = ORIENTED_EDGE ( 'NONE', *, *, #2088, .F. ) ;
#826 = EDGE_CURVE ( 'NONE', #2477, #617, #3227, .T. ) ;
#827 = DIRECTION ( 'NONE',  ( -1.000000000000000000, 0.000000000000000000, 0.000000000000000000 ) ) ;
#828 = VECTOR ( 'NONE', #2613, 1000.000000000000000 ) ;
#829 = EDGE_CURVE ( 'NONE', #1894, #2523, #3234, .T. ) ;
#830 = PLANE ( 'NONE',  #1053 ) ;
#831 = DIRECTION ( 'NONE',  ( 0.000000000000000000, -1.000000000000000000, 0.000000000000000000 ) ) ;
#832 = CARTESIAN_POINT ( 'NONE',  ( 0.8999999999999958034, 0.000000000000000000, -0.1250000000000109912 ) ) ;
#833 = ORIENTED_EDGE ( 'NONE', *, *, #3142, .T. ) ;
#834 = VECTOR ( 'NONE', #1703, 1000.000000000000000 ) ;
#835 = DIRECTION ( 'NONE',  ( -0.000000000000000000, -0.000000000000000000, -1.000000000000000000 ) ) ;
#836 = VERTEX_POINT ( 'NONE', #3374 ) ;
#837 = DIRECTION ( 'NONE',  ( 0.000000000000000000, -0.000000000000000000, 1.000000000000000000 ) ) ;
#838 = LINE ( 'NONE', #1686, #2247 ) ;
#839 = LINE ( 'NONE', #1729, #2237 ) ;
#840 = DIRECTION ( 'NONE',  ( -1.000000000000000000, -0.000000000000000000, -0.000000000000000000 ) ) ;
#841 = PLANE ( 'NONE',  #3392 ) ;
#842 = DIRECTION ( 'NONE',  ( 0.000000000000000000, -1.000000000000000000, 0.000000000000000000 ) ) ;
#843 = ORIENTED_EDGE ( 'NONE', *, *, #804, .F. ) ;
#844 = VERTEX_POINT ( 'NONE', #2127 ) ;
#845 = CARTESIAN_POINT ( 'NONE',  ( 0.000000000000000000, 0.8000000000000000444, 0.000000000000000000 ) ) ;
#846 = FACE_OUTER_BOUND ( 'NONE', #230, .T. ) ;
#847 = CARTESIAN_POINT ( 'NONE',  ( 0.8999999999999958034, 0.4216517186829673025, -0.1250000000000109912 ) ) ;
#848 = AXIS2_PLACEMENT_3D ( 'NONE', #1402, #1709, #1313 ) ;
#849 = ADVANCED_FACE ( 'NONE', ( #563 ), #1153, .F. ) ;
#850 = ORIENTED_EDGE ( 'NONE', *, *, #172, .F. ) ;
#851 = VERTEX_POINT ( 'NONE', #2448 ) ;
#852 = COLOUR_RGB ( '',1.000000000000000000, 0.8117647058823529438, 0.5019607843137254832 ) ;
#853 = LINE ( 'NONE', #3259, #2185 ) ;
#854 = EDGE_CURVE ( 'NONE', #3382, #3670, #530, .T. ) ;
#855 = PLANE ( 'NONE',  #936 ) ;
#856 = AXIS2_PLACEMENT_3D ( 'NONE', #3520, #3022, #3923 ) ;
#857 = VERTEX_POINT ( 'NONE', #927 ) ;
#858 = ORIENTED_EDGE ( 'NONE', *, *, #344, .T. ) ;
#859 = FILL_AREA_STYLE ('',( #330 ) ) ;
#860 = LINE ( 'NONE', #2574, #2205 ) ;
#861 = VECTOR ( 'NONE', #1082, 1000.000000000000000 ) ;
#862 = DIRECTION ( 'NONE',  ( 0.000000000000000000, 0.000000000000000000, -1.000000000000000000 ) ) ;
#863 = EDGE_LOOP ( 'NONE', ( #784, #1818, #2974, #92 ) ) ;
#864 = ORIENTED_EDGE ( 'NONE', *, *, #3895, .F. ) ;
#865 = LINE ( 'NONE', #452, #3575 ) ;
#866 = FACE_BOUND ( 'NONE', #3867, .T. ) ;
#867 = CARTESIAN_POINT ( 'NONE',  ( 0.8999999999999999112, 0.000000000000000000, 0.1249999999999974049 ) ) ;
#868 = EDGE_CURVE ( 'NONE', #991, #3698, #1868, .T. ) ;
#869 = AXIS2_PLACEMENT_3D ( 'NONE', #691, #3189, #428 ) ;
#870 = ORIENTED_EDGE ( 'NONE', *, *, #71, .T. ) ;
#871 = ORIENTED_EDGE ( 'NONE', *, *, #3783, .F. ) ;
#872 = PLANE ( 'NONE',  #1287 ) ;
#873 = VECTOR ( 'NONE', #1101, 1000.000000000000000 ) ;
#874 = FACE_BOUND ( 'NONE', #998, .T. ) ;
#875 = AXIS2_PLACEMENT_3D ( 'NONE', #3096, #536, #1300 ) ;
#876 = CARTESIAN_POINT ( 'NONE',  ( 0.6250000000000000000, 0.000000000000000000, 0.6250000000000000000 ) ) ;
#877 = ORIENTED_EDGE ( 'NONE', *, *, #451, .F. ) ;
#878 = DIRECTION ( 'NONE',  ( 0.000000000000000000, 1.000000000000000000, 0.000000000000000000 ) ) ;
#879 = LINE ( 'NONE', #2953, #3568 ) ;
#880 = DIRECTION ( 'NONE',  ( 0.000000000000000000, 1.000000000000000000, 0.000000000000000000 ) ) ;
#881 = ADVANCED_FACE ( 'NONE', ( #550 ), #1933, .F. ) ;
#882 = DIRECTION ( 'NONE',  ( 7.372574772901430151E-15, 0.000000000000000000, 1.000000000000000000 ) ) ;
#883 = CARTESIAN_POINT ( 'NONE',  ( 0.6250000000000000000, 0.05000000000000002359, 0.6250000000000000000 ) ) ;
#884 = EDGE_LOOP ( 'NONE', ( #2303, #3615, #315, #1055 ) ) ;
#885 = CARTESIAN_POINT ( 'NONE',  ( 0.6249999999999998890, 0.000000000000000000, 0.1249999999999974049 ) ) ;
#886 = FACE_OUTER_BOUND ( 'NONE', #2052, .T. ) ;
#887 = CARTESIAN_POINT ( 'NONE',  ( 0.000000000000000000, 0.000000000000000000, 0.000000000000000000 ) ) ;
#888 = VECTOR ( 'NONE', #3302, 1000.000000000000000 ) ;
#889 = DIRECTION ( 'NONE',  ( -0.000000000000000000, -1.000000000000000000, -0.000000000000000000 ) ) ;
#890 = CARTESIAN_POINT ( 'NONE',  ( -0.6250000000000000000, 0.000000000000000000, -0.6249999999999931166 ) ) ;
#891 = VERTEX_POINT ( 'NONE', #3760 ) ;
#892 = ADVANCED_FACE ( 'NONE', ( #1854 ), #100, .F. ) ;
#893 = VECTOR ( 'NONE', #1149, 1000.000000000000000 ) ;
#894 = VECTOR ( 'NONE', #2267, 1000.000000000000000 ) ;
#895 = DIRECTION ( 'NONE',  ( 0.000000000000000000, 0.000000000000000000, 1.000000000000000000 ) ) ;
#896 = DIRECTION ( 'NONE',  ( -0.000000000000000000, 0.000000000000000000, -1.000000000000000000 ) ) ;
#897 = ORIENTED_EDGE ( 'NONE', *, *, #2995, .T. ) ;
#898 = PRESENTATION_LAYER_ASSIGNMENT (  '', '', ( #1341 ) ) ;
#899 = LINE ( 'NONE', #753, #2193 ) ;
#900 = EDGE_CURVE ( 'NONE', #3684, #454, #455, .T. ) ;
#901 = CARTESIAN_POINT ( 'NONE',  ( 0.000000000000000000, 0.05000000000000000278, 0.000000000000000000 ) ) ;
#902 = CARTESIAN_POINT ( 'NONE',  ( 0.1250000000000000000, 0.000000000000000000, -0.8999999999999964695 ) ) ;
#903 = PLANE ( 'NONE',  #431 ) ;
#904 = ORIENTED_EDGE ( 'NONE', *, *, #3399, .F. ) ;
#905 = EDGE_CURVE ( 'NONE', #1269, #1557, #3203, .T. ) ;
#906 = DIRECTION ( 'NONE',  ( 0.000000000000000000, 0.000000000000000000, 1.000000000000000000 ) ) ;
#907 = LINE ( 'NONE', #2933, #3611 ) ;
#908 =( NAMED_UNIT ( * ) SI_UNIT ( $, .STERADIAN. ) SOLID_ANGLE_UNIT ( ) );
#909 = EDGE_CURVE ( 'NONE', #2443, #466, #1789, .T. ) ;
#910 = DIRECTION ( 'NONE',  ( 1.000000000000000000, 0.000000000000000000, -0.000000000000000000 ) ) ;
#911 = ORIENTED_EDGE ( 'NONE', *, *, #1684, .F. ) ;
#912 = CARTESIAN_POINT ( 'NONE',  ( 0.6899999999999999467, 0.8000000000000000444, -0.1500000000000001887 ) ) ;
#913 = LINE ( 'NONE', #1450, #1004 ) ;
#914 = ADVANCED_FACE ( 'NONE', ( #1892 ), #1334, .F. ) ;
#915 = ORIENTED_EDGE ( 'NONE', *, *, #3569, .T. ) ;
#916 = AXIS2_PLACEMENT_3D ( 'NONE', #82, #3154, #862 ) ;
#917 = EDGE_CURVE ( 'NONE', #2477, #3141, #524, .T. ) ;
#918 = LINE ( 'NONE', #3400, #3590 ) ;
#919 = DIRECTION ( 'NONE',  ( -1.000000000000000000, 0.000000000000000000, 1.951563910473977401E-14 ) ) ;
#920 = STYLED_ITEM ( 'NONE', ( #2538 ), #24 ) ;
#921 = CARTESIAN_POINT ( 'NONE',  ( -0.7499999999999997780, 0.6999999999999999556, -0.7499999999999998890 ) ) ;
#922 = DIRECTION ( 'NONE',  ( -1.000000000000000000, 0.000000000000000000, 0.000000000000000000 ) ) ;
#923 = EDGE_LOOP ( 'NONE', ( #347, #2976, #2386, #3066 ) ) ;
#924 = VECTOR ( 'NONE', #2058, 1000.000000000000000 ) ;
#925 = CARTESIAN_POINT ( 'NONE',  ( 0.6250000000000000000, 0.000000000000000000, -0.6250000000000000000 ) ) ;
#926 = EDGE_LOOP ( 'NONE', ( #2821, #2654, #3647, #3680 ) ) ;
#927 = CARTESIAN_POINT ( 'NONE',  ( 0.3750000000000000000, 0.05000000000000000278, 0.9000000000000000222 ) ) ;
#928 = COLOUR_RGB ( '',0.7921568627450980005, 0.8196078431372548767, 0.9333333333333333481 ) ;
#929 = VECTOR ( 'NONE', #835, 1000.000000000000000 ) ;
#930 = CARTESIAN_POINT ( 'NONE',  ( 0.6899999999999999467, 0.8000000000000000444, 0.7599999999999997868 ) ) ;
#931 = CARTESIAN_POINT ( 'NONE',  ( -0.6249999999999998890, 0.05000000000000000278, -0.1249999999999974049 ) ) ;
#932 = VERTEX_POINT ( 'NONE', #3771 ) ;
#933 = SURFACE_STYLE_USAGE ( .BOTH. , #2188 ) ;
#934 = DIRECTION ( 'NONE',  ( 0.000000000000000000, -0.000000000000000000, 1.000000000000000000 ) ) ;
#935 = VECTOR ( 'NONE', #2993, 1000.000000000000000 ) ;
#936 = AXIS2_PLACEMENT_3D ( 'NONE', #1837, #2423, #2778 ) ;
#937 = SURFACE_SIDE_STYLE ('',( #1655 ) ) ;
#938 = ORIENTED_EDGE ( 'NONE', *, *, #3810, .T. ) ;
#939 = VERTEX_POINT ( 'NONE', #3431 ) ;
#940 = LINE ( 'NONE', #404, #3566 ) ;
#941 = LINE ( 'NONE', #364, #2301 ) ;
#942 = CARTESIAN_POINT ( 'NONE',  ( -0.6250000000000000000, 0.05000000000000002359, 0.6250000000000069944 ) ) ;
#943 = CARTESIAN_POINT ( 'NONE',  ( 0.000000000000000000, 0.05000000000000000278, 0.000000000000000000 ) ) ;
#944 = AXIS2_PLACEMENT_3D ( 'NONE', #3451, #910, #2842 ) ;
#945 = ADVANCED_FACE ( 'NONE', ( #3143 ), #2521, .F. ) ;
#946 = CARTESIAN_POINT ( 'NONE',  ( -0.6250000000000000000, 0.000000000000000000, -0.6249999999999931166 ) ) ;
#947 = EDGE_LOOP ( 'NONE', ( #2758, #2047, #734, #2056 ) ) ;
#948 = EDGE_CURVE ( 'NONE', #1348, #3578, #463, .T. ) ;
#949 = ORIENTED_EDGE ( 'NONE', *, *, #393, .T. ) ;
#950 = VECTOR ( 'NONE', #1572, 1000.000000000000000 ) ;
#951 = FACE_BOUND ( 'NONE', #744, .T. ) ;
#952 = DIRECTION ( 'NONE',  ( -1.000000000000000000, 0.000000000000000000, -0.000000000000000000 ) ) ;
#953 = CARTESIAN_POINT ( 'NONE',  ( -0.6249999999999998890, 0.05000000000000002359, -0.1249999999999974049 ) ) ;
#954 = DIRECTION ( 'NONE',  ( -0.000000000000000000, 0.000000000000000000, -1.000000000000000000 ) ) ;
#955 = VERTEX_POINT ( 'NONE', #3408 ) ;
#956 = DIRECTION ( 'NONE',  ( 1.000000000000000000, -0.000000000000000000, -0.000000000000000000 ) ) ;
#957 = ORIENTED_EDGE ( 'NONE', *, *, #759, .T. ) ;
#958 = CARTESIAN_POINT ( 'NONE',  ( 0.1250000000000000000, 0.05000000000000002359, -0.6249999999999965583 ) ) ;
#959 = VECTOR ( 'NONE', #3973, 1000.000000000000000 ) ;
#960 = FACE_BOUND ( 'NONE', #3623, .T. ) ;
#961 = EDGE_CURVE ( 'NONE', #2799, #3510, #502, .T. ) ;
#962 = DIRECTION ( 'NONE',  ( 0.000000000000000000, -0.000000000000000000, 1.000000000000000000 ) ) ;
#963 = AXIS2_PLACEMENT_3D ( 'NONE', #2540, #256, #2727 ) ;
#964 = UNCERTAINTY_MEASURE_WITH_UNIT (LENGTH_MEASURE( 1.000000000000000082E-05 ), #693, 'distance_accuracy_value', 'NONE');
#965 = PLANE ( 'NONE',  #3135 ) ;
#966 = ORIENTED_EDGE ( 'NONE', *, *, #2441, .T. ) ;
#967 = FILL_AREA_STYLE_COLOUR ( '', #1196 ) ;
#968 = ORIENTED_EDGE ( 'NONE', *, *, #1179, .F. ) ;
#969 = EDGE_CURVE ( 'NONE', #3938, #444, #445, .T. ) ;
#970 = CARTESIAN_POINT ( 'NONE',  ( -0.3750000000000000000, 0.05000000000000002359, -0.6249999999999931166 ) ) ;
#971 = CIRCLE ( 'NONE', #3042, 0.1000000000000001582 ) ;
#972 = DIRECTION ( 'NONE',  ( 0.000000000000000000, -1.000000000000000000, 0.000000000000000000 ) ) ;
#973 = LINE ( 'NONE', #3326, #888 ) ;
#974 = AXIS2_PLACEMENT_3D ( 'NONE', #164, #3025, #1774 ) ;
#975 = AXIS2_PLACEMENT_3D ( 'NONE', #2424, #2779, #1263 ) ;
#976 = EDGE_CURVE ( 'NONE', #1383, #2559, #3184, .T. ) ;
#977 = VERTEX_POINT ( 'NONE', #3740 ) ;
#978 = EDGE_CURVE ( 'NONE', #2353, #805, #1847, .T. ) ;
#979 = VERTEX_POINT ( 'NONE', #2901 ) ;
#980 = FACE_OUTER_BOUND ( 'NONE', #1248, .T. ) ;
#981 = LINE ( 'NONE', #218, #834 ) ;
#982 = CARTESIAN_POINT ( 'NONE',  ( 0.8999999999999940270, 0.000000000000000000, -0.3750000000000138778 ) ) ;
#983 = DIRECTION ( 'NONE',  ( 0.000000000000000000, 0.000000000000000000, 1.000000000000000000 ) ) ;
#984 = DIRECTION ( 'NONE',  ( 1.191430958775279679E-16, 0.000000000000000000, 1.000000000000000000 ) ) ;
#985 = ORIENTED_EDGE ( 'NONE', *, *, #2526, .F. ) ;
#986 = ORIENTED_EDGE ( 'NONE', *, *, #520, .T. ) ;
#987 = LINE ( 'NONE', #3041, #959 ) ;
#988 = LINE ( 'NONE', #1944, #1023 ) ;
#989 = PLANE ( 'NONE',  #2327 ) ;
#990 = ADVANCED_FACE ( 'NONE', ( #1796 ), #3174, .F. ) ;
#991 = VERTEX_POINT ( 'NONE', #109 ) ;
#992 = CARTESIAN_POINT ( 'NONE',  ( 0.000000000000000000, 0.000000000000000000, 0.000000000000000000 ) ) ;
#993 = ORIENTED_EDGE ( 'NONE', *, *, #2278, .F. ) ;
#994 = VECTOR ( 'NONE', #413, 1000.000000000000000 ) ;
#995 = VECTOR ( 'NONE', #3086, 1000.000000000000000 ) ;
#996 = CARTESIAN_POINT ( 'NONE',  ( 0.8999999999999940270, 0.4216517186829673025, -0.3750000000000138778 ) ) ;
#997 = DIRECTION ( 'NONE',  ( -0.000000000000000000, -0.000000000000000000, -1.000000000000000000 ) ) ;
#998 = EDGE_LOOP ( 'NONE', ( #2419, #34, #1712, #1794 ) ) ;
#999 =( GEOMETRIC_REPRESENTATION_CONTEXT ( 3 ) GLOBAL_UNCERTAINTY_ASSIGNED_CONTEXT ( ( #3360 ) ) GLOBAL_UNIT_ASSIGNED_CONTEXT ( ( #2366, #274, #2397 ) ) REPRESENTATION_CONTEXT ( 'NONE', 'WORKASPACE' ) );
#1000 = ORIENTED_EDGE ( 'NONE', *, *, #775, .T. ) ;
#1001 = DIRECTION ( 'NONE',  ( -1.000000000000000000, 0.000000000000000000, -0.000000000000000000 ) ) ;
#1002 = LINE ( 'NONE', #2924, #994 ) ;
#1003 = PLANE ( 'NONE',  #974 ) ;
#1004 = VECTOR ( 'NONE', #1399, 1000.000000000000000 ) ;
#1005 = ORIENTED_EDGE ( 'NONE', *, *, #204, .T. ) ;
#1006 = ORIENTED_EDGE ( 'NONE', *, *, #1918, .T. ) ;
#1007 = AXIS2_PLACEMENT_3D ( 'NONE', #1654, #3461, #984 ) ;
#1008 = LINE ( 'NONE', #517, #3674 ) ;
#1009 = VECTOR ( 'NONE', #1916, 1000.000000000000000 ) ;
#1010 = CARTESIAN_POINT ( 'NONE',  ( -0.6249999999999998890, 0.05000000000000000278, -0.1249999999999974049 ) ) ;
#1011 = DIRECTION ( 'NONE',  ( -0.000000000000000000, -1.000000000000000000, -0.000000000000000000 ) ) ;
#1012 = EDGE_CURVE ( 'NONE', #3965, #467, #470, .T. ) ;
#1013 = CARTESIAN_POINT ( 'NONE',  ( -0.1250000000000000000, 0.05000000000000002359, -0.6249999999999965583 ) ) ;
#1014 = VERTEX_POINT ( 'NONE', #3644 ) ;
#1015 = EDGE_LOOP ( 'NONE', ( #3493, #2171, #833, #864 ) ) ;
#1016 = FACE_OUTER_BOUND ( 'NONE', #2222, .T. ) ;
#1017 = VECTOR ( 'NONE', #578, 1000.000000000000000 ) ;
#1018 = DIRECTION ( 'NONE',  ( -0.000000000000000000, -0.000000000000000000, -1.000000000000000000 ) ) ;
#1019 = ORIENTED_EDGE ( 'NONE', *, *, #3985, .T. ) ;
#1020 = EDGE_CURVE ( 'NONE', #1265, #3583, #1772, .T. ) ;
#1021 = ORIENTED_EDGE ( 'NONE', *, *, #1414, .F. ) ;
#1022 = VECTOR ( 'NONE', #1389, 1000.000000000000000 ) ;
#1023 = VECTOR ( 'NONE', #2220, 1000.000000000000000 ) ;
#1024 = PRESENTATION_LAYER_ASSIGNMENT (  '', '', ( #3161 ) ) ;
#1025 = DIRECTION ( 'NONE',  ( 1.000000000000000000, 0.000000000000000000, 0.000000000000000000 ) ) ;
#1026 = ADVANCED_FACE ( 'NONE', ( #1885 ), #3708, .F. ) ;
#1027 = DIRECTION ( 'NONE',  ( -0.000000000000000000, -1.000000000000000000, -0.000000000000000000 ) ) ;
#1028 = CARTESIAN_POINT ( 'NONE',  ( -0.3750000000000000000, 0.05000000000000002359, 0.6250000000000069944 ) ) ;
#1029 = EDGE_LOOP ( 'NONE', ( #1289, #13, #2678, #52 ) ) ;
#1030 = DIRECTION ( 'NONE',  ( -0.000000000000000000, -1.000000000000000000, -0.000000000000000000 ) ) ;
#1031 = ORIENTED_EDGE ( 'NONE', *, *, #3258, .F. ) ;
#1032 = VECTOR ( 'NONE', #2812, 1000.000000000000000 ) ;
#1033 = DIRECTION ( 'NONE',  ( -1.000000000000000000, 0.000000000000000000, 0.000000000000000000 ) ) ;
#1034 = LINE ( 'NONE', #3826, #3665 ) ;
#1035 = EDGE_CURVE ( 'NONE', #3287, #1190, #1806, .T. ) ;
#1036 = CARTESIAN_POINT ( 'NONE',  ( 0.6899999999999999467, 0.6999999999999999556, -0.1500000000000001887 ) ) ;
#1037 = ORIENTED_EDGE ( 'NONE', *, *, #3010, .T. ) ;
#1038 = ORIENTED_EDGE ( 'NONE', *, *, #1256, .T. ) ;
#1039 = LINE ( 'NONE', #832, #1079 ) ;
#1040 = FACE_OUTER_BOUND ( 'NONE', #324, .T. ) ;
#1041 = DIRECTION ( 'NONE',  ( -1.000000000000000000, 0.000000000000000000, 0.000000000000000000 ) ) ;
#1042 = CARTESIAN_POINT ( 'NONE',  ( 0.6249999999999940048, 0.000000000000000000, -0.3750000000000089928 ) ) ;
#1043 = DIRECTION ( 'NONE',  ( 0.000000000000000000, 0.000000000000000000, -1.000000000000000000 ) ) ;
#1044 = ORIENTED_EDGE ( 'NONE', *, *, #2857, .T. ) ;
#1045 = ORIENTED_EDGE ( 'NONE', *, *, #909, .T. ) ;
#1046 = FACE_OUTER_BOUND ( 'NONE', #1306, .T. ) ;
#1047 = DIRECTION ( 'NONE',  ( 0.000000000000000000, 1.000000000000000000, 0.000000000000000000 ) ) ;
#1048 = ORIENTED_EDGE ( 'NONE', *, *, #3434, .T. ) ;
#1049 = ORIENTED_EDGE ( 'NONE', *, *, #829, .F. ) ;
#1050 = LINE ( 'NONE', #3359, #1067 ) ;
#1051 = CARTESIAN_POINT ( 'NONE',  ( 0.6250000000000000000, 0.000000000000000000, 0.9000000000000000222 ) ) ;
#1052 = CARTESIAN_POINT ( 'NONE',  ( -0.7499999999999997780, 0.6999999999999999556, -0.8500000000000000888 ) ) ;
#1053 = AXIS2_PLACEMENT_3D ( 'NONE', #2840, #3073, #3672 ) ;
#1054 = DIRECTION ( 'NONE',  ( 0.000000000000000000, 0.000000000000000000, 1.000000000000000000 ) ) ;
#1055 = ORIENTED_EDGE ( 'NONE', *, *, #365, .T. ) ;
#1056 = CARTESIAN_POINT ( 'NONE',  ( 0.1250000000000000000, 0.4216517186829673025, 0.9000000000000034639 ) ) ;
#1057 = ORIENTED_EDGE ( 'NONE', *, *, #3519, .T. ) ;
#1058 = DIRECTION ( 'NONE',  ( 0.000000000000000000, -1.000000000000000000, 0.000000000000000000 ) ) ;
#1059 = LINE ( 'NONE', #77, #3695 ) ;
#1060 = CARTESIAN_POINT ( 'NONE',  ( 0.8999999999999958034, 0.000000000000000000, -0.1250000000000109912 ) ) ;
#1061 = VECTOR ( 'NONE', #1030, 1000.000000000000000 ) ;
#1062 = EDGE_CURVE ( 'NONE', #3097, #1664, #3151, .T. ) ;
#1063 = ADVANCED_FACE ( 'NONE', ( #476 ), #1304, .T. ) ;
#1064 = VERTEX_POINT ( 'NONE', #2652 ) ;
#1065 = EDGE_CURVE ( 'NONE', #816, #1207, #508, .T. ) ;
#1066 = VERTEX_POINT ( 'NONE', #3257 ) ;
#1067 = VECTOR ( 'NONE', #1225, 1000.000000000000000 ) ;
#1068 = LINE ( 'NONE', #3794, #3789 ) ;
#1069 = CARTESIAN_POINT ( 'NONE',  ( -0.9999999999999997780, 0.1400000000000000411, 0.9999999999999997780 ) ) ;
#1070 = DIRECTION ( 'NONE',  ( 1.000000000000000000, -0.000000000000000000, 0.000000000000000000 ) ) ;
#1071 = ORIENTED_EDGE ( 'NONE', *, *, #2712, .F. ) ;
#1072 = DIRECTION ( 'NONE',  ( -0.000000000000000000, 1.000000000000000000, -0.000000000000000000 ) ) ;
#1073 = VECTOR ( 'NONE', #3334, 1000.000000000000000 ) ;
#1074 = FACE_OUTER_BOUND ( 'NONE', #33, .T. ) ;
#1075 = EDGE_CURVE ( 'NONE', #727, #1681, #3223, .T. ) ;
#1076 = CARTESIAN_POINT ( 'NONE',  ( -0.9999999999999997780, 0.8000000000000000444, 0.9999999999999997780 ) ) ;
#1077 = AXIS2_PLACEMENT_3D ( 'NONE', #2747, #878, #6 ) ;
#1078 = ORIENTED_EDGE ( 'NONE', *, *, #122, .T. ) ;
#1079 = VECTOR ( 'NONE', #3641, 1000.000000000000000 ) ;
#1080 = FACE_OUTER_BOUND ( 'NONE', #3001, .T. ) ;
#1081 = CARTESIAN_POINT ( 'NONE',  ( -0.8999999999999999112, 0.05000000000000000278, -0.1249999999999974049 ) ) ;
#1082 = DIRECTION ( 'NONE',  ( -1.000000000000000000, -0.000000000000000000, -0.000000000000000000 ) ) ;
#1083 = SURFACE_SIDE_STYLE ('',( #3767 ) ) ;
#1084 = EDGE_LOOP ( 'NONE', ( #748, #904, #2686, #30 ) ) ;
#1085 = PLANE ( 'NONE',  #3235 ) ;
#1086 = FACE_OUTER_BOUND ( 'NONE', #1416, .T. ) ;
#1087 = DIRECTION ( 'NONE',  ( 1.000000000000000000, -0.000000000000000000, -3.232893750683992730E-14 ) ) ;
#1088 = VECTOR ( 'NONE', #1677, 1000.000000000000000 ) ;
#1089 = DIRECTION ( 'NONE',  ( -1.000000000000000000, 0.000000000000000000, 0.000000000000000000 ) ) ;
#1090 = CARTESIAN_POINT ( 'NONE',  ( 0.1250000000000000000, 0.05000000000000002359, -0.8999999999999964695 ) ) ;
#1091 = EDGE_LOOP ( 'NONE', ( #1021, #3835, #3756, #2394 ) ) ;
#1092 = LINE ( 'NONE', #1788, #3711 ) ;
#1093 = VECTOR ( 'NONE', #1746, 1000.000000000000000 ) ;
#1094 = ADVANCED_FACE ( 'NONE', ( #3160 ), #1003, .F. ) ;
#1095 = PLANE ( 'NONE',  #757 ) ;
#1096 = VERTEX_POINT ( 'NONE', #2592 ) ;
#1097 = ORIENTED_EDGE ( 'NONE', *, *, #659, .T. ) ;
#1098 = MANIFOLD_SOLID_BREP ( 'Chamfer2', #3887 ) ;
#1099 = PRESENTATION_STYLE_ASSIGNMENT (( #2287 ) ) ;
#1100 = PLANE ( 'NONE',  #361 ) ;
#1101 = DIRECTION ( 'NONE',  ( -1.000000000000000000, 0.000000000000000000, 0.000000000000000000 ) ) ;
#1102 = CARTESIAN_POINT ( 'NONE',  ( 0.3750000000000000000, 0.05000000000000000278, -0.6250000000000000000 ) ) ;
#1103 = ORIENTED_EDGE ( 'NONE', *, *, #905, .F. ) ;
#1104 = AXIS2_PLACEMENT_3D ( 'NONE', #3268, #2338, #1230 ) ;
#1105 = VECTOR ( 'NONE', #2045, 1000.000000000000000 ) ;
#1106 = CARTESIAN_POINT ( 'NONE',  ( 0.9999999999999997780, 0.000000000000000000, -0.9999999999999997780 ) ) ;
#1107 = EDGE_CURVE ( 'NONE', #580, #1466, #1987, .T. ) ;
#1108 = DIRECTION ( 'NONE',  ( -0.000000000000000000, 0.000000000000000000, 1.000000000000000000 ) ) ;
#1109 = CARTESIAN_POINT ( 'NONE',  ( 0.1250000000000000000, 0.4216517186829673025, 0.6250000000000034417 ) ) ;
#1110 = ORIENTED_EDGE ( 'NONE', *, *, #267, .F. ) ;
#1111 =( LENGTH_UNIT ( ) NAMED_UNIT ( * ) SI_UNIT ( .MILLI., .METRE. ) );
#1112 = EDGE_CURVE ( 'NONE', #2277, #620, #1941, .T. ) ;
#1113 = ORIENTED_EDGE ( 'NONE', *, *, #615, .T. ) ;
#1114 = ORIENTED_EDGE ( 'NONE', *, *, #3057, .F. ) ;
#1115 = CIRCLE ( 'NONE', #674, 0.1000000000000001582 ) ;
#1116 = ADVANCED_FACE ( 'NONE', ( #1936 ), #2352, .F. ) ;
#1117 = ORIENTED_EDGE ( 'NONE', *, *, #2233, .T. ) ;
#1118 = ORIENTED_EDGE ( 'NONE', *, *, #868, .T. ) ;
#1119 = DIRECTION ( 'NONE',  ( -0.000000000000000000, -1.000000000000000000, -0.000000000000000000 ) ) ;
#1120 = EDGE_CURVE ( 'NONE', #939, #1562, #3254, .T. ) ;
#1121 = CARTESIAN_POINT ( 'NONE',  ( -0.8999999999999999112, 0.000000000000000000, 0.3749999999999973910 ) ) ;
#1122 = VECTOR ( 'NONE', #3939, 1000.000000000000000 ) ;
#1123 = FACE_OUTER_BOUND ( 'NONE', #2503, .T. ) ;
#1124 = LINE ( 'NONE', #1620, #3861 ) ;
#1125 = EDGE_CURVE ( 'NONE', #660, #979, #584, .T. ) ;
#1126 = PLANE ( 'NONE',  #3460 ) ;
#1127 = ADVANCED_FACE ( 'NONE', ( #1946 ), #3796, .F. ) ;
#1128 = DIRECTION ( 'NONE',  ( -0.000000000000000000, -1.000000000000000000, -0.000000000000000000 ) ) ;
#1129 = ORIENTED_EDGE ( 'NONE', *, *, #2081, .F. ) ;
#1130 = ORIENTED_EDGE ( 'NONE', *, *, #3339, .F. ) ;
#1131 = VECTOR ( 'NONE', #2166, 1000.000000000000000 ) ;
#1132 = CARTESIAN_POINT ( 'NONE',  ( -0.1250000000000000000, 0.05000000000000000278, -0.8999999999999964695 ) ) ;
#1133 = EDGE_LOOP ( 'NONE', ( #559, #565, #3787, #2656 ) ) ;
#1134 = DIRECTION ( 'NONE',  ( 0.000000000000000000, 0.000000000000000000, 1.000000000000000000 ) ) ;
#1135 = ORIENTED_EDGE ( 'NONE', *, *, #1828, .F. ) ;
#1136 = CARTESIAN_POINT ( 'NONE',  ( 0.8999999999999999112, 0.05000000000000002359, 0.1249999999999974049 ) ) ;
#1137 = PLANE ( 'NONE',  #731 ) ;
#1138 = ORIENTED_EDGE ( 'NONE', *, *, #3990, .T. ) ;
#1139 = LINE ( 'NONE', #3858, #2480 ) ;
#1140 = CARTESIAN_POINT ( 'NONE',  ( 0.6250000000000000000, 0.000000000000000000, -0.6250000000000000000 ) ) ;
#1141 = FACE_OUTER_BOUND ( 'NONE', #188, .T. ) ;
#1142 = EDGE_LOOP ( 'NONE', ( #2598, #2676, #1234, #3988 ) ) ;
#1143 = CARTESIAN_POINT ( 'NONE',  ( -0.8999999999999999112, 0.05000000000000000278, 0.1249999999999974049 ) ) ;
#1144 = VERTEX_POINT ( 'NONE', #1060 ) ;
#1145 = ORIENTED_EDGE ( 'NONE', *, *, #2382, .T. ) ;
#1146 = CARTESIAN_POINT ( 'NONE',  ( 0.6249999999999958922, 0.05000000000000000278, -0.1250000000000090206 ) ) ;
#1147 = ORIENTED_EDGE ( 'NONE', *, *, #353, .T. ) ;
#1148 = VECTOR ( 'NONE', #3313, 1000.000000000000000 ) ;
#1149 = DIRECTION ( 'NONE',  ( 1.000000000000000000, 0.000000000000000000, 0.000000000000000000 ) ) ;
#1150 = EDGE_LOOP ( 'NONE', ( #3779, #2796, #2763, #2123 ) ) ;
#1151 = AXIS2_PLACEMENT_3D ( 'NONE', #1529, #3545, #2434 ) ;
#1152 = ORIENTED_EDGE ( 'NONE', *, *, #1353, .F. ) ;
#1153 = PLANE ( 'NONE',  #2548 ) ;
#1154 = VERTEX_POINT ( 'NONE', #1700 ) ;
#1155 = VERTEX_POINT ( 'NONE', #240 ) ;
#1156 = DIRECTION ( 'NONE',  ( 1.191430958775279679E-16, 0.000000000000000000, 1.000000000000000000 ) ) ;
#1157 = LINE ( 'NONE', #1296, #2561 ) ;
#1158 = ORIENTED_EDGE ( 'NONE', *, *, #3786, .T. ) ;
#1159 = CARTESIAN_POINT ( 'NONE',  ( 0.3750000000000000000, 0.05000000000000000278, -0.6250000000000000000 ) ) ;
#1160 = DIRECTION ( 'NONE',  ( 0.000000000000000000, 0.000000000000000000, 1.000000000000000000 ) ) ;
#1161 = AXIS2_PLACEMENT_3D ( 'NONE', #1362, #1673, #3865 ) ;
#1162 = ORIENTED_EDGE ( 'NONE', *, *, #397, .T. ) ;
#1163 = CARTESIAN_POINT ( 'NONE',  ( -0.9999999999999997780, 0.1400000000000000411, 0.9999999999999997780 ) ) ;
#1164 = EDGE_CURVE ( 'NONE', #1894, #3382, #577, .T. ) ;
#1165 = VERTEX_POINT ( 'NONE', #527 ) ;
#1166 = LINE ( 'NONE', #600, #1148 ) ;
#1167 = VECTOR ( 'NONE', #286, 1000.000000000000000 ) ;
#1168 = ORIENTED_EDGE ( 'NONE', *, *, #125, .T. ) ;
#1169 = CARTESIAN_POINT ( 'NONE',  ( -0.8999999999999999112, 0.000000000000000000, -0.3749999999999973910 ) ) ;
#1170 = ADVANCED_FACE ( 'NONE', ( #3262 ), #789, .T. ) ;
#1171 = ORIENTED_EDGE ( 'NONE', *, *, #49, .T. ) ;
#1172 = CARTESIAN_POINT ( 'NONE',  ( 0.6249999999999940048, 0.05000000000000000278, -0.3750000000000089928 ) ) ;
#1173 = DIRECTION ( 'NONE',  ( 0.000000000000000000, 0.000000000000000000, 1.000000000000000000 ) ) ;
#1174 = ORIENTED_EDGE ( 'NONE', *, *, #2750, .T. ) ;
#1175 = DIRECTION ( 'NONE',  ( 0.000000000000000000, 0.000000000000000000, -1.000000000000000000 ) ) ;
#1176 = LINE ( 'NONE', #184, #3936 ) ;
#1177 = VECTOR ( 'NONE', #2623, 1000.000000000000000 ) ;
#1178 = EDGE_LOOP ( 'NONE', ( #2454, #1820, #1887, #3034 ) ) ;
#1179 = EDGE_CURVE ( 'NONE', #3187, #3471, #3304, .T. ) ;
#1180 = DIRECTION ( 'NONE',  ( 0.000000000000000000, 1.000000000000000000, 0.000000000000000000 ) ) ;
#1181 = ORIENTED_EDGE ( 'NONE', *, *, #2436, .T. ) ;
#1182 = AXIS2_PLACEMENT_3D ( 'NONE', #1102, #1352, #3016 ) ;
#1183 = ORIENTED_EDGE ( 'NONE', *, *, #534, .F. ) ;
#1184 = PRESENTATION_STYLE_ASSIGNMENT (( #3377 ) ) ;
#1185 = EDGE_CURVE ( 'NONE', #1763, #2353, #622, .T. ) ;
#1186 = FACE_OUTER_BOUND ( 'NONE', #1716, .T. ) ;
#1187 = ORIENTED_EDGE ( 'NONE', *, *, #2588, .T. ) ;
#1188 = AXIS2_PLACEMENT_3D ( 'NONE', #887, #1233, #1575 ) ;
#1189 = EDGE_CURVE ( 'NONE', #2154, #3938, #3279, .T. ) ;
#1190 = VERTEX_POINT ( 'NONE', #3958 ) ;
#1191 = EDGE_CURVE ( 'NONE', #2604, #118, #3310, .T. ) ;
#1192 = VERTEX_POINT ( 'NONE', #811 ) ;
#1193 = CARTESIAN_POINT ( 'NONE',  ( -0.1250000000000000000, 0.000000000000000000, 0.6250000000000034417 ) ) ;
#1194 = LINE ( 'NONE', #2809, #1244 ) ;
#1195 = VECTOR ( 'NONE', #3624, 1000.000000000000000 ) ;
#1196 = COLOUR_RGB ( '',1.000000000000000000, 0.8117647058823529438, 0.5019607843137254832 ) ;
#1197 = CARTESIAN_POINT ( 'NONE',  ( -0.3750000000000000000, 0.05000000000000000278, -0.6249999999999931166 ) ) ;
#1198 = VERTEX_POINT ( 'NONE', #1343 ) ;
#1199 = VERTEX_POINT ( 'NONE', #2199 ) ;
#1200 = ORIENTED_EDGE ( 'NONE', *, *, #255, .F. ) ;
#1201 = VECTOR ( 'NONE', #2282, 1000.000000000000000 ) ;
#1202 = VECTOR ( 'NONE', #1253, 1000.000000000000000 ) ;
#1203 = DIRECTION ( 'NONE',  ( -0.000000000000000000, -1.000000000000000000, -0.000000000000000000 ) ) ;
#1204 = VERTEX_POINT ( 'NONE', #1318 ) ;
#1205 = PLANE ( 'NONE',  #3931 ) ;
#1206 = CARTESIAN_POINT ( 'NONE',  ( -0.2200000000000001399, 0.8000000000000000444, -0.1500000000000001887 ) ) ;
#1207 = VERTEX_POINT ( 'NONE', #1898 ) ;
#1208 = FACE_OUTER_BOUND ( 'NONE', #2484, .T. ) ;
#1209 = VECTOR ( 'NONE', #2914, 1000.000000000000000 ) ;
#1210 = LINE ( 'NONE', #2428, #1280 ) ;
#1211 = ADVANCED_FACE ( 'NONE', ( #650 ), #3084, .F. ) ;
#1212 = CARTESIAN_POINT ( 'NONE',  ( 0.3750000000000000000, 0.05000000000000002359, 0.9000000000000000222 ) ) ;
#1213 = ORIENTED_EDGE ( 'NONE', *, *, #1932, .T. ) ;
#1214 = DIRECTION ( 'NONE',  ( 0.000000000000000000, -0.000000000000000000, 1.000000000000000000 ) ) ;
#1215 = VERTEX_POINT ( 'NONE', #1286 ) ;
#1216 = AXIS2_PLACEMENT_3D ( 'NONE', #1445, #2648, #162 ) ;
#1217 = CIRCLE ( 'NONE', #3754, 0.1000000000000001582 ) ;
#1218 = VECTOR ( 'NONE', #316, 1000.000000000000000 ) ;
#1219 = CARTESIAN_POINT ( 'NONE',  ( -0.2200000000000000289, 0.6999999999999999556, 0.7599999999999997868 ) ) ;
#1220 = ORIENTED_EDGE ( 'NONE', *, *, #8, .T. ) ;
#1221 = VERTEX_POINT ( 'NONE', #661 ) ;
#1222 = CARTESIAN_POINT ( 'NONE',  ( -0.2200000000000001399, 0.6999999999999999556, -0.1500000000000001887 ) ) ;
#1223 = ORIENTED_EDGE ( 'NONE', *, *, #1604, .F. ) ;
#1224 = ORIENTED_EDGE ( 'NONE', *, *, #3231, .F. ) ;
#1225 = DIRECTION ( 'NONE',  ( 1.000000000000000000, 0.000000000000000000, -7.096596038086939046E-15 ) ) ;
#1226 = LINE ( 'NONE', #1615, #3832 ) ;
#1227 = AXIS2_PLACEMENT_3D ( 'NONE', #2971, #2997, #3496 ) ;
#1228 = ORIENTED_EDGE ( 'NONE', *, *, #699, .T. ) ;
#1229 = DIRECTION ( 'NONE',  ( 0.000000000000000000, 1.000000000000000000, 0.000000000000000000 ) ) ;
#1230 = DIRECTION ( 'NONE',  ( 0.000000000000000000, 0.000000000000000000, 1.000000000000000000 ) ) ;
#1231 = ORIENTED_EDGE ( 'NONE', *, *, #2612, .F. ) ;
#1232 = DIRECTION ( 'NONE',  ( 0.000000000000000000, 0.000000000000000000, -1.000000000000000000 ) ) ;
#1233 = DIRECTION ( 'NONE',  ( 0.000000000000000000, 1.000000000000000000, -0.000000000000000000 ) ) ;
#1234 = ORIENTED_EDGE ( 'NONE', *, *, #1421, .T. ) ;
#1235 = ORIENTED_EDGE ( 'NONE', *, *, #3057, .T. ) ;
#1236 = COLOUR_RGB ( '',0.2509803921568627416, 0.2509803921568627416, 0.2509803921568627416 ) ;
#1237 = VECTOR ( 'NONE', #895, 1000.000000000000000 ) ;
#1238 = FILL_AREA_STYLE ('',( #657 ) ) ;
#1239 = VERTEX_POINT ( 'NONE', #2065 ) ;
#1240 = EDGE_LOOP ( 'NONE', ( #2137, #3054, #795, #2776 ) ) ;
#1241 = ORIENTED_EDGE ( 'NONE', *, *, #298, .F. ) ;
#1242 = CARTESIAN_POINT ( 'NONE',  ( -0.6249999999999998890, 0.000000000000000000, -0.2749999999999966915 ) ) ;
#1243 = EDGE_CURVE ( 'NONE', #3407, #778, #3266, .T. ) ;
#1244 = VECTOR ( 'NONE', #9, 1000.000000000000000 ) ;
#1245 = VECTOR ( 'NONE', #3547, 1000.000000000000000 ) ;
#1246 = ADVANCED_FACE ( 'NONE', ( #612 ), #1947, .F. ) ;
#1247 = AXIS2_PLACEMENT_3D ( 'NONE', #2845, #331, #438 ) ;
#1248 = EDGE_LOOP ( 'NONE', ( #3469, #1629, #1599, #1753 ) ) ;
#1249 = UNCERTAINTY_MEASURE_WITH_UNIT (LENGTH_MEASURE( 1.000000000000000082E-05 ), #1111, 'distance_accuracy_value', 'NONE');
#1250 = DIRECTION ( 'NONE',  ( 1.000000000000000000, -0.000000000000000000, -0.000000000000000000 ) ) ;
#1251 = ORIENTED_EDGE ( 'NONE', *, *, #2476, .T. ) ;
#1252 = FACE_OUTER_BOUND ( 'NONE', #3090, .T. ) ;
#1253 = DIRECTION ( 'NONE',  ( -7.372574772901343377E-15, 0.000000000000000000, -1.000000000000000000 ) ) ;
#1254 = AXIS2_PLACEMENT_3D ( 'NONE', #292, #2022, #1857 ) ;
#1255 = VECTOR ( 'NONE', #591, 1000.000000000000000 ) ;
#1256 = EDGE_CURVE ( 'NONE', #3187, #3710, #3295, .T. ) ;
#1257 = PLANE ( 'NONE',  #2120 ) ;
#1258 = ORIENTED_EDGE ( 'NONE', *, *, #3298, .T. ) ;
#1259 = ADVANCED_FACE ( 'NONE', ( #3272 ), #3053, .T. ) ;
#1260 = EDGE_CURVE ( 'NONE', #3583, #304, #666, .T. ) ;
#1261 = ORIENTED_EDGE ( 'NONE', *, *, #826, .T. ) ;
#1262 = DIRECTION ( 'NONE',  ( 1.000000000000000000, 0.000000000000000000, 0.000000000000000000 ) ) ;
#1263 = DIRECTION ( 'NONE',  ( 0.000000000000000000, -0.000000000000000000, 1.000000000000000000 ) ) ;
#1264 = ORIENTED_EDGE ( 'NONE', *, *, #3391, .F. ) ;
#1265 = VERTEX_POINT ( 'NONE', #2911 ) ;
#1266 = DIRECTION ( 'NONE',  ( 1.000000000000000000, -0.000000000000000000, -7.096596038086939046E-15 ) ) ;
#1267 = LINE ( 'NONE', #1485, #3822 ) ;
#1268 = FACE_OUTER_BOUND ( 'NONE', #294, .T. ) ;
#1269 = VERTEX_POINT ( 'NONE', #3598 ) ;
#1270 = CARTESIAN_POINT ( 'NONE',  ( -0.3750000000000000000, 0.000000000000000000, 0.6250000000000069944 ) ) ;
#1271 = CARTESIAN_POINT ( 'NONE',  ( 0.6250000000000000000, 0.000000000000000000, -0.9000000000000000222 ) ) ;
#1272 = CARTESIAN_POINT ( 'NONE',  ( -0.6249999999999998890, 0.05000000000000000278, -0.1249999999999974049 ) ) ;
#1273 =( NAMED_UNIT ( * ) PLANE_ANGLE_UNIT ( ) SI_UNIT ( $, .RADIAN. ) );
#1274 = ORIENTED_EDGE ( 'NONE', *, *, #1751, .F. ) ;
#1275 = DIRECTION ( 'NONE',  ( 1.000000000000000000, -0.000000000000000000, -3.232893750683992730E-14 ) ) ;
#1276 = EDGE_LOOP ( 'NONE', ( #1019, #2359, #1181, #1171 ) ) ;
#1277 = ORIENTED_EDGE ( 'NONE', *, *, #481, .T. ) ;
#1278 = LINE ( 'NONE', #3584, #1122 ) ;
#1279 = CARTESIAN_POINT ( 'NONE',  ( -0.2200000000000000289, -0.5869343417595165313, 0.7599999999999997868 ) ) ;
#1280 = VECTOR ( 'NONE', #1302, 1000.000000000000000 ) ;
#1281 = ORIENTED_EDGE ( 'NONE', *, *, #2476, .F. ) ;
#1282 = CARTESIAN_POINT ( 'NONE',  ( 0.6250000000000000000, 0.000000000000000000, -0.6250000000000000000 ) ) ;
#1283 = ORIENTED_EDGE ( 'NONE', *, *, #1748, .F. ) ;
#1284 = DIRECTION ( 'NONE',  ( 0.000000000000000000, 1.000000000000000000, 0.000000000000000000 ) ) ;
#1285 = ORIENTED_EDGE ( 'NONE', *, *, #487, .F. ) ;
#1286 = CARTESIAN_POINT ( 'NONE',  ( -0.9999999999999997780, 0.8000000000000000444, -0.9999999999999997780 ) ) ;
#1287 = AXIS2_PLACEMENT_3D ( 'NONE', #845, #1180, #1539 ) ;
#1288 = CARTESIAN_POINT ( 'NONE',  ( -0.9999999999999997780, 0.000000000000000000, 0.9999999999999997780 ) ) ;
#1289 = ORIENTED_EDGE ( 'NONE', *, *, #3226, .F. ) ;
#1290 = PLANE ( 'NONE',  #570 ) ;
#1291 = SURFACE_STYLE_FILL_AREA ( #641 ) ;
#1292 = PLANE ( 'NONE',  #2414 ) ;
#1293 = EDGE_CURVE ( 'NONE', #1198, #2799, #634, .T. ) ;
#1294 = CARTESIAN_POINT ( 'NONE',  ( -0.1250000000000000000, 0.05000000000000000278, -0.6249999999999965583 ) ) ;
#1295 = VERTEX_POINT ( 'NONE', #1503 ) ;
#1296 = CARTESIAN_POINT ( 'NONE',  ( -0.3750000000000000000, 0.000000000000000000, -0.6249999999999931166 ) ) ;
#1297 = EDGE_CURVE ( 'NONE', #124, #2804, #2007, .T. ) ;
#1298 = LINE ( 'NONE', #1361, #3860 ) ;
#1299 = LINE ( 'NONE', #1819, #2710 ) ;
#1300 = DIRECTION ( 'NONE',  ( 0.000000000000000000, 0.000000000000000000, 1.000000000000000000 ) ) ;
#1301 = CARTESIAN_POINT ( 'NONE',  ( 0.6249999999999958922, 0.000000000000000000, -0.1250000000000090206 ) ) ;
#1302 = DIRECTION ( 'NONE',  ( 0.000000000000000000, 0.000000000000000000, 1.000000000000000000 ) ) ;
#1303 = DIRECTION ( 'NONE',  ( 0.000000000000000000, 0.000000000000000000, 1.000000000000000000 ) ) ;
#1304 = PLANE ( 'NONE',  #3067 ) ;
#1305 = ORIENTED_EDGE ( 'NONE', *, *, #2874, .T. ) ;
#1306 = EDGE_LOOP ( 'NONE', ( #2732, #2553, #2755, #3830 ) ) ;
#1307 = LINE ( 'NONE', #2263, #1177 ) ;
#1308 = CARTESIAN_POINT ( 'NONE',  ( 0.000000000000000000, 0.000000000000000000, 0.000000000000000000 ) ) ;
#1309 = VECTOR ( 'NONE', #3152, 1000.000000000000000 ) ;
#1310 = CARTESIAN_POINT ( 'NONE',  ( -0.2200000000000001399, 0.6999999999999999556, -0.1500000000000001887 ) ) ;
#1311 = MANIFOLD_SOLID_BREP ( 'Boss-Extrude4[7]', #2393 ) ;
#1312 = EDGE_CURVE ( 'NONE', #2118, #2846, #618, .T. ) ;
#1313 = DIRECTION ( 'NONE',  ( 1.000000000000000000, 0.000000000000000000, -0.000000000000000000 ) ) ;
#1314 = MECHANICAL_DESIGN_GEOMETRIC_PRESENTATION_REPRESENTATION (  '', ( #1608 ), #2005 ) ;
#1315 = VERTEX_POINT ( 'NONE', #421 ) ;
#1316 = DIRECTION ( 'NONE',  ( -0.000000000000000000, -1.000000000000000000, -0.000000000000000000 ) ) ;
#1317 = LINE ( 'NONE', #1570, #1412 ) ;
#1318 = CARTESIAN_POINT ( 'NONE',  ( -0.7249999999999999778, 0.000000000000000000, -0.3749999999999973910 ) ) ;
#1319 = ORIENTED_EDGE ( 'NONE', *, *, #2003, .T. ) ;
#1320 = VERTEX_POINT ( 'NONE', #3201 ) ;
#1321 = ORIENTED_EDGE ( 'NONE', *, *, #3601, .T. ) ;
#1322 = DIRECTION ( 'NONE',  ( -1.000000000000000000, 0.000000000000000000, 0.000000000000000000 ) ) ;
#1323 = DIRECTION ( 'NONE',  ( 1.000000000000000000, 0.000000000000000000, 0.000000000000000000 ) ) ;
#1324 =( NAMED_UNIT ( * ) SI_UNIT ( $, .STERADIAN. ) SOLID_ANGLE_UNIT ( ) );
#1325 = FACE_OUTER_BOUND ( 'NONE', #1448, .T. ) ;
#1326 = CARTESIAN_POINT ( 'NONE',  ( -0.1250000000000000000, 0.05000000000000000278, 0.9000000000000034639 ) ) ;
#1327 = DIRECTION ( 'NONE',  ( 0.000000000000000000, 0.000000000000000000, -1.000000000000000000 ) ) ;
#1328 = VERTEX_POINT ( 'NONE', #145 ) ;
#1329 = ORIENTED_EDGE ( 'NONE', *, *, #3195, .T. ) ;
#1330 = PRESENTATION_STYLE_ASSIGNMENT (( #1694 ) ) ;
#1331 = ADVANCED_FACE ( 'NONE', ( #644 ), #2496, .F. ) ;
#1332 = CARTESIAN_POINT ( 'NONE',  ( -0.6249999999999998890, 0.000000000000000000, 0.1249999999999974049 ) ) ;
#1333 = DIRECTION ( 'NONE',  ( -1.000000000000000000, 0.000000000000000000, 3.232893750683992730E-14 ) ) ;
#1334 = PLANE ( 'NONE',  #1247 ) ;
#1335 = EDGE_LOOP ( 'NONE', ( #2571, #3925, #2435, #3031, #2532 ) ) ;
#1336 = ORIENTED_EDGE ( 'NONE', *, *, #2822, .T. ) ;
#1337 = VECTOR ( 'NONE', #718, 1000.000000000000000 ) ;
#1338 = EDGE_LOOP ( 'NONE', ( #3342, #1103, #647, #3881 ) ) ;
#1339 = CARTESIAN_POINT ( 'NONE',  ( 0.1250000000000000000, 0.05000000000000002359, -0.6249999999999965583 ) ) ;
#1340 = ORIENTED_EDGE ( 'NONE', *, *, #3657, .F. ) ;
#1341 = STYLED_ITEM ( 'NONE', ( #672 ), #1311 ) ;
#1342 = FACE_OUTER_BOUND ( 'NONE', #2824, .T. ) ;
#1343 = CARTESIAN_POINT ( 'NONE',  ( 0.3750000000000000000, 0.05000000000000002359, 0.6250000000000000000 ) ) ;
#1344 = EDGE_CURVE ( 'NONE', #2515, #3908, #1904, .T. ) ;
#1345 = DIRECTION ( 'NONE',  ( -0.000000000000000000, -0.000000000000000000, -1.000000000000000000 ) ) ;
#1346 = EDGE_LOOP ( 'NONE', ( #3012, #2611, #3699, #3204 ) ) ;
#1347 = DIRECTION ( 'NONE',  ( -0.000000000000000000, 0.000000000000000000, -1.000000000000000000 ) ) ;
#1348 = VERTEX_POINT ( 'NONE', #3582 ) ;
#1349 = VECTOR ( 'NONE', #2235, 1000.000000000000000 ) ;
#1350 = DIRECTION ( 'NONE',  ( -0.000000000000000000, -0.000000000000000000, 1.000000000000000000 ) ) ;
#1351 = EDGE_CURVE ( 'NONE', #620, #2567, #2002, .T. ) ;
#1352 = DIRECTION ( 'NONE',  ( 1.000000000000000000, 0.000000000000000000, 0.000000000000000000 ) ) ;
#1353 = EDGE_CURVE ( 'NONE', #41, #3509, #3323, .T. ) ;
#1354 = ORIENTED_EDGE ( 'NONE', *, *, #1751, .T. ) ;
#1355 = ORIENTED_EDGE ( 'NONE', *, *, #1075, .T. ) ;
#1356 = DIRECTION ( 'NONE',  ( 0.000000000000000000, -0.000000000000000000, 1.000000000000000000 ) ) ;
#1357 = FACE_OUTER_BOUND ( 'NONE', #3910, .T. ) ;
#1358 = LINE ( 'NONE', #1961, #1464 ) ;
#1359 = CARTESIAN_POINT ( 'NONE',  ( 0.1250000000000000000, 0.4216517186829673025, 0.6250000000000034417 ) ) ;
#1360 = DIRECTION ( 'NONE',  ( 1.000000000000000000, 0.000000000000000000, 0.000000000000000000 ) ) ;
#1361 = CARTESIAN_POINT ( 'NONE',  ( -0.8999999999999999112, 0.05000000000000002359, -0.3749999999999973910 ) ) ;
#1362 = CARTESIAN_POINT ( 'NONE',  ( -0.8999999999999999112, 0.4216517186829673025, -0.1249999999999974049 ) ) ;
#1363 = VERTEX_POINT ( 'NONE', #1013 ) ;
#1364 = ORIENTED_EDGE ( 'NONE', *, *, #397, .F. ) ;
#1365 = ORIENTED_EDGE ( 'NONE', *, *, #3715, .F. ) ;
#1366 = LINE ( 'NONE', #178, #126 ) ;
#1367 = EDGE_CURVE ( 'NONE', #1967, #857, #3328, .T. ) ;
#1368 = ADVANCED_FACE ( 'NONE', ( #658 ), #446, .T. ) ;
#1369 = LINE ( 'NONE', #1621, #7 ) ;
#1370 = CARTESIAN_POINT ( 'NONE',  ( 0.3750000000000000000, 0.000000000000000000, 0.9000000000000000222 ) ) ;
#1371 = EDGE_CURVE ( 'NONE', #466, #467, #1997, .T. ) ;
#1372 = VERTEX_POINT ( 'NONE', #3037 ) ;
#1373 = EDGE_LOOP ( 'NONE', ( #1158, #3085, #2563, #1220 ) ) ;
#1374 = CARTESIAN_POINT ( 'NONE',  ( -0.2200000000000001399, 0.6999999999999999556, -0.1500000000000001887 ) ) ;
#1375 = SURFACE_STYLE_FILL_AREA ( #3169 ) ;
#1376 = FACE_OUTER_BOUND ( 'NONE', #2000, .T. ) ;
#1377 = DIRECTION ( 'NONE',  ( 0.000000000000000000, -1.000000000000000000, 0.000000000000000000 ) ) ;
#1378 = EDGE_LOOP ( 'NONE', ( #2634, #2064, #3153, #3463 ) ) ;
#1379 = ORIENTED_EDGE ( 'NONE', *, *, #1637, .F. ) ;
#1380 = ORIENTED_EDGE ( 'NONE', *, *, #3238, .F. ) ;
#1381 = CARTESIAN_POINT ( 'NONE',  ( 0.6249999999999958922, 0.000000000000000000, -0.1250000000000090206 ) ) ;
#1382 = VECTOR ( 'NONE', #163, 1000.000000000000000 ) ;
#1383 = VERTEX_POINT ( 'NONE', #1784 ) ;
#1384 = ORIENTED_EDGE ( 'NONE', *, *, #2930, .T. ) ;
#1385 = EDGE_LOOP ( 'NONE', ( #448, #2977, #1674, #1704 ) ) ;
#1386 = CARTESIAN_POINT ( 'NONE',  ( 0.000000000000000000, 0.05000000000000000278, 0.000000000000000000 ) ) ;
#1387 = VECTOR ( 'NONE', #2875, 1000.000000000000000 ) ;
#1388 = CARTESIAN_POINT ( 'NONE',  ( 0.8999999999999940270, 0.000000000000000000, -0.3750000000000138778 ) ) ;
#1389 = DIRECTION ( 'NONE',  ( 0.000000000000000000, -1.000000000000000000, 0.000000000000000000 ) ) ;
#1390 = AXIS2_PLACEMENT_3D ( 'NONE', #1693, #646, #2512 ) ;
#1391 = ORIENTED_EDGE ( 'NONE', *, *, #2085, .F. ) ;
#1392 = DIRECTION ( 'NONE',  ( -0.000000000000000000, -1.000000000000000000, -0.000000000000000000 ) ) ;
#1393 = CARTESIAN_POINT ( 'NONE',  ( 0.1250000000000000000, 0.000000000000000000, 0.6250000000000034417 ) ) ;
#1394 = DIRECTION ( 'NONE',  ( 0.000000000000000000, 0.000000000000000000, 1.000000000000000000 ) ) ;
#1395 = VERTEX_POINT ( 'NONE', #707 ) ;
#1396 = ORIENTED_EDGE ( 'NONE', *, *, #3668, .F. ) ;
#1397 = CYLINDRICAL_SURFACE ( 'NONE', #450, 0.1000000000000001582 ) ;
#1398 = VECTOR ( 'NONE', #1303, 1000.000000000000000 ) ;
#1399 = DIRECTION ( 'NONE',  ( -0.000000000000000000, -0.000000000000000000, -1.000000000000000000 ) ) ;
#1400 = ORIENTED_EDGE ( 'NONE', *, *, #2717, .F. ) ;
#1401 = AXIS2_PLACEMENT_3D ( 'NONE', #3427, #356, #1597 ) ;
#1402 = CARTESIAN_POINT ( 'NONE',  ( -0.2200000000000000289, -0.5869343417595165313, 0.7599999999999997868 ) ) ;
#1403 = ORIENTED_EDGE ( 'NONE', *, *, #2669, .F. ) ;
#1404 = EDGE_CURVE ( 'NONE', #2991, #3141, #3333, .T. ) ;
#1405 = VECTOR ( 'NONE', #1790, 1000.000000000000000 ) ;
#1406 = ADVANCED_FACE ( 'NONE', ( #2054 ), #2663, .T. ) ;
#1407 = FACE_OUTER_BOUND ( 'NONE', #700, .T. ) ;
#1408 = CARTESIAN_POINT ( 'NONE',  ( -0.2200000000000000289, 0.8000000000000000444, 0.7599999999999997868 ) ) ;
#1409 = CARTESIAN_POINT ( 'NONE',  ( -0.2200000000000001399, 0.6999999999999999556, -0.1500000000000001887 ) ) ;
#1410 = ORIENTED_EDGE ( 'NONE', *, *, #3715, .T. ) ;
#1411 = DIRECTION ( 'NONE',  ( 0.000000000000000000, 0.000000000000000000, -1.000000000000000000 ) ) ;
#1412 = VECTOR ( 'NONE', #1863, 1000.000000000000000 ) ;
#1413 = DIRECTION ( 'NONE',  ( 0.000000000000000000, 0.000000000000000000, -1.000000000000000000 ) ) ;
#1414 = EDGE_CURVE ( 'NONE', #3111, #3546, #3454, .T. ) ;
#1415 = AXIS2_PLACEMENT_3D ( 'NONE', #3430, #108, #1333 ) ;
#1416 = EDGE_LOOP ( 'NONE', ( #2956, #76, #2161, #1396 ) ) ;
#1417 = VECTOR ( 'NONE', #228, 1000.000000000000000 ) ;
#1418 = EDGE_CURVE ( 'NONE', #3510, #1315, #3449, .T. ) ;
#1419 = CARTESIAN_POINT ( 'NONE',  ( 0.1250000000000000000, 0.000000000000000000, 0.6250000000000034417 ) ) ;
#1420 = EDGE_LOOP ( 'NONE', ( #2006, #2499, #3248, #3919 ) ) ;
#1421 = EDGE_CURVE ( 'NONE', #779, #2912, #750, .T. ) ;
#1422 = CARTESIAN_POINT ( 'NONE',  ( -0.8999999999999999112, 0.05000000000000000278, -0.3749999999999973910 ) ) ;
#1423 = ORIENTED_EDGE ( 'NONE', *, *, #3651, .F. ) ;
#1424 = EDGE_CURVE ( 'NONE', #1320, #3514, #786, .T. ) ;
#1425 = FACE_OUTER_BOUND ( 'NONE', #3916, .T. ) ;
#1426 = CARTESIAN_POINT ( 'NONE',  ( 0.8999999999999999112, 0.4216517186829673025, 0.1249999999999974049 ) ) ;
#1427 = ORIENTED_EDGE ( 'NONE', *, *, #20, .F. ) ;
#1428 = ORIENTED_EDGE ( 'NONE', *, *, #2069, .F. ) ;
#1429 = ORIENTED_EDGE ( 'NONE', *, *, #1256, .F. ) ;
#1430 = DIRECTION ( 'NONE',  ( -1.000000000000000000, 0.000000000000000000, 0.000000000000000000 ) ) ;
#1431 = LINE ( 'NONE', #203, #2786 ) ;
#1432 = DIRECTION ( 'NONE',  ( -0.000000000000000000, -0.000000000000000000, 1.000000000000000000 ) ) ;
#1433 = VERTEX_POINT ( 'NONE', #1989 ) ;
#1434 = CARTESIAN_POINT ( 'NONE',  ( -0.9999999999999997780, 0.1400000000000000411, 0.9999999999999997780 ) ) ;
#1435 = CARTESIAN_POINT ( 'NONE',  ( 0.6250000000000000000, 0.4216517186829673025, 0.6250000000000000000 ) ) ;
#1436 = ADVANCED_FACE ( 'NONE', ( #781 ), #1095, .F. ) ;
#1437 = PLANE ( 'NONE',  #963 ) ;
#1438 = EDGE_LOOP ( 'NONE', ( #2542, #1990, #3410, #2608 ) ) ;
#1439 = VERTEX_POINT ( 'NONE', #3556 ) ;
#1440 = CARTESIAN_POINT ( 'NONE',  ( 0.1250000000000000000, 0.05000000000000000278, 0.6250000000000034417 ) ) ;
#1441 = ORIENTED_EDGE ( 'NONE', *, *, #1260, .F. ) ;
#1442 = AXIS2_PLACEMENT_3D ( 'NONE', #3200, #112, #1041 ) ;
#1443 = CARTESIAN_POINT ( 'NONE',  ( 0.3750000000000000000, 0.05000000000000000278, -0.6250000000000000000 ) ) ;
#1444 = ORIENTED_EDGE ( 'NONE', *, *, #2600, .T. ) ;
#1445 = CARTESIAN_POINT ( 'NONE',  ( 0.000000000000000000, 0.05000000000000000278, 0.000000000000000000 ) ) ;
#1446 = DIRECTION ( 'NONE',  ( 0.000000000000000000, 0.000000000000000000, 1.000000000000000000 ) ) ;
#1447 = CARTESIAN_POINT ( 'NONE',  ( 0.9999999999999997780, 0.8000000000000000444, 0.9999999999999997780 ) ) ;
#1448 = EDGE_LOOP ( 'NONE', ( #500, #2339, #2626, #3156 ) ) ;
#1449 = LINE ( 'NONE', #2369, #134 ) ;
#1451 = AXIS2_PLACEMENT_3D ( 'NONE', #719, #1033, #1394 ) ;
#1450 = CARTESIAN_POINT ( 'NONE',  ( 0.6250000000000000000, 0.000000000000000000, 0.6250000000000000000 ) ) ;
#1452 = CARTESIAN_POINT ( 'NONE',  ( 0.000000000000000000, 0.05000000000000000278, 0.000000000000000000 ) ) ;
#1453 = ORIENTED_EDGE ( 'NONE', *, *, #1125, .T. ) ;
#1454 = LINE ( 'NONE', #2753, #2777 ) ;
#1455 = CARTESIAN_POINT ( 'NONE',  ( 0.3750000000000000000, 0.05000000000000000278, 0.6250000000000000000 ) ) ;
#1456 = EDGE_LOOP ( 'NONE', ( #1261, #1354, #3080, #2399 ) ) ;
#1457 = DIRECTION ( 'NONE',  ( 0.000000000000000000, -0.000000000000000000, 1.000000000000000000 ) ) ;
#1458 = ADVANCED_FACE ( 'NONE', ( #3425 ), #2938, .F. ) ;
#1459 = ORIENTED_EDGE ( 'NONE', *, *, #2258, .T. ) ;
#1460 = DIRECTION ( 'NONE',  ( 0.000000000000000000, -1.000000000000000000, -0.000000000000000000 ) ) ;
#1461 = LINE ( 'NONE', #11, #2702 ) ;
#1462 = EDGE_CURVE ( 'NONE', #1295, #1466, #3368, .T. ) ;
#1463 = SURFACE_SIDE_STYLE ('',( #383 ) ) ;
#1464 = VECTOR ( 'NONE', #1446, 1000.000000000000000 ) ;
#1465 = CARTESIAN_POINT ( 'NONE',  ( 0.6250000000000000000, 0.000000000000000000, 0.9000000000000000222 ) ) ;
#1466 = VERTEX_POINT ( 'NONE', #3308 ) ;
#1467 = PLANE ( 'NONE',  #1725 ) ;
#1468 = FACE_OUTER_BOUND ( 'NONE', #2699, .T. ) ;
#1469 = AXIS2_PLACEMENT_3D ( 'NONE', #307, #2163, #3977 ) ;
#1470 = ADVANCED_FACE ( 'NONE', ( #2074 ), #493, .F. ) ;
#1471 = EDGE_CURVE ( 'NONE', #3471, #3853, #708, .T. ) ;
#1472 = FACE_OUTER_BOUND ( 'NONE', #211, .T. ) ;
#1473 = PLANE ( 'NONE',  #2108 ) ;
#1474 = EDGE_CURVE ( 'NONE', #1557, #257, #763, .T. ) ;
#1475 = ORIENTED_EDGE ( 'NONE', *, *, #3301, .T. ) ;
#1476 = LINE ( 'NONE', #1942, #2817 ) ;
#1477 = VECTOR ( 'NONE', #1979, 1000.000000000000000 ) ;
#1478 = CARTESIAN_POINT ( 'NONE',  ( 0.8999999999999958034, 0.05000000000000000278, -0.1250000000000109912 ) ) ;
#1479 = VERTEX_POINT ( 'NONE', #283 ) ;
#1480 = ORIENTED_EDGE ( 'NONE', *, *, #2088, .T. ) ;
#1481 = VECTOR ( 'NONE', #3285, 1000.000000000000000 ) ;
#1482 = DIRECTION ( 'NONE',  ( 0.000000000000000000, -0.000000000000000000, 1.000000000000000000 ) ) ;
#1483 = VECTOR ( 'NONE', #1058, 1000.000000000000000 ) ;
#1484 = VERTEX_POINT ( 'NONE', #2621 ) ;
#1485 = CARTESIAN_POINT ( 'NONE',  ( 0.8999999999999958034, 0.000000000000000000, -0.1250000000000109912 ) ) ;
#1486 = ORIENTED_EDGE ( 'NONE', *, *, #3198, .T. ) ;
#1487 = VECTOR ( 'NONE', #1886, 1000.000000000000000 ) ;
#1488 = CARTESIAN_POINT ( 'NONE',  ( 0.6250000000000000000, 0.05000000000000000278, -0.9000000000000000222 ) ) ;
#1489 = PLANE ( 'NONE',  #768 ) ;
#1490 = FACE_OUTER_BOUND ( 'NONE', #3928, .T. ) ;
#1491 =( GEOMETRIC_REPRESENTATION_CONTEXT ( 3 ) GLOBAL_UNCERTAINTY_ASSIGNED_CONTEXT ( ( #3319 ) ) GLOBAL_UNIT_ASSIGNED_CONTEXT ( ( #2449, #798, #908 ) ) REPRESENTATION_CONTEXT ( 'NONE', 'WORKASPACE' ) );
#1492 = ORIENTED_EDGE ( 'NONE', *, *, #3000, .F. ) ;
#1493 = PLANE ( 'NONE',  #2666 ) ;
#1494 = ADVANCED_FACE ( 'NONE', ( #2126 ), #1723, .F. ) ;
#1495 = ORIENTED_EDGE ( 'NONE', *, *, #1875, .T. ) ;
#1496 = EDGE_CURVE ( 'NONE', #816, #3542, #3395, .T. ) ;
#1497 = VECTOR ( 'NONE', #2302, 1000.000000000000000 ) ;
#1498 = DIRECTION ( 'NONE',  ( -0.000000000000000000, -0.000000000000000000, 1.000000000000000000 ) ) ;
#1499 = LINE ( 'NONE', #3827, #177 ) ;
#1500 = CARTESIAN_POINT ( 'NONE',  ( -0.1250000000000000000, 0.4216517186829673025, -0.6249999999999965583 ) ) ;
#1501 = DIRECTION ( 'NONE',  ( -0.000000000000000000, -1.000000000000000000, -0.000000000000000000 ) ) ;
#1502 = EDGE_CURVE ( 'NONE', #1582, #2647, #3411, .T. ) ;
#1503 = CARTESIAN_POINT ( 'NONE',  ( 0.9999999999999997780, 0.1400000000000000411, -0.9999999999999997780 ) ) ;
#1504 = ORIENTED_EDGE ( 'NONE', *, *, #2177, .F. ) ;
#1505 = EDGE_LOOP ( 'NONE', ( #2782, #1860, #439, #3222 ) ) ;
#1506 = LINE ( 'NONE', #1146, #1481 ) ;
#1507 = EDGE_CURVE ( 'NONE', #2321, #1786, #2020, .T. ) ;
#1508 = ADVANCED_FACE ( 'NONE', ( #736 ), #3294, .F. ) ;
#1509 = CARTESIAN_POINT ( 'NONE',  ( -0.3750000000000000000, 0.4216517186829673025, 0.6250000000000069944 ) ) ;
#1510 = LINE ( 'NONE', #1242, #280 ) ;
#1511 = EDGE_LOOP ( 'NONE', ( #3532, #2119, #2866, #1577 ) ) ;
#1512 = CARTESIAN_POINT ( 'NONE',  ( 0.1250000000000000000, 0.05000000000000002359, 0.9000000000000034639 ) ) ;
#1513 = ORIENTED_EDGE ( 'NONE', *, *, #3350, .F. ) ;
#1514 = ORIENTED_EDGE ( 'NONE', *, *, #596, .T. ) ;
#1515 = LINE ( 'NONE', #1901, #201 ) ;
#1516 = CARTESIAN_POINT ( 'NONE',  ( 0.6250000000000000000, 0.4216517186829673025, -0.6250000000000000000 ) ) ;
#1517 = AXIS2_PLACEMENT_3D ( 'NONE', #1659, #3467, #952 ) ;
#1518 = EDGE_CURVE ( 'NONE', #602, #466, #3481, .T. ) ;
#1519 = CARTESIAN_POINT ( 'NONE',  ( 0.6249999999999940048, -0.000000000000000000, -0.3750000000000089928 ) ) ;
#1520 = VERTEX_POINT ( 'NONE', #1419 ) ;
#1521 = EDGE_LOOP ( 'NONE', ( #1241, #3890, #3813, #1943 ) ) ;
#1522 = DIRECTION ( 'NONE',  ( -0.000000000000000000, -0.000000000000000000, 1.000000000000000000 ) ) ;
#1523 = VECTOR ( 'NONE', #1119, 1000.000000000000000 ) ;
#1524 = DIRECTION ( 'NONE',  ( 0.000000000000000000, -1.000000000000000000, 0.000000000000000000 ) ) ;
#1525 = CARTESIAN_POINT ( 'NONE',  ( -0.3750000000000000000, 0.000000000000000000, 0.6250000000000069944 ) ) ;
#1526 = LINE ( 'NONE', #704, #2910 ) ;
#1527 = DIRECTION ( 'NONE',  ( 0.000000000000000000, 0.000000000000000000, 1.000000000000000000 ) ) ;
#1528 = ORIENTED_EDGE ( 'NONE', *, *, #344, .F. ) ;
#1529 = CARTESIAN_POINT ( 'NONE',  ( 0.000000000000000000, 0.6999999999999999556, 0.000000000000000000 ) ) ;
#1530 = LINE ( 'NONE', #603, #2847 ) ;
#1531 = DIRECTION ( 'NONE',  ( 7.372574772901343377E-15, 0.000000000000000000, 1.000000000000000000 ) ) ;
#1532 = VECTOR ( 'NONE', #3083, 1000.000000000000000 ) ;
#1533 = CARTESIAN_POINT ( 'NONE',  ( 0.9999999999999997780, 0.8000000000000000444, -0.9999999999999997780 ) ) ;
#1534 = DIRECTION ( 'NONE',  ( 0.000000000000000000, 0.000000000000000000, -1.000000000000000000 ) ) ;
#1535 = EDGE_LOOP ( 'NONE', ( #2162, #1459 ) ) ;
#1536 = ADVANCED_FACE ( 'NONE', ( #695 ), #1823, .T. ) ;
#1537 = ORIENTED_EDGE ( 'NONE', *, *, #407, .F. ) ;
#1538 = VECTOR ( 'NONE', #3466, 1000.000000000000000 ) ;
#1539 = DIRECTION ( 'NONE',  ( 0.000000000000000000, -0.000000000000000000, 1.000000000000000000 ) ) ;
#1540 = CIRCLE ( 'NONE', #1795, 0.1000000000000001582 ) ;
#1541 = PLANE ( 'NONE',  #2330 ) ;
#1542 = CARTESIAN_POINT ( 'NONE',  ( -0.3750000000000000000, 0.000000000000000000, 0.9000000000000069056 ) ) ;
#1543 = ORIENTED_EDGE ( 'NONE', *, *, #1293, .F. ) ;
#1544 = LINE ( 'NONE', #2046, #2913 ) ;
#1545 = LINE ( 'NONE', #726, #1549 ) ;
#1546 = ORIENTED_EDGE ( 'NONE', *, *, #1994, .T. ) ;
#1547 = CYLINDRICAL_SURFACE ( 'NONE', #3782, 0.1000000000000001582 ) ;
#1548 = DIRECTION ( 'NONE',  ( 0.000000000000000000, -1.000000000000000000, 0.000000000000000000 ) ) ;
#1549 = VECTOR ( 'NONE', #1316, 1000.000000000000000 ) ;
#1550 = CARTESIAN_POINT ( 'NONE',  ( 0.6250000000000000000, 0.05000000000000002359, 0.9000000000000000222 ) ) ;
#1551 = EDGE_CURVE ( 'NONE', #805, #3287, #686, .T. ) ;
#1552 = ORIENTED_EDGE ( 'NONE', *, *, #2481, .F. ) ;
#1553 = CARTESIAN_POINT ( 'NONE',  ( 0.6249999999999998890, 0.4216517186829673025, 0.3749999999999973910 ) ) ;
#1554 = DIRECTION ( 'NONE',  ( -0.7071067811865520136, 0.000000000000000000, 0.7071067811865430208 ) ) ;
#1555 = DIRECTION ( 'NONE',  ( -0.000000000000000000, 0.000000000000000000, 1.000000000000000000 ) ) ;
#1556 = PLANE ( 'NONE',  #2179 ) ;
#1557 = VERTEX_POINT ( 'NONE', #212 ) ;
#1558 = LINE ( 'NONE', #3443, #1538 ) ;
#1559 = CARTESIAN_POINT ( 'NONE',  ( 0.1250000000000000000, 0.000000000000000000, -0.6249999999999965583 ) ) ;
#1560 = DIRECTION ( 'NONE',  ( -1.000000000000000000, 0.000000000000000000, 0.000000000000000000 ) ) ;
#1561 = ADVANCED_FACE ( 'NONE', ( #772 ), #3570, .F. ) ;
#1562 = VERTEX_POINT ( 'NONE', #3893 ) ;
#1563 = LINE ( 'NONE', #1512, #262 ) ;
#1564 = PRESENTATION_LAYER_ASSIGNMENT (  '', '', ( #1927 ) ) ;
#1565 = EDGE_CURVE ( 'NONE', #444, #3658, #3465, .T. ) ;
#1566 = DIRECTION ( 'NONE',  ( 1.951563910473977401E-14, 0.000000000000000000, 1.000000000000000000 ) ) ;
#1567 = VECTOR ( 'NONE', #1710, 1000.000000000000000 ) ;
#1568 = DIRECTION ( 'NONE',  ( 0.000000000000000000, 0.000000000000000000, 1.000000000000000000 ) ) ;
#1569 = ORIENTED_EDGE ( 'NONE', *, *, #393, .F. ) ;
#1570 = CARTESIAN_POINT ( 'NONE',  ( 0.3750000000000000000, 0.000000000000000000, 0.6250000000000000000 ) ) ;
#1571 = FACE_OUTER_BOUND ( 'NONE', #1589, .T. ) ;
#1572 = DIRECTION ( 'NONE',  ( -1.000000000000000000, 0.000000000000000000, 0.000000000000000000 ) ) ;
#1573 = DIRECTION ( 'NONE',  ( -0.000000000000000000, -0.000000000000000000, -1.000000000000000000 ) ) ;
#1574 = LINE ( 'NONE', #2565, #2917 ) ;
#1575 = DIRECTION ( 'NONE',  ( 0.000000000000000000, 0.000000000000000000, 1.000000000000000000 ) ) ;
#1576 = APPLICATION_PROTOCOL_DEFINITION ( 'draft international standard', 'automotive_design', 1998, #3745 ) ;
#1577 = ORIENTED_EDGE ( 'NONE', *, *, #2382, .F. ) ;
#1578 = FACE_OUTER_BOUND ( 'NONE', #104, .T. ) ;
#1579 = LINE ( 'NONE', #3281, #1532 ) ;
#1580 = PLANE ( 'NONE',  #1517 ) ;
#1581 = CARTESIAN_POINT ( 'NONE',  ( 0.9999999999999997780, 0.8000000000000000444, 0.9999999999999997780 ) ) ;
#1582 = VERTEX_POINT ( 'NONE', #261 ) ;
#1583 = LINE ( 'NONE', #1409, #2886 ) ;
#1584 = LINE ( 'NONE', #1374, #2934 ) ;
#1585 = CARTESIAN_POINT ( 'NONE',  ( 0.8999999999999940270, 0.05000000000000002359, -0.3750000000000138778 ) ) ;
#1586 = AXIS2_PLACEMENT_3D ( 'NONE', #3621, #3979, #308 ) ;
#1587 = SURFACE_SIDE_STYLE ('',( #1291 ) ) ;
#1588 = CARTESIAN_POINT ( 'NONE',  ( 0.8999999999999958034, 0.05000000000000000278, -0.1250000000000109912 ) ) ;
#1589 = EDGE_LOOP ( 'NONE', ( #2560, #81, #3978, #3332 ) ) ;
#1590 = VECTOR ( 'NONE', #1781, 1000.000000000000000 ) ;
#1591 = CARTESIAN_POINT ( 'NONE',  ( 0.6249999999999940048, 0.05000000000000000278, -0.3750000000000089928 ) ) ;
#1592 = FACE_OUTER_BOUND ( 'NONE', #3571, .T. ) ;
#1593 = AXIS2_PLACEMENT_3D ( 'NONE', #3264, #3843, #3221 ) ;
#1594 = DIRECTION ( 'NONE',  ( 1.000000000000000000, 0.000000000000000000, 0.000000000000000000 ) ) ;
#1595 = ORIENTED_EDGE ( 'NONE', *, *, #3720, .T. ) ;
#1596 = VECTOR ( 'NONE', #1250, 1000.000000000000000 ) ;
#1597 = DIRECTION ( 'NONE',  ( 0.000000000000000000, 0.000000000000000000, -1.000000000000000000 ) ) ;
#1598 = LINE ( 'NONE', #3453, #2893 ) ;
#1599 = ORIENTED_EDGE ( 'NONE', *, *, #1836, .T. ) ;
#1600 = VECTOR ( 'NONE', #1839, 1000.000000000000000 ) ;
#1601 = ADVANCED_FACE ( 'NONE', ( #767 ), #807, .T. ) ;
#1602 = CARTESIAN_POINT ( 'NONE',  ( 0.8999999999999958034, 0.05000000000000000278, -0.1250000000000109912 ) ) ;
#1603 = CARTESIAN_POINT ( 'NONE',  ( 0.8999999999999940270, 0.000000000000000000, -0.3750000000000138778 ) ) ;
#1604 = EDGE_CURVE ( 'NONE', #3885, #1967, #3372, .T. ) ;
#1605 = VECTOR ( 'NONE', #611, 1000.000000000000000 ) ;
#1606 = EDGE_CURVE ( 'NONE', #1154, #1239, #2071, .T. ) ;
#1607 = DIRECTION ( 'NONE',  ( 1.774149009521734959E-14, -0.000000000000000000, 1.000000000000000000 ) ) ;
#1608 = STYLED_ITEM ( 'NONE', ( #3112 ), #745 ) ;
#1609 = CARTESIAN_POINT ( 'NONE',  ( -0.7499999999999997780, 0.4171572875253805601, -0.7499999999999998890 ) ) ;
#1610 = AXIS2_PLACEMENT_3D ( 'NONE', #2502, #400, #2939 ) ;
#1611 = EDGE_CURVE ( 'NONE', #3965, #1165, #2093, .T. ) ;
#1612 = EDGE_CURVE ( 'NONE', #3908, #2523, #2141, .T. ) ;
#1613 = PLANE ( 'NONE',  #220 ) ;
#1614 = VECTOR ( 'NONE', #2999, 1000.000000000000000 ) ;
#1615 = CARTESIAN_POINT ( 'NONE',  ( -0.8999999999999999112, 0.000000000000000000, -0.1249999999999974049 ) ) ;
#1616 = DIRECTION ( 'NONE',  ( 0.000000000000000000, 0.000000000000000000, 1.000000000000000000 ) ) ;
#1617 = ORIENTED_EDGE ( 'NONE', *, *, #3651, .T. ) ;
#1618 = LINE ( 'NONE', #738, #462 ) ;
#1619 = DIRECTION ( 'NONE',  ( -0.000000000000000000, -1.000000000000000000, -0.000000000000000000 ) ) ;
#1620 = CARTESIAN_POINT ( 'NONE',  ( 0.1250000000000000000, 0.05000000000000000278, -0.6249999999999965583 ) ) ;
#1621 = CARTESIAN_POINT ( 'NONE',  ( -0.1250000000000000000, 0.4216517186829673025, 0.9000000000000034639 ) ) ;
#1622 = VECTOR ( 'NONE', #2680, 1000.000000000000000 ) ;
#1623 = ADVANCED_FACE ( 'NONE', ( #3365 ), #236, .F. ) ;
#1624 = ORIENTED_EDGE ( 'NONE', *, *, #1923, .T. ) ;
#1625 = FACE_OUTER_BOUND ( 'NONE', #1974, .T. ) ;
#1626 = LINE ( 'NONE', #239, #2905 ) ;
#1627 = CARTESIAN_POINT ( 'NONE',  ( -0.3750000000000000000, 0.05000000000000000278, 0.9000000000000069056 ) ) ;
#1628 = PLANE ( 'NONE',  #12 ) ;
#1629 = ORIENTED_EDGE ( 'NONE', *, *, #2909, .F. ) ;
#1630 = FACE_OUTER_BOUND ( 'NONE', #10, .T. ) ;
#1631 = PRESENTATION_LAYER_ASSIGNMENT (  '', '', ( #3250 ) ) ;
#1632 = FACE_OUTER_BOUND ( 'NONE', #3603, .T. ) ;
#1633 = SURFACE_STYLE_USAGE ( .BOTH. , #3205 ) ;
#1634 = CARTESIAN_POINT ( 'NONE',  ( -0.6249999999999998890, 0.05000000000000002359, 0.1249999999999974049 ) ) ;
#1635 = VECTOR ( 'NONE', #363, 1000.000000000000000 ) ;
#1636 = ORIENTED_EDGE ( 'NONE', *, *, #596, .F. ) ;
#1637 = EDGE_CURVE ( 'NONE', #3741, #2245, #756, .T. ) ;
#1638 = DIRECTION ( 'NONE',  ( 0.000000000000000000, -1.000000000000000000, 0.000000000000000000 ) ) ;
#1639 = CARTESIAN_POINT ( 'NONE',  ( 0.6899999999999999467, 0.6999999999999999556, 0.7599999999999997868 ) ) ;
#1640 = STYLED_ITEM ( 'NONE', ( #2174 ), #1773 ) ;
#1641 = DIRECTION ( 'NONE',  ( -0.000000000000000000, 1.000000000000000000, 0.000000000000000000 ) ) ;
#1642 = CARTESIAN_POINT ( 'NONE',  ( 0.9000000000000047962, 0.05000000000000000278, 0.3749999999999885092 ) ) ;
#1643 = ORIENTED_EDGE ( 'NONE', *, *, #3462, .T. ) ;
#1644 = FILL_AREA_STYLE ('',( #967 ) ) ;
#1645 = CARTESIAN_POINT ( 'NONE',  ( -0.3750000000000000000, 0.05000000000000002359, -0.6249999999999931166 ) ) ;
#1646 = DIRECTION ( 'NONE',  ( 0.000000000000000000, -1.000000000000000000, 0.000000000000000000 ) ) ;
#1647 = ORIENTED_EDGE ( 'NONE', *, *, #3339, .T. ) ;
#1648 = LINE ( 'NONE', #2433, #295 ) ;
#1649 = CLOSED_SHELL ( 'NONE', ( #2217, #3147, #2053, #2898, #2752, #2418 ) ) ;
#1650 = EDGE_CURVE ( 'NONE', #2331, #2991, #689, .T. ) ;
#1651 = CARTESIAN_POINT ( 'NONE',  ( 0.9000000000000047962, 0.000000000000000000, 0.3749999999999885092 ) ) ;
#1652 = AXIS2_PLACEMENT_3D ( 'NONE', #992, #408, #2545 ) ;
#1653 = ADVANCED_FACE ( 'NONE', ( #3458 ), #1205, .T. ) ;
#1654 = CARTESIAN_POINT ( 'NONE',  ( -0.2200000000000001399, 0.6999999999999999556, -0.1500000000000001887 ) ) ;
#1655 = SURFACE_STYLE_FILL_AREA ( #1238 ) ;
#1656 = ORIENTED_EDGE ( 'NONE', *, *, #1650, .F. ) ;
#1657 = PRODUCT_RELATED_PRODUCT_CATEGORY ( 'part', '', ( #3987 ) ) ;
#1658 = EDGE_CURVE ( 'NONE', #2291, #3818, #2132, .T. ) ;
#1659 = CARTESIAN_POINT ( 'NONE',  ( -0.2200000000000001399, -0.5869343417595165313, -0.1500000000000001887 ) ) ;
#1660 = PLANE ( 'NONE',  #342 ) ;
#1661 = CARTESIAN_POINT ( 'NONE',  ( -0.8999999999999999112, 0.05000000000000000278, -0.3749999999999973910 ) ) ;
#1662 = EDGE_LOOP ( 'NONE', ( #2823, #632, #670, #2033 ) ) ;
#1663 = LINE ( 'NONE', #2704, #303 ) ;
#1664 = VERTEX_POINT ( 'NONE', #590 ) ;
#1665 = LINE ( 'NONE', #1076, #3092 ) ;
#1666 = CARTESIAN_POINT ( 'NONE',  ( -0.2200000000000000289, 0.8000000000000000444, 0.7599999999999997868 ) ) ;
#1667 = VERTEX_POINT ( 'NONE', #2411 ) ;
#1668 = CARTESIAN_POINT ( 'NONE',  ( -0.8999999999999999112, 0.000000000000000000, -0.1249999999999974049 ) ) ;
#1669 = ORIENTED_EDGE ( 'NONE', *, *, #645, .T. ) ;
#1670 = FILL_AREA_STYLE_COLOUR ( '', #3649 ) ;
#1671 = DIRECTION ( 'NONE',  ( 0.000000000000000000, -0.000000000000000000, -1.000000000000000000 ) ) ;
#1672 = VECTOR ( 'NONE', #1430, 1000.000000000000000 ) ;
#1673 = DIRECTION ( 'NONE',  ( 1.000000000000000000, -0.000000000000000000, 0.000000000000000000 ) ) ;
#1674 = ORIENTED_EDGE ( 'NONE', *, *, #3226, .T. ) ;
#1675 = VERTEX_POINT ( 'NONE', #3343 ) ;
#1676 = FACE_OUTER_BOUND ( 'NONE', #3148, .T. ) ;
#1677 = DIRECTION ( 'NONE',  ( 0.000000000000000000, -0.000000000000000000, 1.000000000000000000 ) ) ;
#1678 = DIRECTION ( 'NONE',  ( 1.000000000000000000, 0.000000000000000000, 0.000000000000000000 ) ) ;
#1679 = AXIS2_PLACEMENT_3D ( 'NONE', #2292, #3028, #722 ) ;
#1680 = CARTESIAN_POINT ( 'NONE',  ( -0.3750000000000000000, 0.000000000000000000, 0.9000000000000069056 ) ) ;
#1681 = VERTEX_POINT ( 'NONE', #3622 ) ;
#1682 = VECTOR ( 'NONE', #1848, 1000.000000000000000 ) ;
#1683 = VERTEX_POINT ( 'NONE', #3982 ) ;
#1684 = EDGE_CURVE ( 'NONE', #1831, #932, #797, .T. ) ;
#1685 = CARTESIAN_POINT ( 'NONE',  ( 0.8999999999999958034, 0.000000000000000000, -0.1250000000000109912 ) ) ;
#1686 = CARTESIAN_POINT ( 'NONE',  ( -0.6250000000000000000, 0.05000000000000000278, 0.6250000000000069944 ) ) ;
#1687 = EDGE_CURVE ( 'NONE', #1198, #2715, #702, .T. ) ;
#1688 = ADVANCED_FACE ( 'NONE', ( #717 ), #1292, .T. ) ;
#1689 = FACE_OUTER_BOUND ( 'NONE', #926, .T. ) ;
#1690 = ORIENTED_EDGE ( 'NONE', *, *, #2712, .T. ) ;
#1691 = EDGE_CURVE ( 'NONE', #2865, #410, #2036, .T. ) ;
#1692 = LINE ( 'NONE', #2395, #3036 ) ;
#1693 = CARTESIAN_POINT ( 'NONE',  ( 0.000000000000000000, 0.05000000000000000278, 0.000000000000000000 ) ) ;
#1694 = SURFACE_STYLE_USAGE ( .BOTH. , #434 ) ;
#1695 = CARTESIAN_POINT ( 'NONE',  ( 0.000000000000000000, 0.000000000000000000, 0.000000000000000000 ) ) ;
#1696 = VERTEX_POINT ( 'NONE', #3933 ) ;
#1697 = CARTESIAN_POINT ( 'NONE',  ( -0.7249999999999999778, 0.4216517186829673025, -0.3749999999999973910 ) ) ;
#1698 = DIRECTION ( 'NONE',  ( -1.000000000000000000, 0.000000000000000000, 0.000000000000000000 ) ) ;
#1699 = VECTOR ( 'NONE', #1762, 1000.000000000000000 ) ;
#1700 = CARTESIAN_POINT ( 'NONE',  ( 0.8999999999999999112, 0.05000000000000002359, 0.1249999999999974049 ) ) ;
#1701 = AXIS2_PLACEMENT_3D ( 'NONE', #253, #799, #498 ) ;
#1702 = EDGE_CURVE ( 'NONE', #1064, #437, #2059, .T. ) ;
#1703 = DIRECTION ( 'NONE',  ( 1.000000000000000000, 0.000000000000000000, 0.000000000000000000 ) ) ;
#1704 = ORIENTED_EDGE ( 'NONE', *, *, #2926, .F. ) ;
#1705 = PRESENTATION_STYLE_ASSIGNMENT (( #2111 ) ) ;
#1706 = ORIENTED_EDGE ( 'NONE', *, *, #2717, .T. ) ;
#1707 = EDGE_CURVE ( 'NONE', #2146, #3686, #2066, .T. ) ;
#1708 = LINE ( 'NONE', #37, #3049 ) ;
#1709 = DIRECTION ( 'NONE',  ( 0.000000000000000000, 0.000000000000000000, 1.000000000000000000 ) ) ;
#1710 = DIRECTION ( 'NONE',  ( 0.000000000000000000, 1.000000000000000000, 0.000000000000000000 ) ) ;
#1711 = LINE ( 'NONE', #3591, #1780 ) ;
#1712 = ORIENTED_EDGE ( 'NONE', *, *, #1993, .T. ) ;
#1713 = FACE_OUTER_BOUND ( 'NONE', #2665, .T. ) ;
#1714 = DIRECTION ( 'NONE',  ( 1.000000000000000000, 0.000000000000000000, -0.000000000000000000 ) ) ;
#1715 = ORIENTED_EDGE ( 'NONE', *, *, #698, .T. ) ;
#1716 = EDGE_LOOP ( 'NONE', ( #2346, #3655, #2497, #159 ) ) ;
#1717 = UNCERTAINTY_MEASURE_WITH_UNIT (LENGTH_MEASURE( 1.000000000000000082E-05 ), #2554, 'distance_accuracy_value', 'NONE');
#1718 = LINE ( 'NONE', #3749, #3106 ) ;
#1719 = CARTESIAN_POINT ( 'NONE',  ( -0.6250000000000000000, 0.05000000000000000278, -0.8999999999999930278 ) ) ;
#1720 = CARTESIAN_POINT ( 'NONE',  ( 0.8999999999999958034, 0.05000000000000000278, -0.1250000000000109912 ) ) ;
#1721 = ADVANCED_FACE ( 'NONE', ( #2083 ), #2173, .F. ) ;
#1722 = FACE_OUTER_BOUND ( 'NONE', #583, .T. ) ;
#1723 = PLANE ( 'NONE',  #2641 ) ;
#1724 = VERTEX_POINT ( 'NONE', #876 ) ;
#1725 = AXIS2_PLACEMENT_3D ( 'NONE', #1766, #1134, #543 ) ;
#1726 = PLANE ( 'NONE',  #1216 ) ;
#1727 = LINE ( 'NONE', #3186, #349 ) ;
#1728 = DIRECTION ( 'NONE',  ( -1.000000000000000000, -0.000000000000000000, -0.000000000000000000 ) ) ;
#1729 = CARTESIAN_POINT ( 'NONE',  ( -0.2200000000000001399, -0.5869343417595165313, -0.1500000000000001887 ) ) ;
#1730 = ORIENTED_EDGE ( 'NONE', *, *, #1658, .T. ) ;
#1731 = AXIS2_PLACEMENT_3D ( 'NONE', #173, #2718, #1482 ) ;
#1732 = FACE_OUTER_BOUND ( 'NONE', #541, .T. ) ;
#1733 = DIRECTION ( 'NONE',  ( 0.000000000000000000, -0.000000000000000000, 1.000000000000000000 ) ) ;
#1734 = CARTESIAN_POINT ( 'NONE',  ( 0.1250000000000000000, 0.000000000000000000, 0.6250000000000034417 ) ) ;
#1735 = ORIENTED_EDGE ( 'NONE', *, *, #125, .F. ) ;
#1736 = ORIENTED_EDGE ( 'NONE', *, *, #1702, .T. ) ;
#1737 = DIRECTION ( 'NONE',  ( 0.000000000000000000, 1.000000000000000000, 0.000000000000000000 ) ) ;
#1738 = VECTOR ( 'NONE', #1128, 1000.000000000000000 ) ;
#1739 = VERTEX_POINT ( 'NONE', #579 ) ;
#1740 = LINE ( 'NONE', #3445, #3099 ) ;
#1741 = PLANE ( 'NONE',  #2879 ) ;
#1742 = CARTESIAN_POINT ( 'NONE',  ( 0.1250000000000000000, 0.05000000000000002359, 0.6250000000000034417 ) ) ;
#1743 = DIRECTION ( 'NONE',  ( 0.000000000000000000, -0.000000000000000000, -1.000000000000000000 ) ) ;
#1744 = EDGE_LOOP ( 'NONE', ( #1429, #1915, #68, #1569 ) ) ;
#1745 =( GEOMETRIC_REPRESENTATION_CONTEXT ( 3 ) GLOBAL_UNCERTAINTY_ASSIGNED_CONTEXT ( ( #1760 ) ) GLOBAL_UNIT_ASSIGNED_CONTEXT ( ( #2682, #2927, #3299 ) ) REPRESENTATION_CONTEXT ( 'NONE', 'WORKASPACE' ) );
#1746 = DIRECTION ( 'NONE',  ( -1.000000000000000000, -0.000000000000000000, -0.000000000000000000 ) ) ;
#1747 = DIRECTION ( 'NONE',  ( -0.7071067811865463515, -0.000000000000000000, -0.7071067811865487940 ) ) ;
#1748 = EDGE_CURVE ( 'NONE', #3366, #1856, #3505, .T. ) ;
#1749 = LINE ( 'NONE', #2698, #416 ) ;
#1750 = DIRECTION ( 'NONE',  ( 0.000000000000000000, 0.000000000000000000, -1.000000000000000000 ) ) ;
#1751 = EDGE_CURVE ( 'NONE', #617, #3828, #3491, .T. ) ;
#1752 = ADVANCED_FACE ( 'NONE', ( #2218 ), #1257, .F. ) ;
#1753 = ORIENTED_EDGE ( 'NONE', *, *, #435, .T. ) ;
#1754 = EDGE_LOOP ( 'NONE', ( #2018, #1379, #3394, #1900 ) ) ;
#1755 = FACE_OUTER_BOUND ( 'NONE', #3524, .T. ) ;
#1756 = CARTESIAN_POINT ( 'NONE',  ( 0.6250000000000000000, 0.05000000000000002359, 0.6250000000000000000 ) ) ;
#1757 = ORIENTED_EDGE ( 'NONE', *, *, #451, .T. ) ;
#1758 = CARTESIAN_POINT ( 'NONE',  ( -0.3750000000000000000, 0.000000000000000000, -0.8999999999999930278 ) ) ;
#1759 = VECTOR ( 'NONE', #426, 1000.000000000000000 ) ;
#1760 = UNCERTAINTY_MEASURE_WITH_UNIT (LENGTH_MEASURE( 1.000000000000000082E-05 ), #2682, 'distance_accuracy_value', 'NONE');
#1761 = PLANE ( 'NONE',  #1777 ) ;
#1762 = DIRECTION ( 'NONE',  ( 0.000000000000000000, 0.000000000000000000, -1.000000000000000000 ) ) ;
#1763 = VERTEX_POINT ( 'NONE', #3089 ) ;
#1764 = LINE ( 'NONE', #1661, #3087 ) ;
#1765 = CARTESIAN_POINT ( 'NONE',  ( -0.7249999999999993117, 0.000000000000000000, -0.3749999999999973910 ) ) ;
#1766 = CARTESIAN_POINT ( 'NONE',  ( -0.8999999999999999112, 0.4216517186829673025, -0.3749999999999973910 ) ) ;
#1767 = AXIS2_PLACEMENT_3D ( 'NONE', #714, #2256, #430 ) ;
#1768 = DIRECTION ( 'NONE',  ( 0.000000000000000000, 1.000000000000000000, 0.000000000000000000 ) ) ;
#1769 = VERTEX_POINT ( 'NONE', #2863 ) ;
#1770 = DIRECTION ( 'NONE',  ( -1.000000000000000000, 0.000000000000000000, -0.000000000000000000 ) ) ;
#1771 = DIRECTION ( 'NONE',  ( 0.000000000000000000, 0.000000000000000000, 1.000000000000000000 ) ) ;
#1772 = LINE ( 'NONE', #3125, #544 ) ;
#1773 = MANIFOLD_SOLID_BREP ( 'Boss-Extrude3', #1649 ) ;
#1774 = DIRECTION ( 'NONE',  ( 0.000000000000000000, -0.000000000000000000, 1.000000000000000000 ) ) ;
#1775 = ADVANCED_FACE ( 'NONE', ( #2268 ), #903, .T. ) ;
#1777 = AXIS2_PLACEMENT_3D ( 'NONE', #3613, #2032, #2370 ) ;
#1776 = CARTESIAN_POINT ( 'NONE',  ( 0.1250000000000000000, 0.000000000000000000, -0.6249999999999965583 ) ) ;
#1778 = ORIENTED_EDGE ( 'NONE', *, *, #2044, .F. ) ;
#1779 = EDGE_CURVE ( 'NONE', #3546, #338, #918, .T. ) ;
#1780 = VECTOR ( 'NONE', #2034, 1000.000000000000000 ) ;
#1781 = DIRECTION ( 'NONE',  ( -1.951563910473977401E-14, 0.000000000000000000, -1.000000000000000000 ) ) ;
#1782 = VECTOR ( 'NONE', #653, 1000.000000000000000 ) ;
#1783 = ADVANCED_FACE ( 'NONE', ( #2236 ), #2915, .F. ) ;
#1784 = CARTESIAN_POINT ( 'NONE',  ( -0.6249999999999998890, 0.05000000000000000278, 0.3749999999999973910 ) ) ;
#1785 = ORIENTED_EDGE ( 'NONE', *, *, #2909, .T. ) ;
#1786 = VERTEX_POINT ( 'NONE', #1381 ) ;
#1787 = LINE ( 'NONE', #2931, #380 ) ;
#1788 = CARTESIAN_POINT ( 'NONE',  ( -0.1250000000000000000, 0.4216517186829673025, -0.6249999999999965583 ) ) ;
#1789 = LINE ( 'NONE', #1326, #453 ) ;
#1790 = DIRECTION ( 'NONE',  ( 1.000000000000000000, -0.000000000000000000, -0.000000000000000000 ) ) ;
#1791 = EDGE_CURVE ( 'NONE', #3546, #2966, #2164, .T. ) ;
#1792 = CARTESIAN_POINT ( 'NONE',  ( 0.6250000000000000000, 0.05000000000000000278, -0.6250000000000000000 ) ) ;
#1793 = CARTESIAN_POINT ( 'NONE',  ( 0.000000000000000000, 0.8000000000000000444, 0.000000000000000000 ) ) ;
#1794 = ORIENTED_EDGE ( 'NONE', *, *, #2767, .T. ) ;
#1795 = AXIS2_PLACEMENT_3D ( 'NONE', #2244, #2271, #1986 ) ;
#1796 = FACE_OUTER_BOUND ( 'NONE', #1378, .T. ) ;
#1797 = CARTESIAN_POINT ( 'NONE',  ( 0.6250000000000000000, 0.05000000000000000278, 0.9000000000000000222 ) ) ;
#1798 = EDGE_CURVE ( 'NONE', #2830, #580, #940, .T. ) ;
#1799 = CARTESIAN_POINT ( 'NONE',  ( 0.1250000000000000000, 0.05000000000000000278, 0.6250000000000034417 ) ) ;
#1800 = MANIFOLD_SOLID_BREP ( 'Boss-Extrude4[8]', #110 ) ;
#1801 = ORIENTED_EDGE ( 'NONE', *, *, #1035, .T. ) ;
#1802 = DIRECTION ( 'NONE',  ( 0.000000000000000000, 0.000000000000000000, 1.000000000000000000 ) ) ;
#1803 = EDGE_CURVE ( 'NONE', #3407, #977, #838, .T. ) ;
#1804 = ADVANCED_BREP_SHAPE_REPRESENTATION ( 'LPS22HHTR', ( #3228, #2367, #1773, #2940, #181, #745, #2187, #24, #2216, #3356, #1311, #1800, #370, #1098, #310 ), #3275 ) ;
#1805 = CARTESIAN_POINT ( 'NONE',  ( -0.8999999999999999112, 0.000000000000000000, 0.1249999999999974049 ) ) ;
#1806 = LINE ( 'NONE', #3384, #1862 ) ;
#1807 = CARTESIAN_POINT ( 'NONE',  ( 0.3750000000000000000, 0.05000000000000002359, 0.6250000000000000000 ) ) ;
#1808 = DIRECTION ( 'NONE',  ( 0.000000000000000000, -0.000000000000000000, 1.000000000000000000 ) ) ;
#1809 = ORIENTED_EDGE ( 'NONE', *, *, #3569, .F. ) ;
#1810 = ORIENTED_EDGE ( 'NONE', *, *, #2085, .T. ) ;
#1811 = DIRECTION ( 'NONE',  ( 1.000000000000000000, 0.000000000000000000, 0.000000000000000000 ) ) ;
#1812 = VECTOR ( 'NONE', #2711, 1000.000000000000000 ) ;
#1813 = ADVANCED_FACE ( 'NONE', ( #3488 ), #3444, .T. ) ;
#1814 = ORIENTED_EDGE ( 'NONE', *, *, #2995, .F. ) ;
#1815 = VERTEX_POINT ( 'NONE', #3512 ) ;
#1816 = VECTOR ( 'NONE', #379, 1000.000000000000000 ) ;
#1817 = ADVANCED_FACE ( 'NONE', ( #3494 ), #2203, .T. ) ;
#1818 = ORIENTED_EDGE ( 'NONE', *, *, #2371, .T. ) ;
#1819 = CARTESIAN_POINT ( 'NONE',  ( -0.2200000000000001399, 0.8000000000000000444, -0.1500000000000001887 ) ) ;
#1820 = ORIENTED_EDGE ( 'NONE', *, *, #3729, .T. ) ;
#1821 = AXIS2_PLACEMENT_3D ( 'NONE', #3747, #889, #680 ) ;
#1822 = APPLICATION_PROTOCOL_DEFINITION ( 'draft international standard', 'automotive_design', 1998, #2818 ) ;
#1823 = PLANE ( 'NONE',  #2023 ) ;
#1824 = ORIENTED_EDGE ( 'NONE', *, *, #2169, .F. ) ;
#1825 = CARTESIAN_POINT ( 'NONE',  ( 0.1250000000000000000, 0.000000000000000000, 0.9000000000000034639 ) ) ;
#1826 = EDGE_CURVE ( 'NONE', #3892, #779, #808, .T. ) ;
#1827 = FILL_AREA_STYLE ('',( #3753 ) ) ;
#1828 = EDGE_CURVE ( 'NONE', #2865, #3509, #2184, .T. ) ;
#1829 = CARTESIAN_POINT ( 'NONE',  ( -0.6250000000000000000, 0.05000000000000000278, 0.6250000000000069944 ) ) ;
#1830 = ORIENTED_EDGE ( 'NONE', *, *, #2926, .T. ) ;
#1831 = VERTEX_POINT ( 'NONE', #2891 ) ;
#1832 = DIRECTION ( 'NONE',  ( -0.000000000000000000, 1.000000000000000000, 0.000000000000000000 ) ) ;
#1833 = FILL_AREA_STYLE_COLOUR ( '', #928 ) ;
#1834 = CARTESIAN_POINT ( 'NONE',  ( 0.8999999999999999112, 0.05000000000000000278, 0.1249999999999974049 ) ) ;
#1835 = ORIENTED_EDGE ( 'NONE', *, *, #176, .F. ) ;
#1836 = EDGE_CURVE ( 'NONE', #2671, #2092, #899, .T. ) ;
#1837 = CARTESIAN_POINT ( 'NONE',  ( 0.8999999999999999112, 0.05000000000000000278, 0.1249999999999974049 ) ) ;
#1838 = VECTOR ( 'NONE', #2473, 1000.000000000000000 ) ;
#1839 = DIRECTION ( 'NONE',  ( -1.000000000000000000, 0.000000000000000000, 0.000000000000000000 ) ) ;
#1840 = PLANE ( 'NONE',  #823 ) ;
#1841 = AXIS2_PLACEMENT_3D ( 'NONE', #623, #3071, #581 ) ;
#1842 = DIRECTION ( 'NONE',  ( -1.000000000000000000, 0.000000000000000000, -0.000000000000000000 ) ) ;
#1843 = SURFACE_STYLE_USAGE ( .BOTH. , #1908 ) ;
#1844 = DIRECTION ( 'NONE',  ( -0.000000000000000000, -1.000000000000000000, -0.000000000000000000 ) ) ;
#1845 = ORIENTED_EDGE ( 'NONE', *, *, #814, .T. ) ;
#1846 = DIRECTION ( 'NONE',  ( 0.000000000000000000, 0.000000000000000000, -1.000000000000000000 ) ) ;
#1847 = LINE ( 'NONE', #2485, #3208 ) ;
#1848 = DIRECTION ( 'NONE',  ( -0.000000000000000000, -0.000000000000000000, 1.000000000000000000 ) ) ;
#1849 = ADVANCED_FACE ( 'NONE', ( #3515 ), #711, .F. ) ;
#1850 = CARTESIAN_POINT ( 'NONE',  ( -0.6249999999999998890, 0.000000000000000000, -0.2749999999999966915 ) ) ;
#1851 = ORIENTED_EDGE ( 'NONE', *, *, #814, .F. ) ;
#1852 = DIRECTION ( 'NONE',  ( 0.000000000000000000, 0.000000000000000000, -1.000000000000000000 ) ) ;
#1853 =( NAMED_UNIT ( * ) SI_UNIT ( $, .STERADIAN. ) SOLID_ANGLE_UNIT ( ) );
#1854 = FACE_OUTER_BOUND ( 'NONE', #3225, .T. ) ;
#1855 = DIRECTION ( 'NONE',  ( 0.000000000000000000, 0.000000000000000000, -1.000000000000000000 ) ) ;
#1856 = VERTEX_POINT ( 'NONE', #2943 ) ;
#1857 = DIRECTION ( 'NONE',  ( 1.000000000000000000, 0.000000000000000000, 0.000000000000000000 ) ) ;
#1858 = VECTOR ( 'NONE', #2806, 1000.000000000000000 ) ;
#1859 = CARTESIAN_POINT ( 'NONE',  ( -0.3750000000000000000, 0.05000000000000000278, -0.6249999999999931166 ) ) ;
#1860 = ORIENTED_EDGE ( 'NONE', *, *, #854, .F. ) ;
#1861 = CARTESIAN_POINT ( 'NONE',  ( -0.7499999999999997780, 0.8000000000000000444, -0.7499999999999998890 ) ) ;
#1862 = VECTOR ( 'NONE', #3678, 1000.000000000000000 ) ;
#1863 = DIRECTION ( 'NONE',  ( 0.000000000000000000, 0.000000000000000000, 1.000000000000000000 ) ) ;
#1864 = AXIS2_PLACEMENT_3D ( 'NONE', #1695, #3738, #1960 ) ;
#1865 = CARTESIAN_POINT ( 'NONE',  ( 0.3750000000000000000, -0.000000000000000000, -0.9000000000000000222 ) ) ;
#1866 = VERTEX_POINT ( 'NONE', #425 ) ;
#1867 = EDGE_CURVE ( 'NONE', #3731, #2131, #865, .T. ) ;
#1868 = LINE ( 'NONE', #1294, #1874 ) ;
#1869 = CARTESIAN_POINT ( 'NONE',  ( 0.8999999999999999112, 0.05000000000000000278, 0.1249999999999974049 ) ) ;
#1870 = ADVANCED_FACE ( 'NONE', ( #3528 ), #1660, .T. ) ;
#1871 = EDGE_CURVE ( 'NONE', #1204, #2459, #860, .T. ) ;
#1872 = ORIENTED_EDGE ( 'NONE', *, *, #651, .T. ) ;
#1873 = DIRECTION ( 'NONE',  ( -1.000000000000000000, 0.000000000000000000, 0.000000000000000000 ) ) ;
#1874 = VECTOR ( 'NONE', #1902, 1000.000000000000000 ) ;
#1875 = EDGE_CURVE ( 'NONE', #715, #1363, #2242, .T. ) ;
#1876 = ORIENTED_EDGE ( 'NONE', *, *, #2360, .F. ) ;
#1877 = VECTOR ( 'NONE', #956, 1000.000000000000000 ) ;
#1878 =( NAMED_UNIT ( * ) SI_UNIT ( $, .STERADIAN. ) SOLID_ANGLE_UNIT ( ) );
#1879 = AXIS2_PLACEMENT_3D ( 'NONE', #901, #64, #640 ) ;
#1880 = EDGE_CURVE ( 'NONE', #1315, #195, #2210, .T. ) ;
#1881 = PLANE ( 'NONE',  #411 ) ;
#1882 = ORIENTED_EDGE ( 'NONE', *, *, #3002, .F. ) ;
#1883 = EDGE_CURVE ( 'NONE', #3670, #2515, #3539, .T. ) ;
#1884 = CARTESIAN_POINT ( 'NONE',  ( 0.8999999999999958034, 0.000000000000000000, -0.1250000000000109912 ) ) ;
#1885 = FACE_OUTER_BOUND ( 'NONE', #1029, .T. ) ;
#1886 = DIRECTION ( 'NONE',  ( -0.000000000000000000, -1.000000000000000000, -0.000000000000000000 ) ) ;
#1887 = ORIENTED_EDGE ( 'NONE', *, *, #601, .T. ) ;
#1888 = CARTESIAN_POINT ( 'NONE',  ( -0.3750000000000000000, 0.05000000000000000278, 0.6250000000000069944 ) ) ;
#1889 = ORIENTED_EDGE ( 'NONE', *, *, #156, .T. ) ;
#1890 = CARTESIAN_POINT ( 'NONE',  ( -0.8999999999999999112, 0.4216517186829673025, 0.1249999999999974049 ) ) ;
#1891 = ORIENTED_EDGE ( 'NONE', *, *, #265, .F. ) ;
#1892 = FACE_OUTER_BOUND ( 'NONE', #1150, .T. ) ;
#1893 = ORIENTED_EDGE ( 'NONE', *, *, #1414, .T. ) ;
#1894 = VERTEX_POINT ( 'NONE', #1197 ) ;
#1895 = DIRECTION ( 'NONE',  ( 0.000000000000000000, 0.000000000000000000, -1.000000000000000000 ) ) ;
#1896 = LINE ( 'NONE', #3331, #3130 ) ;
#1897 = ADVANCED_FACE ( 'NONE', ( #886 ), #2135, .T. ) ;
#1898 = CARTESIAN_POINT ( 'NONE',  ( 0.3750000000000000000, 0.05000000000000002359, -0.9000000000000000222 ) ) ;
#1899 = UNCERTAINTY_MEASURE_WITH_UNIT (LENGTH_MEASURE( 1.000000000000000082E-05 ), #2862, 'distance_accuracy_value', 'NONE');
#1900 = ORIENTED_EDGE ( 'NONE', *, *, #1507, .T. ) ;
#1901 = CARTESIAN_POINT ( 'NONE',  ( 0.3750000000000000000, 0.4216517186829673025, -0.6250000000000000000 ) ) ;
#1902 = DIRECTION ( 'NONE',  ( 0.000000000000000000, -1.000000000000000000, 0.000000000000000000 ) ) ;
#1903 = ORIENTED_EDGE ( 'NONE', *, *, #2800, .F. ) ;
#1904 = LINE ( 'NONE', #946, #662 ) ;
#1905 = AXIS2_PLACEMENT_3D ( 'NONE', #2950, #2001, #192 ) ;
#1906 = CARTESIAN_POINT ( 'NONE',  ( -0.6249999999999998890, 0.05000000000000000278, 0.1249999999999974049 ) ) ;
#1907 = EDGE_CURVE ( 'NONE', #2783, #844, #3734, .T. ) ;
#1908 = SURFACE_SIDE_STYLE ('',( #2618 ) ) ;
#1909 = DIRECTION ( 'NONE',  ( 0.000000000000000000, 0.000000000000000000, -1.000000000000000000 ) ) ;
#1910 = ORIENTED_EDGE ( 'NONE', *, *, #3109, .F. ) ;
#1911 = CARTESIAN_POINT ( 'NONE',  ( 0.000000000000000000, 0.05000000000000000278, 0.000000000000000000 ) ) ;
#1912 = VECTOR ( 'NONE', #574, 1000.000000000000000 ) ;
#1913 = PLANE ( 'NONE',  #916 ) ;
#1914 = ORIENTED_EDGE ( 'NONE', *, *, #1012, .T. ) ;
#1915 = ORIENTED_EDGE ( 'NONE', *, *, #1918, .F. ) ;
#1916 = DIRECTION ( 'NONE',  ( 0.000000000000000000, -1.000000000000000000, 0.000000000000000000 ) ) ;
#1917 = CARTESIAN_POINT ( 'NONE',  ( 0.6250000000000000000, 0.000000000000000000, -0.9000000000000000222 ) ) ;
#1918 = EDGE_CURVE ( 'NONE', #3818, #3187, #987, .T. ) ;
#1919 = VECTOR ( 'NONE', #1750, 1000.000000000000000 ) ;
#1920 =( NAMED_UNIT ( * ) PLANE_ANGLE_UNIT ( ) SI_UNIT ( $, .RADIAN. ) );
#1921 = AXIS2_PLACEMENT_3D ( 'NONE', #2463, #896, #27 ) ;
#1922 = ORIENTED_EDGE ( 'NONE', *, *, #2076, .T. ) ;
#1923 = EDGE_CURVE ( 'NONE', #3290, #1320, #3701, .T. ) ;
#1924 = ORIENTED_EDGE ( 'NONE', *, *, #905, .T. ) ;
#1925 = VECTOR ( 'NONE', #743, 1000.000000000000000 ) ;
#1926 = FILL_AREA_STYLE_COLOUR ( '', #3907 ) ;
#1927 = STYLED_ITEM ( 'NONE', ( #1705 ), #1804 ) ;
#1928 = EDGE_CURVE ( 'NONE', #857, #1815, #1008, .T. ) ;
#1929 =( NAMED_UNIT ( * ) PLANE_ANGLE_UNIT ( ) SI_UNIT ( $, .RADIAN. ) );
#1930 = DIRECTION ( 'NONE',  ( 0.000000000000000000, -1.000000000000000000, 0.000000000000000000 ) ) ;
#1931 = ADVANCED_FACE ( 'NONE', ( #980 ), #3077, .T. ) ;
#1932 = EDGE_CURVE ( 'NONE', #3885, #1724, #2415, .T. ) ;
#1933 = PLANE ( 'NONE',  #869 ) ;
#1934 = DIRECTION ( 'NONE',  ( 0.000000000000000000, 0.000000000000000000, -1.000000000000000000 ) ) ;
#1935 = ORIENTED_EDGE ( 'NONE', *, *, #106, .T. ) ;
#1936 = FACE_OUTER_BOUND ( 'NONE', #3855, .T. ) ;
#1937 =( NAMED_UNIT ( * ) SI_UNIT ( $, .STERADIAN. ) SOLID_ANGLE_UNIT ( ) );
#1938 = DIRECTION ( 'NONE',  ( 0.000000000000000000, 0.000000000000000000, -1.000000000000000000 ) ) ;
#1939 = ORIENTED_EDGE ( 'NONE', *, *, #3899, .F. ) ;
#1940 = ORIENTED_EDGE ( 'NONE', *, *, #961, .T. ) ;
#1941 = LINE ( 'NONE', #3898, #1925 ) ;
#1942 = CARTESIAN_POINT ( 'NONE',  ( 0.8999999999999940270, 0.000000000000000000, -0.3750000000000138778 ) ) ;
#1943 = ORIENTED_EDGE ( 'NONE', *, *, #1502, .T. ) ;
#1944 = CARTESIAN_POINT ( 'NONE',  ( 0.1250000000000000000, 0.000000000000000000, -0.6249999999999965583 ) ) ;
#1945 = ORIENTED_EDGE ( 'NONE', *, *, #3014, .F. ) ;
#1946 = FACE_OUTER_BOUND ( 'NONE', #822, .T. ) ;
#1947 = PLANE ( 'NONE',  #2583 ) ;
#1948 = AXIS2_PLACEMENT_3D ( 'NONE', #1697, #3862, #2998 ) ;
#1949 = ORIENTED_EDGE ( 'NONE', *, *, #3063, .T. ) ;
#1950 = CARTESIAN_POINT ( 'NONE',  ( -0.3750000000000000000, 0.000000000000000000, -0.8999999999999930278 ) ) ;
#1951 = DIRECTION ( 'NONE',  ( 0.000000000000000000, 0.000000000000000000, 1.000000000000000000 ) ) ;
#1952 = CARTESIAN_POINT ( 'NONE',  ( 0.8999999999999940270, 0.05000000000000000278, -0.3750000000000138778 ) ) ;
#1953 = DIRECTION ( 'NONE',  ( 0.000000000000000000, -1.000000000000000000, 0.000000000000000000 ) ) ;
#1954 = AXIS2_PLACEMENT_3D ( 'NONE', #525, #1768, #837 ) ;
#1955 = VERTEX_POINT ( 'NONE', #3361 ) ;
#1956 = CARTESIAN_POINT ( 'NONE',  ( 0.6250000000000000000, 0.05000000000000000278, -0.9000000000000000222 ) ) ;
#1957 = SURFACE_STYLE_FILL_AREA ( #1827 ) ;
#1958 = ADVANCED_FACE ( 'NONE', ( #1016 ), #3628, .F. ) ;
#1959 = CARTESIAN_POINT ( 'NONE',  ( -0.3750000000000000000, 0.05000000000000000278, -0.8999999999999930278 ) ) ;
#1960 = DIRECTION ( 'NONE',  ( 0.000000000000000000, -0.000000000000000000, 1.000000000000000000 ) ) ;
#1961 = CARTESIAN_POINT ( 'NONE',  ( -0.8999999999999999112, 0.000000000000000000, 0.1249999999999974049 ) ) ;
#1962 = ORIENTED_EDGE ( 'NONE', *, *, #317, .F. ) ;
#1963 = CARTESIAN_POINT ( 'NONE',  ( 0.9000000000000047962, 0.000000000000000000, 0.3749999999999885092 ) ) ;
#1964 = VECTOR ( 'NONE', #1728, 1000.000000000000000 ) ;
#1965 = DIRECTION ( 'NONE',  ( 0.000000000000000000, -1.000000000000000000, -0.000000000000000000 ) ) ;
#1966 = EDGE_CURVE ( 'NONE', #2353, #2804, #2348, .T. ) ;
#1967 = VERTEX_POINT ( 'NONE', #299 ) ;
#1968 = DIRECTION ( 'NONE',  ( 1.000000000000000000, 0.000000000000000000, 0.000000000000000000 ) ) ;
#1969 = AXIS2_PLACEMENT_3D ( 'NONE', #742, #1001, #2973 ) ;
#1970 = VECTOR ( 'NONE', #1087, 1000.000000000000000 ) ;
#1971 = EDGE_CURVE ( 'NONE', #1155, #2865, #3751, .T. ) ;
#1972 = ORIENTED_EDGE ( 'NONE', *, *, #1928, .F. ) ;
#1973 = EDGE_CURVE ( 'NONE', #2355, #2604, #2315, .T. ) ;
#1974 = EDGE_LOOP ( 'NONE', ( #2720, #678, #496, #1441 ) ) ;
#1975 = CARTESIAN_POINT ( 'NONE',  ( -0.6249999999999998890, 0.05000000000000002359, 0.1249999999999974049 ) ) ;
#1976 = VECTOR ( 'NONE', #1981, 1000.000000000000000 ) ;
#1977 =( NAMED_UNIT ( * ) PLANE_ANGLE_UNIT ( ) SI_UNIT ( $, .RADIAN. ) );
#1978 = CARTESIAN_POINT ( 'NONE',  ( -0.9999999999999997780, 0.8000000000000000444, -0.9999999999999997780 ) ) ;
#1979 = DIRECTION ( 'NONE',  ( 1.000000000000000000, 0.000000000000000000, 0.000000000000000000 ) ) ;
#1980 = ORIENTED_EDGE ( 'NONE', *, *, #2600, .F. ) ;
#1981 = DIRECTION ( 'NONE',  ( 0.000000000000000000, 0.000000000000000000, -1.000000000000000000 ) ) ;
#1982 = ADVANCED_FACE ( 'NONE', ( #2389 ), #1126, .F. ) ;
#1983 = PLANE ( 'NONE',  #2158 ) ;
#1984 = UNCERTAINTY_MEASURE_WITH_UNIT (LENGTH_MEASURE( 1.000000000000000082E-05 ), #3572, 'distance_accuracy_value', 'NONE');
#1985 = ORIENTED_EDGE ( 'NONE', *, *, #1707, .T. ) ;
#1986 = DIRECTION ( 'NONE',  ( 0.000000000000000000, 0.000000000000000000, 1.000000000000000000 ) ) ;
#1987 = LINE ( 'NONE', #1447, #589 ) ;
#1988 = STYLED_ITEM ( 'NONE', ( #1184 ), #2187 ) ;
#1989 = CARTESIAN_POINT ( 'NONE',  ( -0.3750000000000000000, 0.05000000000000002359, -0.8999999999999930278 ) ) ;
#1990 = ORIENTED_EDGE ( 'NONE', *, *, #1507, .F. ) ;
#1991 = VECTOR ( 'NONE', #2009, 1000.000000000000000 ) ;
#1992 = PLANE ( 'NONE',  #3666 ) ;
#1993 = EDGE_CURVE ( 'NONE', #1786, #2208, #1039, .T. ) ;
#1994 = EDGE_CURVE ( 'NONE', #1315, #1198, #2401, .T. ) ;
#1995 = CLOSED_SHELL ( 'NONE', ( #2653, #3335, #115, #2182, #1688, #2354 ) ) ;
#1996 = DIRECTION ( 'NONE',  ( 1.000000000000000000, 0.000000000000000000, 0.000000000000000000 ) ) ;
#1997 = LINE ( 'NONE', #2960, #681 ) ;
#1998 = CARTESIAN_POINT ( 'NONE',  ( 0.6249999999999998890, 0.05000000000000000278, 0.1249999999999974049 ) ) ;
#1999 = CARTESIAN_POINT ( 'NONE',  ( 0.6250000000000000000, 0.000000000000000000, 0.6250000000000000000 ) ) ;
#2000 = EDGE_LOOP ( 'NONE', ( #3178, #1258, #2581, #2591 ) ) ;
#2001 = DIRECTION ( 'NONE',  ( -0.000000000000000000, 1.000000000000000000, 0.000000000000000000 ) ) ;
#2002 = CIRCLE ( 'NONE', #2464, 0.1000000000000001582 ) ;
#2003 = EDGE_CURVE ( 'NONE', #1763, #124, #2362, .T. ) ;
#2004 = CARTESIAN_POINT ( 'NONE',  ( -0.9999999999999997780, 0.1400000000000000411, 0.9999999999999997780 ) ) ;
#2005 =( GEOMETRIC_REPRESENTATION_CONTEXT ( 3 ) GLOBAL_UNCERTAINTY_ASSIGNED_CONTEXT ( ( #2759 ) ) GLOBAL_UNIT_ASSIGNED_CONTEXT ( ( #540, #803, #1324 ) ) REPRESENTATION_CONTEXT ( 'NONE', 'WORKASPACE' ) );
#2006 = ORIENTED_EDGE ( 'NONE', *, *, #1421, .F. ) ;
#2007 = LINE ( 'NONE', #1140, #639 ) ;
#2008 = ADVANCED_FACE ( 'NONE', ( #2356 ), #1761, .T. ) ;
#2009 = DIRECTION ( 'NONE',  ( 1.000000000000000000, 0.000000000000000000, 0.000000000000000000 ) ) ;
#2010 = ORIENTED_EDGE ( 'NONE', *, *, #1371, .F. ) ;
#2011 = DIRECTION ( 'NONE',  ( 0.000000000000000000, -1.000000000000000000, 0.000000000000000000 ) ) ;
#2012 = CARTESIAN_POINT ( 'NONE',  ( -0.3750000000000000000, 0.05000000000000000278, 0.6250000000000069944 ) ) ;
#2013 = ORIENTED_EDGE ( 'NONE', *, *, #777, .F. ) ;
#2014 = CARTESIAN_POINT ( 'NONE',  ( -0.1250000000000000000, 0.05000000000000000278, -0.6249999999999965583 ) ) ;
#2015 = DIRECTION ( 'NONE',  ( -0.000000000000000000, -0.000000000000000000, -1.000000000000000000 ) ) ;
#2016 = AXIS2_PLACEMENT_3D ( 'NONE', #3412, #919, #56 ) ;
#2017 = CARTESIAN_POINT ( 'NONE',  ( 0.9999999999999997780, 0.8000000000000000444, 0.9999999999999997780 ) ) ;
#2018 = ORIENTED_EDGE ( 'NONE', *, *, #2139, .F. ) ;
#2019 = CARTESIAN_POINT ( 'NONE',  ( 0.9999999999999997780, 0.000000000000000000, 0.9999999999999997780 ) ) ;
#2020 = LINE ( 'NONE', #3322, #2147 ) ;
#2021 = DIRECTION ( 'NONE',  ( -0.000000000000000000, -1.000000000000000000, -0.000000000000000000 ) ) ;
#2022 = DIRECTION ( 'NONE',  ( -0.000000000000000000, 0.000000000000000000, 1.000000000000000000 ) ) ;
#2023 = AXIS2_PLACEMENT_3D ( 'NONE', #2350, #1108, #2037 ) ;
#2024 = ORIENTED_EDGE ( 'NONE', *, *, #655, .T. ) ;
#2025 = ORIENTED_EDGE ( 'NONE', *, *, #3142, .F. ) ;
#2026 = ADVANCED_FACE ( 'NONE', ( #3659 ), #2514, .T. ) ;
#2027 = VECTOR ( 'NONE', #2439, 1000.000000000000000 ) ;
#2028 = EDGE_CURVE ( 'NONE', #146, #2118, #3765, .T. ) ;
#2029 = EDGE_CURVE ( 'NONE', #1831, #586, #971, .T. ) ;
#2030 = EDGE_LOOP ( 'NONE', ( #3126, #358, #2024, #3428 ) ) ;
#2031 = VECTOR ( 'NONE', #2363, 1000.000000000000000 ) ;
#2032 = DIRECTION ( 'NONE',  ( -0.000000000000000000, 1.000000000000000000, 0.000000000000000000 ) ) ;
#2033 = ORIENTED_EDGE ( 'NONE', *, *, #1075, .F. ) ;
#2034 = DIRECTION ( 'NONE',  ( -0.000000000000000000, -0.000000000000000000, 1.000000000000000000 ) ) ;
#2035 = FILL_AREA_STYLE_COLOUR ( '', #1236 ) ;
#2036 = LINE ( 'NONE', #2833, #723 ) ;
#2037 = DIRECTION ( 'NONE',  ( 1.000000000000000000, 0.000000000000000000, 0.000000000000000000 ) ) ;
#2038 = AXIS2_PLACEMENT_3D ( 'NONE', #782, #2057, #3045 ) ;
#2039 = FILL_AREA_STYLE ('',( #1670 ) ) ;
#2040 = CARTESIAN_POINT ( 'NONE',  ( -0.9999999999999997780, 0.000000000000000000, -0.9999999999999997780 ) ) ;
#2041 = EDGE_CURVE ( 'NONE', #1769, #2368, #2420, .T. ) ;
#2042 = ORIENTED_EDGE ( 'NONE', *, *, #2212, .F. ) ;
#2043 = VECTOR ( 'NONE', #2317, 1000.000000000000000 ) ;
#2044 = EDGE_CURVE ( 'NONE', #2858, #3710, #3717, .T. ) ;
#2045 = DIRECTION ( 'NONE',  ( -0.000000000000000000, -0.000000000000000000, 1.000000000000000000 ) ) ;
#2046 = CARTESIAN_POINT ( 'NONE',  ( 0.6249999999999958922, 0.000000000000000000, -0.1250000000000090206 ) ) ;
#2047 = ORIENTED_EDGE ( 'NONE', *, *, #2481, .T. ) ;
#2048 = VECTOR ( 'NONE', #2762, 1000.000000000000000 ) ;
#2049 = DIRECTION ( 'NONE',  ( 0.000000000000000000, -0.000000000000000000, -1.000000000000000000 ) ) ;
#2050 = DIRECTION ( 'NONE',  ( -1.951563910473977401E-14, -0.000000000000000000, -1.000000000000000000 ) ) ;
#2051 = FILL_AREA_STYLE ('',( #2152 ) ) ;
#2052 = EDGE_LOOP ( 'NONE', ( #1903, #1427, #1277, #2451 ) ) ;
#2053 = ADVANCED_FACE ( 'NONE', ( #3638 ), #2155, .T. ) ;
#2054 = FACE_OUTER_BOUND ( 'NONE', #3801, .T. ) ;
#2055 = CARTESIAN_POINT ( 'NONE',  ( 0.6250000000000000000, 0.05000000000000002359, -0.6250000000000000000 ) ) ;
#2056 = ORIENTED_EDGE ( 'NONE', *, *, #1880, .F. ) ;
#2057 = DIRECTION ( 'NONE',  ( 0.000000000000000000, 0.000000000000000000, -1.000000000000000000 ) ) ;
#2058 = DIRECTION ( 'NONE',  ( -0.000000000000000000, -1.000000000000000000, -0.000000000000000000 ) ) ;
#2059 = LINE ( 'NONE', #821, #3404 ) ;
#2060 =( GEOMETRIC_REPRESENTATION_CONTEXT ( 3 ) GLOBAL_UNCERTAINTY_ASSIGNED_CONTEXT ( ( #340 ) ) GLOBAL_UNIT_ASSIGNED_CONTEXT ( ( #2760, #3650, #2345 ) ) REPRESENTATION_CONTEXT ( 'NONE', 'WORKASPACE' ) );
#2061 = ADVANCED_FACE ( 'NONE', ( #1086 ), #3150, .F. ) ;
#2062 = CARTESIAN_POINT ( 'NONE',  ( -0.3750000000000000000, 0.000000000000000000, -0.6249999999999931166 ) ) ;
#2063 = CARTESIAN_POINT ( 'NONE',  ( 0.8999999999999999112, 0.000000000000000000, 0.1249999999999974049 ) ) ;
#2064 = ORIENTED_EDGE ( 'NONE', *, *, #1191, .T. ) ;
#2065 = CARTESIAN_POINT ( 'NONE',  ( 0.6249999999999998890, 0.05000000000000002359, 0.1249999999999974049 ) ) ;
#2066 = LINE ( 'NONE', #66, #3409 ) ;
#2068 = MECHANICAL_DESIGN_GEOMETRIC_PRESENTATION_REPRESENTATION (  '', ( #1341 ), #3260 ) ;
#2067 = PLANE ( 'NONE',  #1679 ) ;
#2069 = EDGE_CURVE ( 'NONE', #415, #2559, #3727, .T. ) ;
#2070 = ORIENTED_EDGE ( 'NONE', *, *, #353, .F. ) ;
#2071 = LINE ( 'NONE', #1136, #713 ) ;
#2072 = DIRECTION ( 'NONE',  ( 0.000000000000000000, -0.000000000000000000, 1.000000000000000000 ) ) ;
#2073 = ORIENTED_EDGE ( 'NONE', *, *, #3195, .F. ) ;
#2074 = FACE_OUTER_BOUND ( 'NONE', #2197, .T. ) ;
#2075 = DIRECTION ( 'NONE',  ( 0.000000000000000000, -1.000000000000000000, 0.000000000000000000 ) ) ;
#2076 = EDGE_CURVE ( 'NONE', #2559, #1064, #3744, .T. ) ;
#2077 = CARTESIAN_POINT ( 'NONE',  ( -0.6250000000000000000, 0.000000000000000000, 0.6250000000000069944 ) ) ;
#2078 = DIRECTION ( 'NONE',  ( -1.000000000000000000, -0.000000000000000000, -0.000000000000000000 ) ) ;
#2079 = AXIS2_PLACEMENT_3D ( 'NONE', #3625, #3297, #3324 ) ;
#2080 = ORIENTED_EDGE ( 'NONE', *, *, #3098, .T. ) ;
#2081 = EDGE_CURVE ( 'NONE', #2347, #2331, #2409, .T. ) ;
#2082 = ADVANCED_FACE ( 'NONE', ( #2373 ), #105, .F. ) ;
#2083 = FACE_OUTER_BOUND ( 'NONE', #28, .T. ) ;
#2084 = AXIS2_PLACEMENT_3D ( 'NONE', #3888, #758, #1327 ) ;
#2085 = EDGE_CURVE ( 'NONE', #2858, #473, #3681, .T. ) ;
#2086 = CARTESIAN_POINT ( 'NONE',  ( 0.8999999999999958034, 0.4216517186829673025, -0.1250000000000109912 ) ) ;
#2087 = CARTESIAN_POINT ( 'NONE',  ( -0.3750000000000000000, 0.05000000000000000278, 0.9000000000000069056 ) ) ;
#2088 = EDGE_CURVE ( 'NONE', #2799, #2465, #1002, .T. ) ;
#2089 = DIRECTION ( 'NONE',  ( -0.000000000000000000, -1.000000000000000000, -0.000000000000000000 ) ) ;
#2090 = ORIENTED_EDGE ( 'NONE', *, *, #3786, .F. ) ;
#2091 = CARTESIAN_POINT ( 'NONE',  ( -0.8999999999999999112, 0.4216517186829673025, 0.1249999999999974049 ) ) ;
#2092 = VERTEX_POINT ( 'NONE', #1888 ) ;
#2093 = LINE ( 'NONE', #1799, #3432 ) ;
#2094 = ADVANCED_FACE ( 'NONE', ( #1046 ), #965, .T. ) ;
#2095 = DIRECTION ( 'NONE',  ( -0.000000000000000000, 0.000000000000000000, -1.000000000000000000 ) ) ;
#2096 = DIRECTION ( 'NONE',  ( 7.372574772901430151E-15, -0.000000000000000000, 1.000000000000000000 ) ) ;
#2097 = ORIENTED_EDGE ( 'NONE', *, *, #1243, .F. ) ;
#2098 = SURFACE_SIDE_STYLE ('',( #2198 ) ) ;
#2099 = VECTOR ( 'NONE', #2606, 1000.000000000000000 ) ;
#2100 = CARTESIAN_POINT ( 'NONE',  ( 0.6250000000000000000, 0.4216517186829673025, 0.9000000000000000222 ) ) ;
#2101 = EDGE_LOOP ( 'NONE', ( #754, #1647, #3557, #1715 ) ) ;
#2102 = EDGE_LOOP ( 'NONE', ( #3477, #871, #205, #843 ) ) ;
#2103 = VECTOR ( 'NONE', #1432, 1000.000000000000000 ) ;
#2104 = CARTESIAN_POINT ( 'NONE',  ( 0.6250000000000000000, 0.4216517186829673025, 0.6250000000000000000 ) ) ;
#2105 = CARTESIAN_POINT ( 'NONE',  ( 0.000000000000000000, 0.05000000000000000278, 0.000000000000000000 ) ) ;
#2106 = CARTESIAN_POINT ( 'NONE',  ( -0.6250000000000000000, 0.000000000000000000, 0.6250000000000069944 ) ) ;
#2107 = CARTESIAN_POINT ( 'NONE',  ( 0.1250000000000000000, 0.05000000000000000278, 0.9000000000000034639 ) ) ;
#2108 = AXIS2_PLACEMENT_3D ( 'NONE', #1056, #3280, #1770 ) ;
#2109 = EDGE_LOOP ( 'NONE', ( #1809, #2639, #3521, #760 ) ) ;
#2110 = VERTEX_POINT ( 'NONE', #1332 ) ;
#2111 = SURFACE_STYLE_USAGE ( .BOTH. , #937 ) ;
#2112 = SURFACE_STYLE_USAGE ( .BOTH. , #523 ) ;
#2113 = VECTOR ( 'NONE', #503, 1000.000000000000000 ) ;
#2114 = CARTESIAN_POINT ( 'NONE',  ( -0.8999999999999999112, 0.4216517186829673025, 0.3749999999999973910 ) ) ;
#2115 = CARTESIAN_POINT ( 'NONE',  ( -0.7499999999999997780, 0.4171572875253805601, -0.6499999999999998002 ) ) ;
#2116 = DIRECTION ( 'NONE',  ( -0.000000000000000000, 0.000000000000000000, -1.000000000000000000 ) ) ;
#2117 = DIRECTION ( 'NONE',  ( 0.000000000000000000, -1.000000000000000000, 0.000000000000000000 ) ) ;
#2118 = VERTEX_POINT ( 'NONE', #1028 ) ;
#2119 = ORIENTED_EDGE ( 'NONE', *, *, #1112, .T. ) ;
#2120 = AXIS2_PLACEMENT_3D ( 'NONE', #2506, #3663, #2125 ) ;
#2121 = VECTOR ( 'NONE', #312, 1000.000000000000000 ) ;
#2122 = PLANE ( 'NONE',  #3113 ) ;
#2123 = ORIENTED_EDGE ( 'NONE', *, *, #2273, .F. ) ;
#2124 = EDGE_LOOP ( 'NONE', ( #1231, #1945, #3128, #2520 ) ) ;
#2125 = DIRECTION ( 'NONE',  ( -1.000000000000000000, 0.000000000000000000, -0.000000000000000000 ) ) ;
#2126 = FACE_OUTER_BOUND ( 'NONE', #2180, .T. ) ;
#2127 = CARTESIAN_POINT ( 'NONE',  ( 0.1250000000000000000, 0.000000000000000000, -0.8999999999999964695 ) ) ;
#2128 = EDGE_CURVE ( 'NONE', #3892, #1096, #2333, .T. ) ;
#2129 = PLANE ( 'NONE',  #148 ) ;
#2130 = VERTEX_POINT ( 'NONE', #3406 ) ;
#2131 = VERTEX_POINT ( 'NONE', #43 ) ;
#2132 = LINE ( 'NONE', #1850, #3472 ) ;
#2133 = CARTESIAN_POINT ( 'NONE',  ( -0.8999999999999999112, 0.05000000000000000278, -0.1249999999999974049 ) ) ;
#2134 = AXIS2_PLACEMENT_3D ( 'NONE', #943, #2167, #636 ) ;
#2135 = PLANE ( 'NONE',  #3218 ) ;
#2136 = CARTESIAN_POINT ( 'NONE',  ( -0.3750000000000000000, 0.4216517186829673025, 0.6250000000000069944 ) ) ;
#2137 = ORIENTED_EDGE ( 'NONE', *, *, #1065, .T. ) ;
#2138 = ORIENTED_EDGE ( 'NONE', *, *, #2543, .T. ) ;
#2139 = EDGE_CURVE ( 'NONE', #2245, #1786, #2308, .T. ) ;
#2140 = CARTESIAN_POINT ( 'NONE',  ( 0.1250000000000000000, 0.05000000000000000278, 0.9000000000000034639 ) ) ;
#2141 = LINE ( 'NONE', #2062, #2043 ) ;
#2142 = EDGE_CURVE ( 'NONE', #2408, #1769, #1059, .T. ) ;
#2143 = CARTESIAN_POINT ( 'NONE',  ( -0.1250000000000000000, 0.4216517186829673025, 0.6250000000000034417 ) ) ;
#2144 = FILL_AREA_STYLE_COLOUR ( '', #2882 ) ;
#2145 = ORIENTED_EDGE ( 'NONE', *, *, #1293, .T. ) ;
#2146 = VERTEX_POINT ( 'NONE', #1906 ) ;
#2147 = VECTOR ( 'NONE', #3825, 1000.000000000000000 ) ;
#2148 = EDGE_LOOP ( 'NONE', ( #59, #2657, #3961, #3440 ) ) ;
#2149 = SURFACE_STYLE_USAGE ( .BOTH. , #1587 ) ;
#2150 = DIRECTION ( 'NONE',  ( -7.096596038086939835E-15, 0.000000000000000000, -1.000000000000000000 ) ) ;
#2151 = DIRECTION ( 'NONE',  ( -1.000000000000000000, 0.000000000000000000, 1.951563910473977401E-14 ) ) ;
#2152 = FILL_AREA_STYLE_COLOUR ( '', #2599 ) ;
#2153 = ORIENTED_EDGE ( 'NONE', *, *, #3895, .T. ) ;
#2154 = VERTEX_POINT ( 'NONE', #2186 ) ;
#2155 = PLANE ( 'NONE',  #1401 ) ;
#2156 = ADVANCED_FACE ( 'NONE', ( #3617 ), #830, .F. ) ;
#2157 =( NAMED_UNIT ( * ) SI_UNIT ( $, .STERADIAN. ) SOLID_ANGLE_UNIT ( ) );
#2158 = AXIS2_PLACEMENT_3D ( 'NONE', #3577, #268, #3870 ) ;
#2159 = CARTESIAN_POINT ( 'NONE',  ( -0.6249999999999998890, 0.000000000000000000, 0.1249999999999974049 ) ) ;
#2160 = DIRECTION ( 'NONE',  ( 0.000000000000000000, 0.000000000000000000, 1.000000000000000000 ) ) ;
#2161 = ORIENTED_EDGE ( 'NONE', *, *, #3098, .F. ) ;
#2162 = ORIENTED_EDGE ( 'NONE', *, *, #172, .T. ) ;
#2163 = DIRECTION ( 'NONE',  ( -1.000000000000000000, 0.000000000000000000, 0.000000000000000000 ) ) ;
#2164 = LINE ( 'NONE', #953, #3599 ) ;
#2165 = EDGE_CURVE ( 'NONE', #1363, #1372, #1092, .T. ) ;
#2166 = DIRECTION ( 'NONE',  ( -0.000000000000000000, -0.000000000000000000, 1.000000000000000000 ) ) ;
#2167 = DIRECTION ( 'NONE',  ( -0.000000000000000000, 1.000000000000000000, 0.000000000000000000 ) ) ;
#2168 = EDGE_LOOP ( 'NONE', ( #1283, #3935, #3220, #1785 ) ) ;
#2169 = EDGE_CURVE ( 'NONE', #3818, #891, #3633, .T. ) ;
#2170 = CARTESIAN_POINT ( 'NONE',  ( -0.6250000000000000000, 0.4216517186829673025, 0.9000000000000069056 ) ) ;
#2171 = ORIENTED_EDGE ( 'NONE', *, *, #2165, .T. ) ;
#2172 = ORIENTED_EDGE ( 'NONE', *, *, #2880, .F. ) ;
#2173 = PLANE ( 'NONE',  #3504 ) ;
#2174 = PRESENTATION_STYLE_ASSIGNMENT (( #2774 ) ) ;
#2175 = FACE_OUTER_BOUND ( 'NONE', #947, .T. ) ;
#2176 = PRESENTATION_LAYER_ASSIGNMENT (  '', '', ( #2381 ) ) ;
#2177 = EDGE_CURVE ( 'NONE', #2984, #1479, #1050, .T. ) ;
#2178 = DIRECTION ( 'NONE',  ( -0.000000000000000000, -1.000000000000000000, -0.000000000000000000 ) ) ;
#2179 = AXIS2_PLACEMENT_3D ( 'NONE', #3108, #341, #469 ) ;
#2180 = EDGE_LOOP ( 'NONE', ( #319, #1321, #1329, #301 ) ) ;
#2181 = ORIENTED_EDGE ( 'NONE', *, *, #1418, .T. ) ;
#2182 = ADVANCED_FACE ( 'NONE', ( #1252 ), #2129, .F. ) ;
#2183 = CARTESIAN_POINT ( 'NONE',  ( -0.7499999999999997780, 0.6999999999999999556, -0.7499999999999998890 ) ) ;
#2184 = LINE ( 'NONE', #2637, #3511 ) ;
#2185 = VECTOR ( 'NONE', #2628, 1000.000000000000000 ) ;
#2186 = CARTESIAN_POINT ( 'NONE',  ( 0.9999999999999997780, 0.000000000000000000, 0.9999999999999997780 ) ) ;
#2187 = MANIFOLD_SOLID_BREP ( 'Boss-Extrude4[3]', #2265 ) ;
#2188 = SURFACE_SIDE_STYLE ('',( #2730 ) ) ;
#2189 = DIRECTION ( 'NONE',  ( 0.000000000000000000, -0.000000000000000000, 1.000000000000000000 ) ) ;
#2190 = VERTEX_POINT ( 'NONE', #1121 ) ;
#2191 = EDGE_LOOP ( 'NONE', ( #1364, #1669, #3911, #3117 ) ) ;
#2192 =( NAMED_UNIT ( * ) SI_UNIT ( $, .STERADIAN. ) SOLID_ANGLE_UNIT ( ) );
#2193 = VECTOR ( 'NONE', #1018, 1000.000000000000000 ) ;
#2194 = FACE_BOUND ( 'NONE', #3637, .T. ) ;
#2195 = DIRECTION ( 'NONE',  ( 0.000000000000000000, 1.000000000000000000, 0.000000000000000000 ) ) ;
#2196 = EDGE_LOOP ( 'NONE', ( #1504, #1138, #3972, #313 ) ) ;
#2197 = EDGE_LOOP ( 'NONE', ( #3712, #249, #3838, #174 ) ) ;
#2198 = SURFACE_STYLE_FILL_AREA ( #3306 ) ;
#2199 = CARTESIAN_POINT ( 'NONE',  ( -0.8999999999999999112, -0.000000000000000000, -0.1249999999999974049 ) ) ;
#2200 = VECTOR ( 'NONE', #3019, 1000.000000000000000 ) ;
#2201 = ORIENTED_EDGE ( 'NONE', *, *, #2165, .F. ) ;
#2202 =( NAMED_UNIT ( * ) SI_UNIT ( $, .STERADIAN. ) SOLID_ANGLE_UNIT ( ) );
#2203 = PLANE ( 'NONE',  #101 ) ;
#2204 = CARTESIAN_POINT ( 'NONE',  ( 0.1250000000000000000, 0.000000000000000000, -0.8999999999999964695 ) ) ;
#2205 = VECTOR ( 'NONE', #180, 999.9999999999998863 ) ;
#2206 = LINE ( 'NONE', #1553, #924 ) ;
#2207 = CARTESIAN_POINT ( 'NONE',  ( 0.1250000000000000000, 0.05000000000000002359, 0.6250000000000034417 ) ) ;
#2208 = VERTEX_POINT ( 'NONE', #1884 ) ;
#2209 = CARTESIAN_POINT ( 'NONE',  ( -0.9999999999999997780, 0.8000000000000000444, -0.9999999999999997780 ) ) ;
#2210 = LINE ( 'NONE', #1435, #3550 ) ;
#2211 = LINE ( 'NONE', #3683, #2309 ) ;
#2212 = EDGE_CURVE ( 'NONE', #1667, #1144, #1267, .T. ) ;
#2213 = ORIENTED_EDGE ( 'NONE', *, *, #1880, .T. ) ;
#2214 = EDGE_CURVE ( 'NONE', #2912, #1582, #1194, .T. ) ;
#2215 = CARTESIAN_POINT ( 'NONE',  ( -0.8999999999999999112, 0.4216517186829673025, 0.3749999999999973910 ) ) ;
#2216 = MANIFOLD_SOLID_BREP ( 'Boss-Extrude4[5]', #35 ) ;
#2217 = ADVANCED_FACE ( 'NONE', ( #1208 ), #325, .T. ) ;
#2218 = FACE_OUTER_BOUND ( 'NONE', #923, .T. ) ;
#2219 = LINE ( 'NONE', #3059, #3581 ) ;
#2220 = DIRECTION ( 'NONE',  ( 0.000000000000000000, 0.000000000000000000, -1.000000000000000000 ) ) ;
#2221 = PLANE ( 'NONE',  #171 ) ;
#2222 = EDGE_LOOP ( 'NONE', ( #3635, #1636, #1145, #3709 ) ) ;
#2223 = DIRECTION ( 'NONE',  ( 0.000000000000000000, 0.000000000000000000, -1.000000000000000000 ) ) ;
#2224 = FACE_BOUND ( 'NONE', #3293, .T. ) ;
#2225 = CARTESIAN_POINT ( 'NONE',  ( 0.1250000000000000000, 0.05000000000000000278, -0.6249999999999965583 ) ) ;
#2226 = EDGE_LOOP ( 'NONE', ( #3819, #1537, #2706, #1757 ) ) ;
#2227 = DIRECTION ( 'NONE',  ( 0.000000000000000000, 0.000000000000000000, 1.000000000000000000 ) ) ;
#2228 =( GEOMETRIC_REPRESENTATION_CONTEXT ( 3 ) GLOBAL_UNCERTAINTY_ASSIGNED_CONTEXT ( ( #1899 ) ) GLOBAL_UNIT_ASSIGNED_CONTEXT ( ( #2862, #403, #2202 ) ) REPRESENTATION_CONTEXT ( 'NONE', 'WORKASPACE' ) );
#2229 = EDGE_CURVE ( 'NONE', #3922, #195, #1166, .T. ) ;
#2230 = DIRECTION ( 'NONE',  ( 1.000000000000000000, 0.000000000000000000, -1.774149009521734959E-14 ) ) ;
#2231 = CARTESIAN_POINT ( 'NONE',  ( 0.6899999999999999467, 0.6999999999999999556, -0.1500000000000001887 ) ) ;
#2232 = FACE_OUTER_BOUND ( 'NONE', #1385, .T. ) ;
#2233 = EDGE_CURVE ( 'NONE', #338, #2459, #1278, .T. ) ;
#2234 = VERTEX_POINT ( 'NONE', #1193 ) ;
#2235 = DIRECTION ( 'NONE',  ( 0.000000000000000000, 0.000000000000000000, -1.000000000000000000 ) ) ;
#2236 = FACE_OUTER_BOUND ( 'NONE', #1084, .T. ) ;
#2237 = VECTOR ( 'NONE', #817, 1000.000000000000000 ) ;
#2238 = DIRECTION ( 'NONE',  ( 1.000000000000000000, 0.000000000000000000, -0.000000000000000000 ) ) ;
#2239 = DIRECTION ( 'NONE',  ( -7.372574772901343377E-15, 0.000000000000000000, -1.000000000000000000 ) ) ;
#2240 = CARTESIAN_POINT ( 'NONE',  ( 0.6250000000000000000, 0.000000000000000000, -0.6250000000000000000 ) ) ;
#2241 = ORIENTED_EDGE ( 'NONE', *, *, #655, .F. ) ;
#2242 = LINE ( 'NONE', #475, #3533 ) ;
#2243 = FACE_BOUND ( 'NONE', #1373, .T. ) ;
#2244 = CARTESIAN_POINT ( 'NONE',  ( -0.7499999999999997780, 0.8000000000000000444, -0.7499999999999998890 ) ) ;
#2245 = VERTEX_POINT ( 'NONE', #1519 ) ;
#2246 = ADVANCED_FACE ( 'NONE', ( #2500 ), #855, .T. ) ;
#2247 = VECTOR ( 'NONE', #733, 1000.000000000000000 ) ;
#2248 = DIRECTION ( 'NONE',  ( 0.000000000000000000, 0.000000000000000000, 1.000000000000000000 ) ) ;
#2249 = LINE ( 'NONE', #1426, #3517 ) ;
#2250 = CARTESIAN_POINT ( 'NONE',  ( 0.1250000000000000000, 0.000000000000000000, 0.6250000000000034417 ) ) ;
#2251 = EDGE_LOOP ( 'NONE', ( #3424, #2153, #2902, #792 ) ) ;
#2252 = DIRECTION ( 'NONE',  ( 0.000000000000000000, 0.000000000000000000, 1.000000000000000000 ) ) ;
#2253 = DIRECTION ( 'NONE',  ( 0.000000000000000000, -0.000000000000000000, 1.000000000000000000 ) ) ;
#2254 = VECTOR ( 'NONE', #3433, 1000.000000000000000 ) ;
#2255 = STYLED_ITEM ( 'NONE', ( #2260 ), #1800 ) ;
#2256 = DIRECTION ( 'NONE',  ( 1.000000000000000000, 0.000000000000000000, -0.000000000000000000 ) ) ;
#2257 = ORIENTED_EDGE ( 'NONE', *, *, #1836, .F. ) ;
#2258 = EDGE_CURVE ( 'NONE', #1675, #932, #1217, .T. ) ;
#2259 = CARTESIAN_POINT ( 'NONE',  ( 0.1250000000000000000, 0.05000000000000002359, 0.6250000000000034417 ) ) ;
#2260 = PRESENTATION_STYLE_ASSIGNMENT (( #1633 ) ) ;
#2261 = LINE ( 'NONE', #3047, #929 ) ;
#2262 = CARTESIAN_POINT ( 'NONE',  ( -0.2200000000000000289, 0.8000000000000000444, 0.7599999999999997868 ) ) ;
#2263 = CARTESIAN_POINT ( 'NONE',  ( -0.3750000000000000000, 0.000000000000000000, 0.6250000000000069944 ) ) ;
#2264 = CARTESIAN_POINT ( 'NONE',  ( -0.6250000000000000000, 0.05000000000000000278, -0.6249999999999931166 ) ) ;
#2265 = CLOSED_SHELL ( 'NONE', ( #1849, #3058, #2156, #2498, #2978, #510 ) ) ;
#2266 = ORIENTED_EDGE ( 'NONE', *, *, #1404, .F. ) ;
#2267 = DIRECTION ( 'NONE',  ( 0.000000000000000000, -1.000000000000000000, 0.000000000000000000 ) ) ;
#2268 = FACE_OUTER_BOUND ( 'NONE', #1438, .T. ) ;
#2269 = LINE ( 'NONE', #1169, #861 ) ;
#2270 = EDGE_CURVE ( 'NONE', #3382, #3872, #2466, .T. ) ;
#2271 = DIRECTION ( 'NONE',  ( 0.000000000000000000, 1.000000000000000000, 0.000000000000000000 ) ) ;
#2272 = EDGE_LOOP ( 'NONE', ( #477, #2707, #1410, #3349 ) ) ;
#2273 = EDGE_CURVE ( 'NONE', #3971, #3241, #1176, .T. ) ;
#2274 = PRESENTATION_LAYER_ASSIGNMENT (  '', '', ( #3351 ) ) ;
#2275 = AXIS2_PLACEMENT_3D ( 'NONE', #2674, #1996, #1934 ) ;
#2276 = EDGE_CURVE ( 'NONE', #3105, #2208, #3876, .T. ) ;
#2277 = VERTEX_POINT ( 'NONE', #1052 ) ;
#2278 = EDGE_CURVE ( 'NONE', #1190, #124, #2536, .T. ) ;
#2279 = CARTESIAN_POINT ( 'NONE',  ( 0.000000000000000000, 0.05000000000000000278, 0.000000000000000000 ) ) ;
#2280 = ADVANCED_FACE ( 'NONE', ( #3805 ), #2643, .T. ) ;
#2281 = FACE_OUTER_BOUND ( 'NONE', #3216, .T. ) ;
#2282 = DIRECTION ( 'NONE',  ( 0.000000000000000000, -1.000000000000000000, 0.000000000000000000 ) ) ;
#2283 = EDGE_LOOP ( 'NONE', ( #3565, #3595, #2761, #1110 ) ) ;
#2284 = ORIENTED_EDGE ( 'NONE', *, *, #1612, .F. ) ;
#2285 = VECTOR ( 'NONE', #133, 1000.000000000000000 ) ;
#2286 = CIRCLE ( 'NONE', #1821, 0.1000000000000001582 ) ;
#2287 = SURFACE_STYLE_USAGE ( .BOTH. , #1083 ) ;
#2288 = PLANE ( 'NONE',  #3437 ) ;
#2289 = CARTESIAN_POINT ( 'NONE',  ( 0.6250000000000000000, 0.05000000000000000278, -0.6250000000000000000 ) ) ;
#2290 = VERTEX_POINT ( 'NONE', #128 ) ;
#2291 = VERTEX_POINT ( 'NONE', #2582 ) ;
#2292 = CARTESIAN_POINT ( 'NONE',  ( 0.000000000000000000, 0.000000000000000000, 0.000000000000000000 ) ) ;
#2293 = VECTOR ( 'NONE', #3704, 1000.000000000000000 ) ;
#2294 = FACE_BOUND ( 'NONE', #1346, .T. ) ;
#2295 = CARTESIAN_POINT ( 'NONE',  ( -0.2200000000000000289, 0.6999999999999999556, 0.7599999999999997868 ) ) ;
#2296 = ORIENTED_EDGE ( 'NONE', *, *, #2278, .T. ) ;
#2297 =( GEOMETRIC_REPRESENTATION_CONTEXT ( 3 ) GLOBAL_UNCERTAINTY_ASSIGNED_CONTEXT ( ( #1984 ) ) GLOBAL_UNIT_ASSIGNED_CONTEXT ( ( #3572, #2351, #547 ) ) REPRESENTATION_CONTEXT ( 'NONE', 'WORKASPACE' ) );
#2298 = ORIENTED_EDGE ( 'NONE', *, *, #2305, .F. ) ;
#2299 = VECTOR ( 'NONE', #3768, 1000.000000000000000 ) ;
#2300 = DIRECTION ( 'NONE',  ( 0.000000000000000000, 0.000000000000000000, 1.000000000000000000 ) ) ;
#2301 = VECTOR ( 'NONE', #3215, 1000.000000000000000 ) ;
#2302 = DIRECTION ( 'NONE',  ( 1.000000000000000000, 0.000000000000000000, 0.000000000000000000 ) ) ;
#2303 = ORIENTED_EDGE ( 'NONE', *, *, #1404, .T. ) ;
#2304 =( LENGTH_UNIT ( ) NAMED_UNIT ( * ) SI_UNIT ( .MILLI., .METRE. ) );
#2305 = EDGE_CURVE ( 'NONE', #3111, #2368, #1139, .T. ) ;
#2306 = ORIENTED_EDGE ( 'NONE', *, *, #720, .T. ) ;
#2307 = AXIS2_PLACEMENT_3D ( 'NONE', #749, #1070, #3878 ) ;
#2308 = LINE ( 'NONE', #1301, #2293 ) ;
#2309 = VECTOR ( 'NONE', #2458, 1000.000000000000000 ) ;
#2310 = CARTESIAN_POINT ( 'NONE',  ( 0.9000000000000047962, 0.4216517186829673025, 0.3749999999999885092 ) ) ;
#2311 = DIRECTION ( 'NONE',  ( 1.000000000000000000, -0.000000000000000000, -0.000000000000000000 ) ) ;
#2312 = EDGE_LOOP ( 'NONE', ( #152, #1513, #1985, #1174 ) ) ;
#2313 = ADVANCED_FACE ( 'NONE', ( #2492 ), #2969, .F. ) ;
#2314 = ORIENTED_EDGE ( 'NONE', *, *, #1779, .T. ) ;
#2315 = LINE ( 'NONE', #277, #3648 ) ;
#2316 = LINE ( 'NONE', #3748, #2460 ) ;
#2317 = DIRECTION ( 'NONE',  ( 1.000000000000000000, -0.000000000000000000, -0.000000000000000000 ) ) ;
#2318 = DIRECTION ( 'NONE',  ( 0.000000000000000000, -1.000000000000000000, 0.000000000000000000 ) ) ;
#2319 = DIRECTION ( 'NONE',  ( -0.000000000000000000, -1.000000000000000000, -0.000000000000000000 ) ) ;
#2320 = ORIENTED_EDGE ( 'NONE', *, *, #492, .F. ) ;
#2321 = VERTEX_POINT ( 'NONE', #2897 ) ;
#2322 = EDGE_CURVE ( 'NONE', #3241, #1681, #1157, .T. ) ;
#2323 = ORIENTED_EDGE ( 'NONE', *, *, #1191, .F. ) ;
#2324 = CARTESIAN_POINT ( 'NONE',  ( 0.6250000000000000000, 0.4216517186829673025, 0.6250000000000000000 ) ) ;
#2325 = VECTOR ( 'NONE', #649, 1000.000000000000000 ) ;
#2326 = LINE ( 'NONE', #3213, #3690 ) ;
#2327 = AXIS2_PLACEMENT_3D ( 'NONE', #2575, #2916, #3206 ) ;
#2328 = CARTESIAN_POINT ( 'NONE',  ( -0.8999999999999999112, 0.05000000000000000278, -0.1249999999999974049 ) ) ;
#2329 = ORIENTED_EDGE ( 'NONE', *, *, #529, .F. ) ;
#2330 = AXIS2_PLACEMENT_3D ( 'NONE', #3396, #1607, #374 ) ;
#2331 = VERTEX_POINT ( 'NONE', #930 ) ;
#2332 = EDGE_CURVE ( 'NONE', #1199, #473, #1226, .T. ) ;
#2333 = LINE ( 'NONE', #1642, #1022 ) ;
#2334 = DIRECTION ( 'NONE',  ( 1.000000000000000000, 0.000000000000000000, 0.000000000000000000 ) ) ;
#2335 = CARTESIAN_POINT ( 'NONE',  ( -0.6250000000000000000, 0.05000000000000000278, -0.8999999999999930278 ) ) ;
#2336 = ORIENTED_EDGE ( 'NONE', *, *, #1462, .T. ) ;
#2337 = PLANE ( 'NONE',  #3723 ) ;
#2338 = DIRECTION ( 'NONE',  ( -0.000000000000000000, 1.000000000000000000, -0.000000000000000000 ) ) ;
#2339 = ORIENTED_EDGE ( 'NONE', *, *, #2003, .F. ) ;
#2340 = VECTOR ( 'NONE', #538, 1000.000000000000000 ) ;
#2341 = LINE ( 'NONE', #1651, #2467 ) ;
#2342 = DIRECTION ( 'NONE',  ( 1.000000000000000000, 0.000000000000000000, -0.000000000000000000 ) ) ;
#2343 = DIRECTION ( 'NONE',  ( 0.000000000000000000, 0.000000000000000000, -1.000000000000000000 ) ) ;
#2344 = ADVANCED_FACE ( 'NONE', ( #2509 ), #3732, .T. ) ;
#2345 =( NAMED_UNIT ( * ) SI_UNIT ( $, .STERADIAN. ) SOLID_ANGLE_UNIT ( ) );
#2346 = ORIENTED_EDGE ( 'NONE', *, *, #3292, .F. ) ;
#2347 = VERTEX_POINT ( 'NONE', #1666 ) ;
#2348 = LINE ( 'NONE', #1488, #2445 ) ;
#2349 = FACE_OUTER_BOUND ( 'NONE', #2549, .T. ) ;
#2350 = CARTESIAN_POINT ( 'NONE',  ( -0.8999999999999999112, 0.05000000000000000278, 0.1249999999999974049 ) ) ;
#2351 =( NAMED_UNIT ( * ) PLANE_ANGLE_UNIT ( ) SI_UNIT ( $, .RADIAN. ) );
#2352 = PLANE ( 'NONE',  #1161 ) ;
#2353 = VERTEX_POINT ( 'NONE', #1956 ) ;
#2354 = ADVANCED_FACE ( 'NONE', ( #2517 ), #3209, .T. ) ;
#2355 = VERTEX_POINT ( 'NONE', #1975 ) ;
#2356 = FACE_OUTER_BOUND ( 'NONE', #1240, .T. ) ;
#2357 = VECTOR ( 'NONE', #1855, 1000.000000000000000 ) ;
#2358 = CARTESIAN_POINT ( 'NONE',  ( -0.9999999999999997780, 0.1400000000000000411, 0.9999999999999997780 ) ) ;
#2359 = ORIENTED_EDGE ( 'NONE', *, *, #1353, .T. ) ;
#2360 = EDGE_CURVE ( 'NONE', #3287, #1763, #3850, .T. ) ;
#2361 = ORIENTED_EDGE ( 'NONE', *, *, #291, .F. ) ;
#2362 = LINE ( 'NONE', #1792, #2379 ) ;
#2363 = DIRECTION ( 'NONE',  ( -1.000000000000000000, 0.000000000000000000, 0.000000000000000000 ) ) ;
#2364 = LINE ( 'NONE', #318, #1017 ) ;
#2365 = EDGE_CURVE ( 'NONE', #857, #3684, #3868, .T. ) ;
#2366 =( LENGTH_UNIT ( ) NAMED_UNIT ( * ) SI_UNIT ( .MILLI., .METRE. ) );
#2367 = MANIFOLD_SOLID_BREP ( 'Cut-Extrude2', #366 ) ;
#2368 = VERTEX_POINT ( 'NONE', #2405 ) ;
#2369 = CARTESIAN_POINT ( 'NONE',  ( -0.2200000000000001399, 0.6999999999999999556, -0.1500000000000001887 ) ) ;
#2370 = DIRECTION ( 'NONE',  ( 0.000000000000000000, -0.000000000000000000, 1.000000000000000000 ) ) ;
#2371 = EDGE_CURVE ( 'NONE', #1395, #939, #2206, .T. ) ;
#2372 = ORIENTED_EDGE ( 'NONE', *, *, #20, .T. ) ;
#2373 = FACE_OUTER_BOUND ( 'NONE', #2226, .T. ) ;
#2374 = LINE ( 'NONE', #703, #3639 ) ;
#2375 = CARTESIAN_POINT ( 'NONE',  ( -0.6250000000000000000, 0.000000000000000000, -0.6249999999999931166 ) ) ;
#2376 = VERTEX_POINT ( 'NONE', #1742 ) ;
#2377 = VERTEX_POINT ( 'NONE', #281 ) ;
#2378 = ORIENTED_EDGE ( 'NONE', *, *, #2332, .F. ) ;
#2379 = VECTOR ( 'NONE', #229, 1000.000000000000000 ) ;
#2380 = VECTOR ( 'NONE', #3802, 1000.000000000000000 ) ;
#2381 = STYLED_ITEM ( 'NONE', ( #2562 ), #3228 ) ;
#2382 = EDGE_CURVE ( 'NONE', #2290, #2567, #3629, .T. ) ;
#2383 = CARTESIAN_POINT ( 'NONE',  ( -0.8999999999999999112, 0.4216517186829673025, -0.1249999999999974049 ) ) ;
#2384 = VERTEX_POINT ( 'NONE', #3320 ) ;
#2385 = EDGE_CURVE ( 'NONE', #3514, #2377, #2261, .T. ) ;
#2386 = ORIENTED_EDGE ( 'NONE', *, *, #1798, .F. ) ;
#2387 = EDGE_LOOP ( 'NONE', ( #968, #1038, #1778, #1851, #2843 ) ) ;
#2388 = PLANE ( 'NONE',  #553 ) ;
#2389 = FACE_OUTER_BOUND ( 'NONE', #2785, .T. ) ;
#2390 = VECTOR ( 'NONE', #3459, 1000.000000000000000 ) ;
#2391 = DIRECTION ( 'NONE',  ( 1.000000000000000000, -0.000000000000000000, -7.096596038086939046E-15 ) ) ;
#2392 = DIRECTION ( 'NONE',  ( 0.000000000000000000, -0.000000000000000000, -1.000000000000000000 ) ) ;
#2393 = CLOSED_SHELL ( 'NONE', ( #1458, #1436, #1494, #3619, #892, #1368 ) ) ;
#2394 = ORIENTED_EDGE ( 'NONE', *, *, #1779, .F. ) ;
#2395 = CARTESIAN_POINT ( 'NONE',  ( -0.3750000000000000000, 0.4216517186829673025, -0.8999999999999930278 ) ) ;
#2396 = CARTESIAN_POINT ( 'NONE',  ( 0.8999999999999999112, 0.000000000000000000, 0.1249999999999974049 ) ) ;
#2397 =( NAMED_UNIT ( * ) SI_UNIT ( $, .STERADIAN. ) SOLID_ANGLE_UNIT ( ) );
#2398 = PRODUCT_DEFINITION_SHAPE ( 'NONE', 'NONE',  #3068 ) ;
#2399 = ORIENTED_EDGE ( 'NONE', *, *, #557, .T. ) ;
#2400 = ORIENTED_EDGE ( 'NONE', *, *, #2588, .F. ) ;
#2401 = LINE ( 'NONE', #883, #950 ) ;
#2402 = LINE ( 'NONE', #1978, #1093 ) ;
#2403 = CARTESIAN_POINT ( 'NONE',  ( -0.3750000000000000000, 0.05000000000000002359, 0.9000000000000069056 ) ) ;
#2404 = PLANE ( 'NONE',  #1469 ) ;
#2405 = CARTESIAN_POINT ( 'NONE',  ( -0.8999999999999999112, 0.000000000000000000, -0.1249999999999974049 ) ) ;
#2406 = ORIENTED_EDGE ( 'NONE', *, *, #2526, .T. ) ;
#2407 = AXIS2_PLACEMENT_3D ( 'NONE', #84, #610, #392 ) ;
#2408 = VERTEX_POINT ( 'NONE', #3593 ) ;
#2409 = LINE ( 'NONE', #2262, #3758 ) ;
#2410 = FACE_OUTER_BOUND ( 'NONE', #1420, .T. ) ;
#2411 = CARTESIAN_POINT ( 'NONE',  ( 0.6249999999999958922, 0.000000000000000000, -0.1250000000000090206 ) ) ;
#2412 = CARTESIAN_POINT ( 'NONE',  ( -0.1250000000000000000, 0.000000000000000000, 0.9000000000000034639 ) ) ;
#2413 = EDGE_LOOP ( 'NONE', ( #3388, #61, #688, #1183 ) ) ;
#2414 = AXIS2_PLACEMENT_3D ( 'NONE', #3064, #3115, #2392 ) ;
#2415 = LINE ( 'NONE', #3289, #3689 ) ;
#2416 = VECTOR ( 'NONE', #3523, 1000.000000000000000 ) ;
#2417 = EDGE_CURVE ( 'NONE', #1204, #1769, #2269, .T. ) ;
#2418 = ADVANCED_FACE ( 'NONE', ( #3600 ), #3947, .F. ) ;
#2419 = ORIENTED_EDGE ( 'NONE', *, *, #2805, .T. ) ;
#2420 = LINE ( 'NONE', #1668, #1032 ) ;
#2421 = CARTESIAN_POINT ( 'NONE',  ( -0.6250000000000000000, 0.000000000000000000, 0.6250000000000069944 ) ) ;
#2422 = FACE_OUTER_BOUND ( 'NONE', #1276, .T. ) ;
#2423 = DIRECTION ( 'NONE',  ( 0.000000000000000000, 0.000000000000000000, 1.000000000000000000 ) ) ;
#2424 = CARTESIAN_POINT ( 'NONE',  ( -0.7499999999999997780, 0.6999999999999999556, -0.7499999999999998890 ) ) ;
#2425 = CARTESIAN_POINT ( 'NONE',  ( -0.6250000000000000000, 0.000000000000000000, -0.8999999999999930278 ) ) ;
#2426 = ADVANCED_FACE ( 'NONE', ( #2281 ), #1467, .F. ) ;
#2427 = EDGE_LOOP ( 'NONE', ( #2361, #1049, #3627, #89 ) ) ;
#2428 = CARTESIAN_POINT ( 'NONE',  ( 0.3750000000000000000, 0.000000000000000000, 0.6250000000000000000 ) ) ;
#2429 = VECTOR ( 'NONE', #3380, 1000.000000000000000 ) ;
#2430 = FACE_OUTER_BOUND ( 'NONE', #3261, .T. ) ;
#2431 = PLANE ( 'NONE',  #576 ) ;
#2432 = AXIS2_PLACEMENT_3D ( 'NONE', #2844, #80, #386 ) ;
#2433 = CARTESIAN_POINT ( 'NONE',  ( 0.3750000000000000000, 0.05000000000000000278, 0.6250000000000000000 ) ) ;
#2434 = DIRECTION ( 'NONE',  ( 0.000000000000000000, -0.000000000000000000, 1.000000000000000000 ) ) ;
#2435 = ORIENTED_EDGE ( 'NONE', *, *, #2233, .F. ) ;
#2436 = EDGE_CURVE ( 'NONE', #3509, #42, #3576, .T. ) ;
#2437 = VECTOR ( 'NONE', #39, 1000.000000000000000 ) ;
#2438 = LINE ( 'NONE', #2564, #2390 ) ;
#2439 = DIRECTION ( 'NONE',  ( 0.000000000000000000, 1.000000000000000000, 0.000000000000000000 ) ) ;
#2440 = DIRECTION ( 'NONE',  ( -1.951563910473977401E-14, -0.000000000000000000, -1.000000000000000000 ) ) ;
#2441 = EDGE_CURVE ( 'NONE', #891, #1199, #3551, .T. ) ;
#2442 = CARTESIAN_POINT ( 'NONE',  ( -0.8999999999999999112, 0.000000000000000000, 0.3749999999999973910 ) ) ;
#2443 = VERTEX_POINT ( 'NONE', #3104 ) ;
#2444 = ORIENTED_EDGE ( 'NONE', *, *, #2952, .F. ) ;
#2445 = VECTOR ( 'NONE', #3562, 1000.000000000000000 ) ;
#2446 = DIRECTION ( 'NONE',  ( 1.000000000000000000, 0.000000000000000000, -0.000000000000000000 ) ) ;
#2447 = ORIENTED_EDGE ( 'NONE', *, *, #2955, .F. ) ;
#2448 = CARTESIAN_POINT ( 'NONE',  ( 0.6899999999999999467, 0.6999999999999999556, -0.1500000000000001887 ) ) ;
#2449 =( LENGTH_UNIT ( ) NAMED_UNIT ( * ) SI_UNIT ( .MILLI., .METRE. ) );
#2450 = ADVANCED_FACE ( 'NONE', ( #3604 ), #3341, .F. ) ;
#2451 = ORIENTED_EDGE ( 'NONE', *, *, #1907, .T. ) ;
#2452 = LINE ( 'NONE', #3240, #1105 ) ;
#2453 =( LENGTH_UNIT ( ) NAMED_UNIT ( * ) SI_UNIT ( .MILLI., .METRE. ) );
#2454 = ORIENTED_EDGE ( 'NONE', *, *, #1062, .F. ) ;
#2455 = DIRECTION ( 'NONE',  ( -1.000000000000000000, -0.000000000000000000, -0.000000000000000000 ) ) ;
#2456 = STYLED_ITEM ( 'NONE', ( #3949 ), #2367 ) ;
#2457 = DIRECTION ( 'NONE',  ( 1.000000000000000000, 0.000000000000000000, 0.000000000000000000 ) ) ;
#2458 = DIRECTION ( 'NONE',  ( -0.000000000000000000, -1.000000000000000000, -0.000000000000000000 ) ) ;
#2459 = VERTEX_POINT ( 'NONE', #588 ) ;
#2460 = VECTOR ( 'NONE', #2935, 1000.000000000000000 ) ;
#2461 = ORIENTED_EDGE ( 'NONE', *, *, #1791, .T. ) ;
#2462 = CARTESIAN_POINT ( 'NONE',  ( -0.8999999999999999112, 0.000000000000000000, 0.1249999999999974049 ) ) ;
#2463 = CARTESIAN_POINT ( 'NONE',  ( -0.3750000000000000000, 0.05000000000000000278, -0.6249999999999931166 ) ) ;
#2464 = AXIS2_PLACEMENT_3D ( 'NONE', #2633, #3808, #2248 ) ;
#2465 = VERTEX_POINT ( 'NONE', #1370 ) ;
#2466 = LINE ( 'NONE', #3790, #3798 ) ;
#2467 = VECTOR ( 'NONE', #2885, 1000.000000000000000 ) ;
#2468 = DIRECTION ( 'NONE',  ( -0.000000000000000000, -1.000000000000000000, -0.000000000000000000 ) ) ;
#2469 = CARTESIAN_POINT ( 'NONE',  ( -0.6250000000000000000, 0.05000000000000002359, -0.8999999999999930278 ) ) ;
#2470 = DIRECTION ( 'NONE',  ( -1.000000000000000000, -0.000000000000000000, -0.000000000000000000 ) ) ;
#2471 = ORIENTED_EDGE ( 'NONE', *, *, #3990, .F. ) ;
#2472 = VECTOR ( 'NONE', #3518, 1000.000000000000000 ) ;
#2473 = DIRECTION ( 'NONE',  ( 0.000000000000000000, 0.000000000000000000, 1.000000000000000000 ) ) ;
#2474 = LINE ( 'NONE', #3051, #1131 ) ;
#2475 = ORIENTED_EDGE ( 'NONE', *, *, #3705, .T. ) ;
#2476 = EDGE_CURVE ( 'NONE', #2443, #3965, #3529, .T. ) ;
#2477 = VERTEX_POINT ( 'NONE', #1310 ) ;
#2478 = AXIS2_PLACEMENT_3D ( 'NONE', #223, #198, #3507 ) ;
#2479 = EDGE_LOOP ( 'NONE', ( #3102, #897, #289, #1340 ) ) ;
#2480 = VECTOR ( 'NONE', #210, 1000.000000000000000 ) ;
#2481 = EDGE_CURVE ( 'NONE', #3510, #3922, #2211, .T. ) ;
#2482 = LINE ( 'NONE', #1685, #1202 ) ;
#2483 = PLANE ( 'NONE',  #2432 ) ;
#2484 = EDGE_LOOP ( 'NONE', ( #2877, #3721, #3904, #3845 ) ) ;
#2485 = CARTESIAN_POINT ( 'NONE',  ( 0.6250000000000000000, 0.05000000000000000278, -0.9000000000000000222 ) ) ;
#2486 = STYLED_ITEM ( 'NONE', ( #1330 ), #3356 ) ;
#2487 = EDGE_CURVE ( 'NONE', #1383, #2146, #941, .T. ) ;
#2488 = ORIENTED_EDGE ( 'NONE', *, *, #2918, .T. ) ;
#2489 = ADVANCED_FACE ( 'NONE', ( #3534 ), #2490, .T. ) ;
#2490 = PLANE ( 'NONE',  #94 ) ;
#2491 = ORIENTED_EDGE ( 'NONE', *, *, #777, .T. ) ;
#2492 = FACE_OUTER_BOUND ( 'NONE', #2387, .T. ) ;
#2493 = LINE ( 'NONE', #1282, #3799 ) ;
#2494 = ORIENTED_EDGE ( 'NONE', *, *, #2869, .T. ) ;
#2495 = EDGE_LOOP ( 'NONE', ( #2597, #3245, #1980, #1910 ) ) ;
#2496 = PLANE ( 'NONE',  #3642 ) ;
#2497 = ORIENTED_EDGE ( 'NONE', *, *, #49, .F. ) ;
#2498 = ADVANCED_FACE ( 'NONE', ( #3506 ), #2524, .F. ) ;
#2499 = ORIENTED_EDGE ( 'NONE', *, *, #1826, .F. ) ;
#2500 = FACE_OUTER_BOUND ( 'NONE', #1142, .T. ) ;
#2501 = LINE ( 'NONE', #571, #1218 ) ;
#2502 = CARTESIAN_POINT ( 'NONE',  ( 0.6250000000000000000, 0.05000000000000000278, 0.6250000000000000000 ) ) ;
#2503 = EDGE_LOOP ( 'NONE', ( #1735, #2097, #4, #443 ) ) ;
#2504 = DIRECTION ( 'NONE',  ( -1.000000000000000000, 0.000000000000000000, 1.774149009521734959E-14 ) ) ;
#2505 = CARTESIAN_POINT ( 'NONE',  ( 0.8999999999999999112, 0.000000000000000000, 0.1249999999999974049 ) ) ;
#2506 = CARTESIAN_POINT ( 'NONE',  ( -0.9999999999999997780, 0.8000000000000000444, 0.9999999999999997780 ) ) ;
#2507 = EDGE_LOOP ( 'NONE', ( #3197, #2475, #1889, #1285 ) ) ;
#2508 = EDGE_LOOP ( 'NONE', ( #2378, #58, #1845, #1810 ) ) ;
#2509 = FACE_OUTER_BOUND ( 'NONE', #3589, .T. ) ;
#2510 = LINE ( 'NONE', #87, #2590 ) ;
#2511 = ORIENTED_EDGE ( 'NONE', *, *, #3014, .T. ) ;
#2512 = DIRECTION ( 'NONE',  ( 0.000000000000000000, -0.000000000000000000, 1.000000000000000000 ) ) ;
#2513 = DIRECTION ( 'NONE',  ( -0.000000000000000000, 1.000000000000000000, -0.000000000000000000 ) ) ;
#2514 = PLANE ( 'NONE',  #944 ) ;
#2515 = VERTEX_POINT ( 'NONE', #701 ) ;
#2516 = AXIS2_PLACEMENT_3D ( 'NONE', #1829, #594, #2095 ) ;
#2517 = FACE_OUTER_BOUND ( 'NONE', #769, .T. ) ;
#2518 = VECTOR ( 'NONE', #2440, 1000.000000000000000 ) ;
#2519 = DIRECTION ( 'NONE',  ( 0.000000000000000000, 0.000000000000000000, 1.000000000000000000 ) ) ;
#2520 = ORIENTED_EDGE ( 'NONE', *, *, #601, .F. ) ;
#2521 = PLANE ( 'NONE',  #3950 ) ;
#2522 = DIRECTION ( 'NONE',  ( -0.000000000000000000, -1.000000000000000000, -0.000000000000000000 ) ) ;
#2523 = VERTEX_POINT ( 'NONE', #3387 ) ;
#2524 = PLANE ( 'NONE',  #3416 ) ;
#2525 = ORIENTED_EDGE ( 'NONE', *, *, #3422, .F. ) ;
#2526 = EDGE_CURVE ( 'NONE', #3141, #2347, #907, .T. ) ;
#2527 = FACE_OUTER_BOUND ( 'NONE', #2168, .T. ) ;
#2528 = ORIENTED_EDGE ( 'NONE', *, *, #3258, .T. ) ;
#2529 = PLANE ( 'NONE',  #1442 ) ;
#2530 = UNCERTAINTY_MEASURE_WITH_UNIT (LENGTH_MEASURE( 1.000000000000000082E-05 ), #322, 'distance_accuracy_value', 'NONE');
#2531 = CARTESIAN_POINT ( 'NONE',  ( -0.8999999999999999112, 0.000000000000000000, 0.3749999999999973910 ) ) ;
#2532 = ORIENTED_EDGE ( 'NONE', *, *, #2041, .F. ) ;
#2533 = ADVANCED_FACE ( 'NONE', ( #3586 ), #3177, .T. ) ;
#2534 = DIRECTION ( 'NONE',  ( -1.000000000000000000, 0.000000000000000000, -0.000000000000000000 ) ) ;
#2535 = EDGE_LOOP ( 'NONE', ( #2685, #1228, #1162, #352 ) ) ;
#2536 = LINE ( 'NONE', #3168, #2472 ) ;
#2537 = LINE ( 'NONE', #3369, #3952 ) ;
#2538 = PRESENTATION_STYLE_ASSIGNMENT (( #1843 ) ) ;
#2539 = DIRECTION ( 'NONE',  ( 0.000000000000000000, 0.000000000000000000, -1.000000000000000000 ) ) ;
#2540 = CARTESIAN_POINT ( 'NONE',  ( -0.9999999999999997780, 0.8000000000000000444, 0.9999999999999997780 ) ) ;
#2541 = ORIENTED_EDGE ( 'NONE', *, *, #1565, .F. ) ;
#2542 = ORIENTED_EDGE ( 'NONE', *, *, #1993, .F. ) ;
#2543 = EDGE_CURVE ( 'NONE', #586, #1831, #2286, .T. ) ;
#2544 = VECTOR ( 'NONE', #480, 1000.000000000000000 ) ;
#2545 = DIRECTION ( 'NONE',  ( 0.000000000000000000, -0.000000000000000000, 1.000000000000000000 ) ) ;
#2546 = LINE ( 'NONE', #2792, #3877 ) ;
#2547 = ORIENTED_EDGE ( 'NONE', *, *, #3422, .T. ) ;
#2548 = AXIS2_PLACEMENT_3D ( 'NONE', #1516, #3120, #72 ) ;
#2549 = EDGE_LOOP ( 'NONE', ( #67, #3435, #269, #3989 ) ) ;
#2550 = DIRECTION ( 'NONE',  ( -1.000000000000000000, 0.000000000000000000, 0.000000000000000000 ) ) ;
#2551 = EDGE_LOOP ( 'NONE', ( #1736, #3183, #3809, #1922 ) ) ;
#2552 = DIRECTION ( 'NONE',  ( 0.000000000000000000, 0.000000000000000000, 1.000000000000000000 ) ) ;
#2553 = ORIENTED_EDGE ( 'NONE', *, *, #1907, .F. ) ;
#2554 =( LENGTH_UNIT ( ) NAMED_UNIT ( * ) SI_UNIT ( .MILLI., .METRE. ) );
#2555 = CYLINDRICAL_SURFACE ( 'NONE', #3829, 0.1000000000000001582 ) ;
#2556 = CARTESIAN_POINT ( 'NONE',  ( 0.9000000000000047962, 0.05000000000000002359, 0.3749999999999885092 ) ) ;
#2557 = ORIENTED_EDGE ( 'NONE', *, *, #3159, .T. ) ;
#2558 = CARTESIAN_POINT ( 'NONE',  ( -0.6249999999999998890, 0.05000000000000000278, 0.3749999999999973910 ) ) ;
#2559 = VERTEX_POINT ( 'NONE', #3196 ) ;
#2560 = ORIENTED_EDGE ( 'NONE', *, *, #3607, .T. ) ;
#2561 = VECTOR ( 'NONE', #2870, 1000.000000000000000 ) ;
#2562 = PRESENTATION_STYLE_ASSIGNMENT (( #2149 ) ) ;
#2563 = ORIENTED_EDGE ( 'NONE', *, *, #3391, .T. ) ;
#2564 = CARTESIAN_POINT ( 'NONE',  ( -0.1250000000000000000, 0.05000000000000000278, 0.6250000000000034417 ) ) ;
#2565 = CARTESIAN_POINT ( 'NONE',  ( -0.1250000000000000000, 0.4216517186829673025, -0.8999999999999964695 ) ) ;
#2566 = DIRECTION ( 'NONE',  ( 0.7071067811865430208, -0.000000000000000000, 0.7071067811865521247 ) ) ;
#2567 = VERTEX_POINT ( 'NONE', #442 ) ;
#2568 = ORIENTED_EDGE ( 'NONE', *, *, #3943, .F. ) ;
#2569 = VECTOR ( 'NONE', #3229, 1000.000000000000000 ) ;
#2570 = LINE ( 'NONE', #3713, #1195 ) ;
#2571 = ORIENTED_EDGE ( 'NONE', *, *, #2417, .F. ) ;
#2572 = CARTESIAN_POINT ( 'NONE',  ( -0.6249999999999998890, 0.4216517186829673025, 0.3749999999999973910 ) ) ;
#2573 = CARTESIAN_POINT ( 'NONE',  ( 0.6899999999999999467, -0.5869343417595165313, -0.1500000000000001887 ) ) ;
#2574 = CARTESIAN_POINT ( 'NONE',  ( -0.7249999999999999778, 0.000000000000000000, -0.3749999999999973910 ) ) ;
#2575 = CARTESIAN_POINT ( 'NONE',  ( 0.3750000000000000000, 0.05000000000000000278, 0.6250000000000000000 ) ) ;
#2576 = ORIENTED_EDGE ( 'NONE', *, *, #826, .F. ) ;
#2577 = ADVANCED_FACE ( 'NONE', ( #846, #951, #866, #2294, #2224, #3620, #2243, #3540, #2194, #874, #960 ), #2067, .T. ) ;
#2578 = ORIENTED_EDGE ( 'NONE', *, *, #1928, .T. ) ;
#2579 = SURFACE_STYLE_FILL_AREA ( #2675 ) ;
#2580 = VECTOR ( 'NONE', #3894, 1000.000000000000000 ) ;
#2581 = ORIENTED_EDGE ( 'NONE', *, *, #3358, .T. ) ;
#2582 = CARTESIAN_POINT ( 'NONE',  ( -0.6249999999999998890, 0.000000000000000000, -0.2749999999999966915 ) ) ;
#2583 = AXIS2_PLACEMENT_3D ( 'NONE', #2383, #2740, #2534 ) ;
#2584 = EDGE_LOOP ( 'NONE', ( #665, #2491, #2638, #2629 ) ) ;
#2585 = ORIENTED_EDGE ( 'NONE', *, *, #1791, .F. ) ;
#2586 = ORIENTED_EDGE ( 'NONE', *, *, #311, .T. ) ;
#2587 = DIRECTION ( 'NONE',  ( 0.000000000000000000, 0.000000000000000000, 1.000000000000000000 ) ) ;
#2588 = EDGE_CURVE ( 'NONE', #2408, #3111, #2219, .T. ) ;
#2589 = ORIENTED_EDGE ( 'NONE', *, *, #2076, .F. ) ;
#2590 = VECTOR ( 'NONE', #1173, 1000.000000000000000 ) ;
#2591 = ORIENTED_EDGE ( 'NONE', *, *, #1565, .T. ) ;
#2592 = CARTESIAN_POINT ( 'NONE',  ( 0.9000000000000047962, 0.000000000000000000, 0.3749999999999885092 ) ) ;
#2593 = EDGE_CURVE ( 'NONE', #3828, #851, #3544, .T. ) ;
#2594 = DIRECTION ( 'NONE',  ( -1.000000000000000000, 0.000000000000000000, 1.774149009521734959E-14 ) ) ;
#2595 = ORIENTED_EDGE ( 'NONE', *, *, #1971, .T. ) ;
#2596 = DIRECTION ( 'NONE',  ( 0.000000000000000000, 0.000000000000000000, -1.000000000000000000 ) ) ;
#2597 = ORIENTED_EDGE ( 'NONE', *, *, #2270, .F. ) ;
#2598 = ORIENTED_EDGE ( 'NONE', *, *, #440, .F. ) ;
#2599 = COLOUR_RGB ( '',1.000000000000000000, 0.8117647058823529438, 0.5019607843137254832 ) ;
#2600 = EDGE_CURVE ( 'NONE', #1739, #1894, #879, .T. ) ;
#2601 = LINE ( 'NONE', #2505, #3817 ) ;
#2602 = DIRECTION ( 'NONE',  ( 0.000000000000000000, 0.000000000000000000, 1.000000000000000000 ) ) ;
#2603 = DIRECTION ( 'NONE',  ( 0.000000000000000000, 0.000000000000000000, 1.000000000000000000 ) ) ;
#2604 = VERTEX_POINT ( 'NONE', #486 ) ;
#2605 = ORIENTED_EDGE ( 'NONE', *, *, #2041, .T. ) ;
#2606 = DIRECTION ( 'NONE',  ( 1.000000000000000000, -0.000000000000000000, -0.000000000000000000 ) ) ;
#2607 = EDGE_LOOP ( 'NONE', ( #521, #949, #3673, #1391 ) ) ;
#2608 = ORIENTED_EDGE ( 'NONE', *, *, #2276, .T. ) ;
#2609 = FACE_OUTER_BOUND ( 'NONE', #3403, .T. ) ;
#2610 = PLANE ( 'NONE',  #1610 ) ;
#2611 = ORIENTED_EDGE ( 'NONE', *, *, #1883, .T. ) ;
#2612 = EDGE_CURVE ( 'NONE', #118, #2190, #973, .T. ) ;
#2613 = DIRECTION ( 'NONE',  ( -1.951563910473977401E-14, -0.000000000000000000, -1.000000000000000000 ) ) ;
#2614 = EDGE_LOOP ( 'NONE', ( #764, #1595, #3375, #2733 ) ) ;
#2615 = MECHANICAL_DESIGN_GEOMETRIC_PRESENTATION_REPRESENTATION (  '', ( #920 ), #3315 ) ;
#2616 = ORIENTED_EDGE ( 'NONE', *, *, #216, .T. ) ;
#2617 = SURFACE_STYLE_FILL_AREA ( #2051 ) ;
#2618 = SURFACE_STYLE_FILL_AREA ( #1644 ) ;
#2619 = CARTESIAN_POINT ( 'NONE',  ( 0.6250000000000000000, 0.05000000000000000278, -0.6250000000000000000 ) ) ;
#2620 = ADVANCED_FACE ( 'NONE', ( #2232 ), #1983, .F. ) ;
#2621 = CARTESIAN_POINT ( 'NONE',  ( 0.1250000000000000000, 0.05000000000000000278, -0.6249999999999965583 ) ) ;
#2622 = ORIENTED_EDGE ( 'NONE', *, *, #2644, .T. ) ;
#2623 = DIRECTION ( 'NONE',  ( -1.000000000000000000, 0.000000000000000000, 0.000000000000000000 ) ) ;
#2624 = LINE ( 'NONE', #2573, #1209 ) ;
#2625 = PLANE ( 'NONE',  #1969 ) ;
#2626 = ORIENTED_EDGE ( 'NONE', *, *, #1185, .T. ) ;
#2627 = DIRECTION ( 'NONE',  ( -0.000000000000000000, -1.000000000000000000, -0.000000000000000000 ) ) ;
#2628 = DIRECTION ( 'NONE',  ( -0.000000000000000000, -1.000000000000000000, -0.000000000000000000 ) ) ;
#2629 = ORIENTED_EDGE ( 'NONE', *, *, #3513, .F. ) ;
#2630 = ORIENTED_EDGE ( 'NONE', *, *, #2822, .F. ) ;
#2631 = FACE_OUTER_BOUND ( 'NONE', #2109, .T. ) ;
#2632 = VECTOR ( 'NONE', #3643, 1000.000000000000000 ) ;
#2633 = CARTESIAN_POINT ( 'NONE',  ( -0.7499999999999997780, 0.8000000000000000444, -0.7499999999999998890 ) ) ;
#2634 = ORIENTED_EDGE ( 'NONE', *, *, #775, .F. ) ;
#2635 = LINE ( 'NONE', #2825, #1237 ) ;
#2636 = VECTOR ( 'NONE', #1573, 1000.000000000000000 ) ;
#2637 = CARTESIAN_POINT ( 'NONE',  ( 0.6899999999999999467, -0.5869343417595165313, 0.7599999999999997868 ) ) ;
#2638 = ORIENTED_EDGE ( 'NONE', *, *, #3483, .T. ) ;
#2639 = ORIENTED_EDGE ( 'NONE', *, *, #732, .T. ) ;
#2640 = LINE ( 'NONE', #2948, #2580 ) ;
#2641 = AXIS2_PLACEMENT_3D ( 'NONE', #2086, #3278, #1531 ) ;
#2642 = DIRECTION ( 'NONE',  ( 0.000000000000000000, 0.000000000000000000, -1.000000000000000000 ) ) ;
#2643 = PLANE ( 'NONE',  #3035 ) ;
#2644 = EDGE_CURVE ( 'NONE', #2677, #146, #981, .T. ) ;
#2645 = VERTEX_POINT ( 'NONE', #3834 ) ;
#2646 = CARTESIAN_POINT ( 'NONE',  ( 0.6249999999999998890, 0.05000000000000000278, 0.3749999999999973910 ) ) ;
#2647 = VERTEX_POINT ( 'NONE', #766 ) ;
#2648 = DIRECTION ( 'NONE',  ( 0.000000000000000000, 1.000000000000000000, -0.000000000000000000 ) ) ;
#2649 = VECTOR ( 'NONE', #604, 1000.000000000000000 ) ;
#2650 = CARTESIAN_POINT ( 'NONE',  ( -0.3750000000000000000, 0.000000000000000000, -0.6249999999999931166 ) ) ;
#2651 = LINE ( 'NONE', #2017, #2716 ) ;
#2652 = CARTESIAN_POINT ( 'NONE',  ( -0.6249999999999998890, 0.000000000000000000, 0.1249999999999974049 ) ) ;
#2653 = ADVANCED_FACE ( 'NONE', ( #2175 ), #2388, .F. ) ;
#2654 = ORIENTED_EDGE ( 'NONE', *, *, #3485, .F. ) ;
#2655 = DIRECTION ( 'NONE',  ( 1.000000000000000000, -0.000000000000000000, -0.000000000000000000 ) ) ;
#2656 = ORIENTED_EDGE ( 'NONE', *, *, #106, .F. ) ;
#2657 = ORIENTED_EDGE ( 'NONE', *, *, #3276, .F. ) ;
#2658 = EDGE_CURVE ( 'NONE', #977, #3366, #3555, .T. ) ;
#2659 = VECTOR ( 'NONE', #3123, 1000.000000000000000 ) ;
#2660 = STYLED_ITEM ( 'NONE', ( #38 ), #181 ) ;
#2661 = PLANE ( 'NONE',  #2872 ) ;
#2662 = EDGE_CURVE ( 'NONE', #1014, #2130, #839, .T. ) ;
#2663 = PLANE ( 'NONE',  #595 ) ;
#2664 = ORIENTED_EDGE ( 'NONE', *, *, #976, .F. ) ;
#2665 = EDGE_LOOP ( 'NONE', ( #90, #3803, #1384, #692 ) ) ;
#2666 = AXIS2_PLACEMENT_3D ( 'NONE', #234, #2343, #542 ) ;
#2667 = CARTESIAN_POINT ( 'NONE',  ( -0.9999999999999997780, 0.8000000000000000444, 0.9999999999999997780 ) ) ;
#2668 = EDGE_CURVE ( 'NONE', #1154, #2384, #2249, .T. ) ;
#2669 = EDGE_CURVE ( 'NONE', #146, #3514, #853, .T. ) ;
#2670 = EDGE_LOOP ( 'NONE', ( #3645, #2138 ) ) ;
#2671 = VERTEX_POINT ( 'NONE', #551 ) ;
#2672 = LINE ( 'NONE', #3288, #1417 ) ;
#2673 = LINE ( 'NONE', #135, #2803 ) ;
#2674 = CARTESIAN_POINT ( 'NONE',  ( -0.6250000000000000000, 0.05000000000000000278, -0.6249999999999931166 ) ) ;
#2675 = FILL_AREA_STYLE ('',( #2035 ) ) ;
#2676 = ORIENTED_EDGE ( 'NONE', *, *, #3953, .F. ) ;
#2677 = VERTEX_POINT ( 'NONE', #3531 ) ;
#2678 = ORIENTED_EDGE ( 'NONE', *, *, #1120, .F. ) ;
#2679 = DIRECTION ( 'NONE',  ( 0.000000000000000000, 0.000000000000000000, -1.000000000000000000 ) ) ;
#2680 = DIRECTION ( 'NONE',  ( 0.000000000000000000, -1.000000000000000000, 0.000000000000000000 ) ) ;
#2681 = LINE ( 'NONE', #2106, #1398 ) ;
#2682 =( LENGTH_UNIT ( ) NAMED_UNIT ( * ) SI_UNIT ( .MILLI., .METRE. ) );
#2683 = ADVANCED_FACE ( 'NONE', ( #3592 ), #3501, .T. ) ;
#2684 = CARTESIAN_POINT ( 'NONE',  ( -0.6250000000000000000, 0.05000000000000000278, 0.9000000000000069056 ) ) ;
#2685 = ORIENTED_EDGE ( 'NONE', *, *, #659, .F. ) ;
#2686 = ORIENTED_EDGE ( 'NONE', *, *, #2930, .F. ) ;
#2687 = CARTESIAN_POINT ( 'NONE',  ( -0.6249999999999998890, 0.05000000000000002359, -0.1249999999999974049 ) ) ;
#2688 = FACE_OUTER_BOUND ( 'NONE', #2507, .T. ) ;
#2689 = CARTESIAN_POINT ( 'NONE',  ( 0.8999999999999958034, 0.4216517186829673025, -0.1250000000000109912 ) ) ;
#2690 = VERTEX_POINT ( 'NONE', #2004 ) ;
#2691 = ORIENTED_EDGE ( 'NONE', *, *, #3292, .T. ) ;
#2692 = ORIENTED_EDGE ( 'NONE', *, *, #251, .T. ) ;
#2693 = CARTESIAN_POINT ( 'NONE',  ( -0.3750000000000000000, 0.000000000000000000, 0.9000000000000069056 ) ) ;
#2694 = LINE ( 'NONE', #3795, #1382 ) ;
#2695 = CARTESIAN_POINT ( 'NONE',  ( 0.000000000000000000, 0.000000000000000000, 0.000000000000000000 ) ) ;
#2696 = CARTESIAN_POINT ( 'NONE',  ( 0.1250000000000000000, 0.05000000000000000278, -0.8999999999999964695 ) ) ;
#2697 = AXIS2_PLACEMENT_3D ( 'NONE', #2987, #14, #2754 ) ;
#2698 = CARTESIAN_POINT ( 'NONE',  ( 0.8999999999999958034, 0.05000000000000002359, -0.1250000000000109912 ) ) ;
#2699 = EDGE_LOOP ( 'NONE', ( #3900, #3889, #3927, #3791 ) ) ;
#2700 = ORIENTED_EDGE ( 'NONE', *, *, #1803, .F. ) ;
#2701 = EDGE_CURVE ( 'NONE', #454, #1724, #913, .T. ) ;
#2702 = VECTOR ( 'NONE', #882, 1000.000000000000000 ) ;
#2703 = LINE ( 'NONE', #3318, #3963 ) ;
#2704 = CARTESIAN_POINT ( 'NONE',  ( 0.1250000000000000000, 0.4216517186829673025, -0.6249999999999965583 ) ) ;
#2705 = CARTESIAN_POINT ( 'NONE',  ( 0.6899999999999999467, 0.8000000000000000444, -0.1500000000000001887 ) ) ;
#2706 = ORIENTED_EDGE ( 'NONE', *, *, #2918, .F. ) ;
#2707 = ORIENTED_EDGE ( 'NONE', *, *, #3401, .T. ) ;
#2708 = LINE ( 'NONE', #3587, #1405 ) ;
#2709 = PLANE ( 'NONE',  #1921 ) ;
#2710 = VECTOR ( 'NONE', #2078, 1000.000000000000000 ) ;
#2711 = DIRECTION ( 'NONE',  ( -1.000000000000000000, 0.000000000000000000, 0.000000000000000000 ) ) ;
#2712 = EDGE_CURVE ( 'NONE', #3698, #836, #3728, .T. ) ;
#2713 = DIRECTION ( 'NONE',  ( 1.000000000000000000, 0.000000000000000000, -0.000000000000000000 ) ) ;
#2714 = AXIS2_PLACEMENT_3D ( 'NONE', #652, #278, #564 ) ;
#2715 = VERTEX_POINT ( 'NONE', #3283 ) ;
#2716 = VECTOR ( 'NONE', #2949, 1000.000000000000000 ) ;
#2717 = EDGE_CURVE ( 'NONE', #1866, #3698, #2452, .T. ) ;
#2718 = DIRECTION ( 'NONE',  ( -0.000000000000000000, 1.000000000000000000, 0.000000000000000000 ) ) ;
#2719 = ORIENTED_EDGE ( 'NONE', *, *, #2644, .F. ) ;
#2720 = ORIENTED_EDGE ( 'NONE', *, *, #1020, .F. ) ;
#2721 = EDGE_CURVE ( 'NONE', #2234, #1269, #3676, .T. ) ;
#2722 = FACE_OUTER_BOUND ( 'NONE', #111, .T. ) ;
#2723 = CIRCLE ( 'NONE', #2769, 0.1000000000000001582 ) ;
#2724 = CARTESIAN_POINT ( 'NONE',  ( 0.6899999999999999467, 0.6999999999999999556, -0.1500000000000001887 ) ) ;
#2725 = ADVANCED_FACE ( 'NONE', ( #2349 ), #793, .F. ) ;
#2726 = CLOSED_SHELL ( 'NONE', ( #2577, #3966, #648, #433, #186, #881, #735, #2533, #151, #3158, #1094, #3563, #297, #3535, #3307, #2313, #1813, #3851, #378, #3091, #2489, #3176, #598, #2344, #2835, #1406, #2094, #3918, #3696, #1897, #3251, #567, #3446, #761, #3891, #40, #2683, #369, #824, #1536, #1623, #2246, #2026, #247, #783, #2958, #629, #1775, #812, #1870, #1783, #1931, #545, #2795, #3116, #1601, #1653 ) ) ;
#2727 = DIRECTION ( 'NONE',  ( -1.000000000000000000, 0.000000000000000000, -0.000000000000000000 ) ) ;
#2728 = ORIENTED_EDGE ( 'NONE', *, *, #1994, .F. ) ;
#2729 = VECTOR ( 'NONE', #3450, 1000.000000000000000 ) ;
#2730 = SURFACE_STYLE_FILL_AREA ( #859 ) ;
#2731 = PLANE ( 'NONE',  #654 ) ;
#2732 = ORIENTED_EDGE ( 'NONE', *, *, #3159, .F. ) ;
#2733 = ORIENTED_EDGE ( 'NONE', *, *, #246, .T. ) ;
#2734 = ORIENTED_EDGE ( 'NONE', *, *, #2028, .T. ) ;
#2735 = PLANE ( 'NONE',  #975 ) ;
#2736 = PLANE ( 'NONE',  #751 ) ;
#2737 = FACE_OUTER_BOUND ( 'NONE', #22, .T. ) ;
#2738 = CARTESIAN_POINT ( 'NONE',  ( -0.2200000000000000289, 0.6999999999999999556, 0.7599999999999997868 ) ) ;
#2739 = FACE_OUTER_BOUND ( 'NONE', #1338, .T. ) ;
#2740 = DIRECTION ( 'NONE',  ( 0.000000000000000000, 0.000000000000000000, -1.000000000000000000 ) ) ;
#2741 = VERTEX_POINT ( 'NONE', #2742 ) ;
#2742 = CARTESIAN_POINT ( 'NONE',  ( -0.8999999999999999112, 0.05000000000000000278, 0.3749999999999973910 ) ) ;
#2743 = ORIENTED_EDGE ( 'NONE', *, *, #3953, .T. ) ;
#2744 = ORIENTED_EDGE ( 'NONE', *, *, #2365, .T. ) ;
#2745 = PRESENTATION_LAYER_ASSIGNMENT (  '', '', ( #2456 ) ) ;
#2746 = ORIENTED_EDGE ( 'NONE', *, *, #3899, .T. ) ;
#2747 = CARTESIAN_POINT ( 'NONE',  ( 0.000000000000000000, 0.6999999999999999556, 0.000000000000000000 ) ) ;
#2748 = ORIENTED_EDGE ( 'NONE', *, *, #1606, .T. ) ;
#2749 = LINE ( 'NONE', #996, #70 ) ;
#2750 = EDGE_CURVE ( 'NONE', #3686, #437, #2364, .T. ) ;
#2751 = SURFACE_STYLE_USAGE ( .BOTH. , #3970 ) ;
#2752 = ADVANCED_FACE ( 'NONE', ( #2422 ), #872, .T. ) ;
#2753 = CARTESIAN_POINT ( 'NONE',  ( -0.1250000000000000000, 0.000000000000000000, -0.6249999999999965583 ) ) ;
#2754 = DIRECTION ( 'NONE',  ( 0.000000000000000000, 0.000000000000000000, 1.000000000000000000 ) ) ;
#2755 = ORIENTED_EDGE ( 'NONE', *, *, #3114, .T. ) ;
#2756 = ORIENTED_EDGE ( 'NONE', *, *, #54, .T. ) ;
#2757 = CARTESIAN_POINT ( 'NONE',  ( -0.6249999999999998890, 0.000000000000000000, 0.3749999999999973910 ) ) ;
#2758 = ORIENTED_EDGE ( 'NONE', *, *, #1418, .F. ) ;
#2759 = UNCERTAINTY_MEASURE_WITH_UNIT (LENGTH_MEASURE( 1.000000000000000082E-05 ), #540, 'distance_accuracy_value', 'NONE');
#2760 =( LENGTH_UNIT ( ) NAMED_UNIT ( * ) SI_UNIT ( .MILLI., .METRE. ) );
#2761 = ORIENTED_EDGE ( 'NONE', *, *, #1474, .T. ) ;
#2762 = DIRECTION ( 'NONE',  ( -0.000000000000000000, -0.000000000000000000, -1.000000000000000000 ) ) ;
#2763 = ORIENTED_EDGE ( 'NONE', *, *, #3725, .T. ) ;
#2764 = DIRECTION ( 'NONE',  ( -1.000000000000000000, 0.000000000000000000, 0.000000000000000000 ) ) ;
#2765 = FACE_OUTER_BOUND ( 'NONE', #3553, .T. ) ;
#2766 = CARTESIAN_POINT ( 'NONE',  ( -0.6249999999999998890, 0.000000000000000000, -0.1249999999999974049 ) ) ;
#2767 = EDGE_CURVE ( 'NONE', #2208, #3363, #3746, .T. ) ;
#2768 = SURFACE_STYLE_USAGE ( .BOTH. , #3346 ) ;
#2769 = AXIS2_PLACEMENT_3D ( 'NONE', #3079, #3100, #2519 ) ;
#2770 = CARTESIAN_POINT ( 'NONE',  ( 0.1250000000000000000, 0.05000000000000000278, -0.8999999999999964695 ) ) ;
#2771 = EDGE_LOOP ( 'NONE', ( #3742, #488, #461, #3750 ) ) ;
#2772 = PLANE ( 'NONE',  #1254 ) ;
#2773 = LINE ( 'NONE', #2259, #1349 ) ;
#2774 = SURFACE_STYLE_USAGE ( .BOTH. , #2098 ) ;
#2775 = ORIENTED_EDGE ( 'NONE', *, *, #208, .F. ) ;
#2776 = ORIENTED_EDGE ( 'NONE', *, *, #3267, .T. ) ;
#2777 = VECTOR ( 'NONE', #1522, 1000.000000000000000 ) ;
#2778 = DIRECTION ( 'NONE',  ( 1.000000000000000000, 0.000000000000000000, -0.000000000000000000 ) ) ;
#2779 = DIRECTION ( 'NONE',  ( 0.000000000000000000, 1.000000000000000000, 0.000000000000000000 ) ) ;
#2780 = DIRECTION ( 'NONE',  ( -0.000000000000000000, -0.000000000000000000, -1.000000000000000000 ) ) ;
#2781 = DIRECTION ( 'NONE',  ( 0.000000000000000000, -0.000000000000000000, 1.000000000000000000 ) ) ;
#2782 = ORIENTED_EDGE ( 'NONE', *, *, #1883, .F. ) ;
#2783 = VERTEX_POINT ( 'NONE', #2770 ) ;
#2785 = EDGE_LOOP ( 'NONE', ( #2719, #1617, #3772, #1403 ) ) ;
#2784 = CARTESIAN_POINT ( 'NONE',  ( -0.1250000000000000000, 0.05000000000000002359, 0.6250000000000034417 ) ) ;
#2786 = VECTOR ( 'NONE', #2075, 1000.000000000000000 ) ;
#2787 = CARTESIAN_POINT ( 'NONE',  ( -0.8999999999999999112, 0.000000000000000000, -0.1249999999999974049 ) ) ;
#2788 = ORIENTED_EDGE ( 'NONE', *, *, #1012, .F. ) ;
#2789 = ORIENTED_EDGE ( 'NONE', *, *, #216, .F. ) ;
#2790 = CARTESIAN_POINT ( 'NONE',  ( 0.6899999999999999467, 0.8000000000000000444, -0.1500000000000001887 ) ) ;
#2791 = ORIENTED_EDGE ( 'NONE', *, *, #1125, .F. ) ;
#2792 = CARTESIAN_POINT ( 'NONE',  ( 0.1250000000000000000, 0.000000000000000000, -0.6249999999999965583 ) ) ;
#2793 = VECTOR ( 'NONE', #3941, 1000.000000000000000 ) ;
#2794 = DIRECTION ( 'NONE',  ( -0.000000000000000000, 0.000000000000000000, 1.000000000000000000 ) ) ;
#2795 = ADVANCED_FACE ( 'NONE', ( #1123 ), #3992, .T. ) ;
#2796 = ORIENTED_EDGE ( 'NONE', *, *, #3513, .T. ) ;
#2797 = AXIS2_PLACEMENT_3D ( 'NONE', #2279, #1047, #2253 ) ;
#2798 = ORIENTED_EDGE ( 'NONE', *, *, #2128, .F. ) ;
#2799 = VERTEX_POINT ( 'NONE', #1212 ) ;
#2800 = EDGE_CURVE ( 'NONE', #836, #844, #3752, .T. ) ;
#2801 = FACE_OUTER_BOUND ( 'NONE', #1535, .T. ) ;
#2802 =( NAMED_UNIT ( * ) PLANE_ANGLE_UNIT ( ) SI_UNIT ( $, .RADIAN. ) );
#2803 = VECTOR ( 'NONE', #1698, 1000.000000000000000 ) ;
#2804 = VERTEX_POINT ( 'NONE', #2907 ) ;
#2805 = EDGE_CURVE ( 'NONE', #3363, #2245, #3759, .T. ) ;
#2806 = DIRECTION ( 'NONE',  ( 0.000000000000000000, -1.000000000000000000, 0.000000000000000000 ) ) ;
#2807 = ORIENTED_EDGE ( 'NONE', *, *, #1462, .F. ) ;
#2808 = LINE ( 'NONE', #1270, #2936 ) ;
#2809 = CARTESIAN_POINT ( 'NONE',  ( 0.6249999999999998890, 0.05000000000000000278, 0.1249999999999974049 ) ) ;
#2810 = VECTOR ( 'NONE', #505, 1000.000000000000000 ) ;
#2811 = CARTESIAN_POINT ( 'NONE',  ( -0.6249999999999998890, 0.05000000000000000278, 0.1249999999999974049 ) ) ;
#2812 = DIRECTION ( 'NONE',  ( -0.000000000000000000, -0.000000000000000000, 1.000000000000000000 ) ) ;
#2813 = ORIENTED_EDGE ( 'NONE', *, *, #2360, .T. ) ;
#2814 =( NAMED_UNIT ( * ) PLANE_ANGLE_UNIT ( ) SI_UNIT ( $, .RADIAN. ) );
#2816 = ORIENTED_EDGE ( 'NONE', *, *, #2258, .F. ) ;
#2815 = DIRECTION ( 'NONE',  ( -1.000000000000000000, 0.000000000000000000, 0.000000000000000000 ) ) ;
#2817 = VECTOR ( 'NONE', #2594, 1000.000000000000000 ) ;
#2818 = APPLICATION_CONTEXT ( 'automotive_design' ) ;
#2819 = LINE ( 'NONE', #3237, #165 ) ;
#2820 =( GEOMETRIC_REPRESENTATION_CONTEXT ( 3 ) GLOBAL_UNCERTAINTY_ASSIGNED_CONTEXT ( ( #2868 ) ) GLOBAL_UNIT_ASSIGNED_CONTEXT ( ( #51, #3618, #633 ) ) REPRESENTATION_CONTEXT ( 'NONE', 'WORKASPACE' ) );
#2821 = ORIENTED_EDGE ( 'NONE', *, *, #1344, .F. ) ;
#2822 = EDGE_CURVE ( 'NONE', #1239, #1395, #3682, .T. ) ;
#2823 = ORIENTED_EDGE ( 'NONE', *, *, #246, .F. ) ;
#2824 = EDGE_LOOP ( 'NONE', ( #1543, #2906, #3537, #825 ) ) ;
#2825 = CARTESIAN_POINT ( 'NONE',  ( -0.8999999999999999112, 0.05000000000000000278, 0.1249999999999974049 ) ) ;
#2826 = EDGE_CURVE ( 'NONE', #3579, #660, #2316, .T. ) ;
#2827 = LINE ( 'NONE', #2983, #1523 ) ;
#2828 = DIRECTION ( 'NONE',  ( -1.000000000000000000, 0.000000000000000000, 0.000000000000000000 ) ) ;
#2829 = COLOUR_RGB ( '',1.000000000000000000, 0.8117647058823529438, 0.5019607843137254832 ) ;
#2830 = VERTEX_POINT ( 'NONE', #170 ) ;
#2831 = LINE ( 'NONE', #1478, #2944 ) ;
#2832 = DIRECTION ( 'NONE',  ( -1.000000000000000000, 0.000000000000000000, 0.000000000000000000 ) ) ;
#2833 = CARTESIAN_POINT ( 'NONE',  ( -0.2200000000000000289, 0.6999999999999999556, 0.7599999999999997868 ) ) ;
#2834 = LINE ( 'NONE', #47, #46 ) ;
#2835 = ADVANCED_FACE ( 'NONE', ( #1074 ), #2529, .T. ) ;
#2836 = ORIENTED_EDGE ( 'NONE', *, *, #651, .F. ) ;
#2837 = CARTESIAN_POINT ( 'NONE',  ( 0.8999999999999999112, 0.05000000000000000278, 0.1249999999999974049 ) ) ;
#2838 = VERTEX_POINT ( 'NONE', #1339 ) ;
#2839 = LINE ( 'NONE', #2335, #2878 ) ;
#2840 = CARTESIAN_POINT ( 'NONE',  ( 0.1250000000000000000, 0.4216517186829673025, -0.6249999999999965583 ) ) ;
#2841 = LINE ( 'NONE', #682, #209 ) ;
#2842 = DIRECTION ( 'NONE',  ( -0.000000000000000000, 0.000000000000000000, -1.000000000000000000 ) ) ;
#2843 = ORIENTED_EDGE ( 'NONE', *, *, #1471, .F. ) ;
#2844 = CARTESIAN_POINT ( 'NONE',  ( -0.9999999999999997780, 0.8000000000000000444, 0.9999999999999997780 ) ) ;
#2846 = VERTEX_POINT ( 'NONE', #942 ) ;
#2845 = CARTESIAN_POINT ( 'NONE',  ( -0.6250000000000000000, 0.4216517186829673025, -0.6249999999999931166 ) ) ;
#2847 = VECTOR ( 'NONE', #2780, 1000.000000000000000 ) ;
#2848 = MECHANICAL_DESIGN_GEOMETRIC_PRESENTATION_REPRESENTATION (  '', ( #385 ), #999 ) ;
#2849 = CARTESIAN_POINT ( 'NONE',  ( 0.1250000000000000000, 0.4216517186829673025, -0.6249999999999965583 ) ) ;
#2850 = FACE_OUTER_BOUND ( 'NONE', #3202, .T. ) ;
#2851 = ORIENTED_EDGE ( 'NONE', *, *, #978, .F. ) ;
#2852 = EDGE_LOOP ( 'NONE', ( #1264, #3317, #537, #3859 ) ) ;
#2853 = PLANE ( 'NONE',  #2016 ) ;
#2854 = FACE_OUTER_BOUND ( 'NONE', #3457, .T. ) ;
#2855 = CARTESIAN_POINT ( 'NONE',  ( -0.3750000000000000000, 0.05000000000000000278, 0.6250000000000069944 ) ) ;
#2856 = CARTESIAN_POINT ( 'NONE',  ( -0.7499999999999997780, 0.6999999999999999556, -0.7499999999999998890 ) ) ;
#2857 = EDGE_CURVE ( 'NONE', #2277, #2290, #1115, .T. ) ;
#2858 = VERTEX_POINT ( 'NONE', #1010 ) ;
#2859 = ORIENTED_EDGE ( 'NONE', *, *, #3483, .F. ) ;
#2860 = ORIENTED_EDGE ( 'NONE', *, *, #3434, .F. ) ;
#2861 = VECTOR ( 'NONE', #1560, 1000.000000000000000 ) ;
#2862 =( LENGTH_UNIT ( ) NAMED_UNIT ( * ) SI_UNIT ( .MILLI., .METRE. ) );
#2863 = CARTESIAN_POINT ( 'NONE',  ( -0.8999999999999999112, 0.000000000000000000, -0.3749999999999973910 ) ) ;
#2864 = VECTOR ( 'NONE', #3173, 1000.000000000000000 ) ;
#2865 = VERTEX_POINT ( 'NONE', #142 ) ;
#2866 = ORIENTED_EDGE ( 'NONE', *, *, #1351, .T. ) ;
#2867 = VECTOR ( 'NONE', #2468, 1000.000000000000000 ) ;
#2868 = UNCERTAINTY_MEASURE_WITH_UNIT (LENGTH_MEASURE( 1.000000000000000082E-05 ), #51, 'distance_accuracy_value', 'NONE');
#2869 = EDGE_CURVE ( 'NONE', #2647, #1096, #2341, .T. ) ;
#2870 = DIRECTION ( 'NONE',  ( 1.000000000000000000, -0.000000000000000000, -0.000000000000000000 ) ) ;
#2871 = VECTOR ( 'NONE', #287, 1000.000000000000000 ) ;
#2872 = AXIS2_PLACEMENT_3D ( 'NONE', #3243, #1733, #2980 ) ;
#2873 = DIRECTION ( 'NONE',  ( -0.000000000000000000, -1.000000000000000000, -0.000000000000000000 ) ) ;
#2874 = EDGE_CURVE ( 'NONE', #2741, #1383, #2374, .T. ) ;
#2875 = DIRECTION ( 'NONE',  ( 0.000000000000000000, -1.000000000000000000, 0.000000000000000000 ) ) ;
#2877 = ORIENTED_EDGE ( 'NONE', *, *, #3462, .F. ) ;
#2876 = DIRECTION ( 'NONE',  ( -1.000000000000000000, 0.000000000000000000, 0.000000000000000000 ) ) ;
#2878 = VECTOR ( 'NONE', #355, 1000.000000000000000 ) ;
#2879 = AXIS2_PLACEMENT_3D ( 'NONE', #2014, #259, #3856 ) ;
#2880 = EDGE_CURVE ( 'NONE', #3423, #660, #988, .T. ) ;
#2881 = PRODUCT_CONTEXT ( 'NONE', #2818, 'mechanical' ) ;
#2882 = COLOUR_RGB ( '',1.000000000000000000, 0.8117647058823529438, 0.5019607843137254832 ) ;
#2883 = EDGE_CURVE ( 'NONE', #1696, #602, #2438, .T. ) ;
#2884 = EDGE_LOOP ( 'NONE', ( #3866, #531, #3303, #1213 ) ) ;
#2885 = DIRECTION ( 'NONE',  ( 1.000000000000000000, -0.000000000000000000, -3.232893750683992730E-14 ) ) ;
#2886 = VECTOR ( 'NONE', #3811, 1000.000000000000000 ) ;
#2887 = DIRECTION ( 'NONE',  ( 1.000000000000000000, 0.000000000000000000, 0.000000000000000000 ) ) ;
#2888 = VECTOR ( 'NONE', #697, 1000.000000000000000 ) ;
#2889 = ORIENTED_EDGE ( 'NONE', *, *, #1687, .F. ) ;
#2890 = LINE ( 'NONE', #2170, #2867 ) ;
#2891 = CARTESIAN_POINT ( 'NONE',  ( -0.7499999999999997780, 0.6999999999999999556, -0.6499999999999998002 ) ) ;
#2892 = DIRECTION ( 'NONE',  ( -7.372574772901343377E-15, 0.000000000000000000, -1.000000000000000000 ) ) ;
#2893 = VECTOR ( 'NONE', #3256, 1000.000000000000000 ) ;
#2894 = CARTESIAN_POINT ( 'NONE',  ( 0.6250000000000000000, 0.05000000000000000278, 0.9000000000000000222 ) ) ;
#2895 = EDGE_LOOP ( 'NONE', ( #2257, #1380, #2700, #2241 ) ) ;
#2896 = LINE ( 'NONE', #925, #1596 ) ;
#2897 = CARTESIAN_POINT ( 'NONE',  ( 0.6249999999999958922, 0.05000000000000000278, -0.1250000000000090206 ) ) ;
#2898 = ADVANCED_FACE ( 'NONE', ( #2430 ), #725, .T. ) ;
#2899 = CARTESIAN_POINT ( 'NONE',  ( -0.6249999999999998890, 0.000000000000000000, 0.1249999999999974049 ) ) ;
#2900 = AXIS2_PLACEMENT_3D ( 'NONE', #1143, #194, #3602 ) ;
#2902 = ORIENTED_EDGE ( 'NONE', *, *, #2880, .T. ) ;
#2901 = CARTESIAN_POINT ( 'NONE',  ( -0.1250000000000000000, 0.000000000000000000, -0.8999999999999964695 ) ) ;
#2903 = VECTOR ( 'NONE', #1345, 1000.000000000000000 ) ;
#2904 = DIRECTION ( 'NONE',  ( -1.000000000000000000, 0.000000000000000000, -0.000000000000000000 ) ) ;
#2905 = VECTOR ( 'NONE', #1175, 1000.000000000000000 ) ;
#2906 = ORIENTED_EDGE ( 'NONE', *, *, #1687, .T. ) ;
#2907 = CARTESIAN_POINT ( 'NONE',  ( 0.6250000000000000000, 0.000000000000000000, -0.9000000000000000222 ) ) ;
#2908 = FACE_OUTER_BOUND ( 'NONE', #2124, .T. ) ;
#2909 = EDGE_CURVE ( 'NONE', #2671, #1856, #3697, .T. ) ;
#2910 = VECTOR ( 'NONE', #1678, 1000.000000000000000 ) ;
#2911 = CARTESIAN_POINT ( 'NONE',  ( 0.3750000000000000000, 0.05000000000000002359, -0.6250000000000000000 ) ) ;
#2912 = VERTEX_POINT ( 'NONE', #1998 ) ;
#2913 = VECTOR ( 'NONE', #2096, 1000.000000000000000 ) ;
#2914 = DIRECTION ( 'NONE',  ( 0.000000000000000000, 1.000000000000000000, 0.000000000000000000 ) ) ;
#2915 = PLANE ( 'NONE',  #2797 ) ;
#2916 = DIRECTION ( 'NONE',  ( 1.000000000000000000, 0.000000000000000000, -0.000000000000000000 ) ) ;
#2917 = VECTOR ( 'NONE', #1011, 1000.000000000000000 ) ;
#2918 = EDGE_CURVE ( 'NONE', #1221, #1215, #2402, .T. ) ;
#2919 = EDGE_LOOP ( 'NONE', ( #2284, #2775, #1444, #74 ) ) ;
#2920 = AXIS2_PLACEMENT_3D ( 'NONE', #921, #1284, #983 ) ;
#2921 = LINE ( 'NONE', #1758, #1600 ) ;
#2922 = CARTESIAN_POINT ( 'NONE',  ( -0.6249999999999998890, 0.4216517186829673025, 0.1249999999999974049 ) ) ;
#2923 = LINE ( 'NONE', #2063, #2871 ) ;
#2924 = CARTESIAN_POINT ( 'NONE',  ( 0.3750000000000000000, 0.4216517186829673025, 0.9000000000000000222 ) ) ;
#2925 = CARTESIAN_POINT ( 'NONE',  ( 0.1250000000000000000, 0.05000000000000000278, 0.6250000000000034417 ) ) ;
#2926 = EDGE_CURVE ( 'NONE', #1239, #1328, #2326, .T. ) ;
#2927 =( NAMED_UNIT ( * ) PLANE_ANGLE_UNIT ( ) SI_UNIT ( $, .RADIAN. ) );
#2928 = ORIENTED_EDGE ( 'NONE', *, *, #573, .T. ) ;
#2929 = LINE ( 'NONE', #819, #1590 ) ;
#2930 = EDGE_CURVE ( 'NONE', #3105, #2645, #1034, .T. ) ;
#2931 = CARTESIAN_POINT ( 'NONE',  ( -0.3750000000000000000, 0.05000000000000002359, -0.8999999999999930278 ) ) ;
#2932 = ADVANCED_FACE ( 'NONE', ( #1040 ), #1473, .F. ) ;
#2933 = CARTESIAN_POINT ( 'NONE',  ( -0.2200000000000001399, 0.8000000000000000444, -0.1500000000000001887 ) ) ;
#2934 = VECTOR ( 'NONE', #3489, 1000.000000000000000 ) ;
#2935 = DIRECTION ( 'NONE',  ( -0.000000000000000000, -1.000000000000000000, -0.000000000000000000 ) ) ;
#2936 = VECTOR ( 'NONE', #327, 1000.000000000000000 ) ;
#2937 = FACE_OUTER_BOUND ( 'NONE', #2884, .T. ) ;
#2938 = PLANE ( 'NONE',  #1593 ) ;
#2939 = DIRECTION ( 'NONE',  ( 1.000000000000000000, 0.000000000000000000, -0.000000000000000000 ) ) ;
#2940 = MANIFOLD_SOLID_BREP ( 'Chamfer1', #2726 ) ;
#2941 = ORIENTED_EDGE ( 'NONE', *, *, #1065, .F. ) ;
#2942 = LINE ( 'NONE', #2572, #140 ) ;
#2943 = CARTESIAN_POINT ( 'NONE',  ( -0.3750000000000000000, -0.000000000000000000, 0.9000000000000069056 ) ) ;
#2944 = VECTOR ( 'NONE', #2391, 1000.000000000000000 ) ;
#2945 = AXIS2_PLACEMENT_3D ( 'NONE', #1509, #1808, #2713 ) ;
#2946 = VECTOR ( 'NONE', #1938, 1000.000000000000000 ) ;
#2947 = CARTESIAN_POINT ( 'NONE',  ( -0.9999999999999997780, 0.000000000000000000, 0.9999999999999997780 ) ) ;
#2948 = CARTESIAN_POINT ( 'NONE',  ( -0.2200000000000000289, 0.6999999999999999556, 0.7599999999999997868 ) ) ;
#2949 = DIRECTION ( 'NONE',  ( 0.000000000000000000, 0.000000000000000000, -1.000000000000000000 ) ) ;
#2950 = CARTESIAN_POINT ( 'NONE',  ( 0.000000000000000000, 0.05000000000000000278, 0.000000000000000000 ) ) ;
#2951 = LINE ( 'NONE', #2114, #1605 ) ;
#2952 = EDGE_CURVE ( 'NONE', #638, #1557, #3718, .T. ) ;
#2953 = CARTESIAN_POINT ( 'NONE',  ( -0.3750000000000000000, 0.05000000000000000278, -0.6249999999999931166 ) ) ;
#2954 = LINE ( 'NONE', #810, #1614 ) ;
#2955 = EDGE_CURVE ( 'NONE', #1696, #2443, #1068, .T. ) ;
#2956 = ORIENTED_EDGE ( 'NONE', *, *, #1867, .F. ) ;
#2957 = VECTOR ( 'NONE', #2311, 1000.000000000000000 ) ;
#2958 = ADVANCED_FACE ( 'NONE', ( #2410 ), #1726, .F. ) ;
#2959 = LINE ( 'NONE', #3479, #2946 ) ;
#2960 = CARTESIAN_POINT ( 'NONE',  ( 0.1250000000000000000, 0.000000000000000000, 0.9000000000000034639 ) ) ;
#2961 = LINE ( 'NONE', #2207, #346 ) ;
#2962 = EDGE_CURVE ( 'NONE', #2846, #3290, #3737, .T. ) ;
#2963 = CARTESIAN_POINT ( 'NONE',  ( 0.1250000000000000000, 0.4216517186829673025, -0.8999999999999964695 ) ) ;
#2964 = FACE_OUTER_BOUND ( 'NONE', #2535, .T. ) ;
#2965 = AXIS2_PLACEMENT_3D ( 'NONE', #3413, #3714, #88 ) ;
#2966 = VERTEX_POINT ( 'NONE', #2972 ) ;
#2967 = DIRECTION ( 'NONE',  ( -1.000000000000000000, 0.000000000000000000, 0.000000000000000000 ) ) ;
#2968 = LINE ( 'NONE', #2396, #359 ) ;
#2969 = PLANE ( 'NONE',  #1390 ) ;
#2970 = FACE_OUTER_BOUND ( 'NONE', #3110, .T. ) ;
#2971 = CARTESIAN_POINT ( 'NONE',  ( -0.2200000000000001399, 0.6999999999999999556, -0.1500000000000001887 ) ) ;
#2972 = CARTESIAN_POINT ( 'NONE',  ( -0.6249999999999998890, 0.05000000000000002359, -0.2749999999999970246 ) ) ;
#2973 = DIRECTION ( 'NONE',  ( -0.000000000000000000, 0.000000000000000000, 1.000000000000000000 ) ) ;
#2974 = ORIENTED_EDGE ( 'NONE', *, *, #1120, .T. ) ;
#2975 = LINE ( 'NONE', #958, #3007 ) ;
#2976 = ORIENTED_EDGE ( 'NONE', *, *, #1107, .F. ) ;
#2977 = ORIENTED_EDGE ( 'NONE', *, *, #2668, .T. ) ;
#2978 = ADVANCED_FACE ( 'NONE', ( #1080 ), #3296, .T. ) ;
#2979 = VECTOR ( 'NONE', #334, 1000.000000000000000 ) ;
#2980 = DIRECTION ( 'NONE',  ( 1.000000000000000000, 0.000000000000000000, -0.000000000000000000 ) ) ;
#2981 = EDGE_LOOP ( 'NONE', ( #1400, #3821, #3265, #1118 ) ) ;
#2982 = AXIS2_PLACEMENT_3D ( 'NONE', #1109, #1873, #1802 ) ;
#2983 = CARTESIAN_POINT ( 'NONE',  ( -0.6250000000000000000, 0.4216517186829673025, -0.8999999999999930278 ) ) ;
#2984 = VERTEX_POINT ( 'NONE', #484 ) ;
#2985 = LINE ( 'NONE', #1279, #2979 ) ;
#2986 = ORIENTED_EDGE ( 'NONE', *, *, #1828, .T. ) ;
#2987 = CARTESIAN_POINT ( 'NONE',  ( -0.3750000000000000000, 0.05000000000000000278, 0.6250000000000069944 ) ) ;
#2988 = ADVANCED_FACE ( 'NONE', ( #3833 ), #214, .F. ) ;
#2989 = CIRCLE ( 'NONE', #2920, 0.1000000000000001582 ) ;
#2990 = PLANE ( 'NONE',  #1182 ) ;
#2991 = VERTEX_POINT ( 'NONE', #504 ) ;
#2992 = CARTESIAN_POINT ( 'NONE',  ( 0.6250000000000000000, 0.000000000000000000, 0.9000000000000000222 ) ) ;
#2993 = DIRECTION ( 'NONE',  ( -0.000000000000000000, 1.000000000000000000, -0.000000000000000000 ) ) ;
#2994 = ORIENTED_EDGE ( 'NONE', *, *, #3137, .T. ) ;
#2995 = EDGE_CURVE ( 'NONE', #1207, #3731, #3842, .T. ) ;
#2996 = FACE_BOUND ( 'NONE', #360, .T. ) ;
#2997 = DIRECTION ( 'NONE',  ( 0.000000000000000000, 0.000000000000000000, -1.000000000000000000 ) ) ;
#2998 = DIRECTION ( 'NONE',  ( 0.000000000000000000, -1.000000000000000000, 0.000000000000000000 ) ) ;
#2999 = DIRECTION ( 'NONE',  ( -0.000000000000000000, -1.000000000000000000, -0.000000000000000000 ) ) ;
#3000 = EDGE_CURVE ( 'NONE', #2377, #3290, #1307, .T. ) ;
#3001 = EDGE_LOOP ( 'NONE', ( #2791, #2172, #2025, #200 ) ) ;
#3002 = EDGE_CURVE ( 'NONE', #422, #2408, #1298, .T. ) ;
#3003 = DIRECTION ( 'NONE',  ( 1.000000000000000000, -0.000000000000000000, -0.000000000000000000 ) ) ;
#3004 = VECTOR ( 'NONE', #2887, 1000.000000000000000 ) ;
#3005 = PLANE ( 'NONE',  #494 ) ;
#3006 = EDGE_LOOP ( 'NONE', ( #1117, #986, #2585, #2314 ) ) ;
#3007 = VECTOR ( 'NONE', #668, 1000.000000000000000 ) ;
#3008 = ORIENTED_EDGE ( 'NONE', *, *, #305, .T. ) ;
#3009 = DIRECTION ( 'NONE',  ( -1.000000000000000000, 0.000000000000000000, 7.096596038086939046E-15 ) ) ;
#3010 = EDGE_CURVE ( 'NONE', #617, #2347, #2640, .T. ) ;
#3011 = ADVANCED_FACE ( 'NONE', ( #3921 ), #787, .F. ) ;
#3012 = ORIENTED_EDGE ( 'NONE', *, *, #291, .T. ) ;
#3013 = DIRECTION ( 'NONE',  ( 0.000000000000000000, -1.000000000000000000, -0.000000000000000000 ) ) ;
#3014 = EDGE_CURVE ( 'NONE', #2110, #118, #3967, .T. ) ;
#3015 = DIRECTION ( 'NONE',  ( -1.000000000000000000, 0.000000000000000000, -0.000000000000000000 ) ) ;
#3016 = DIRECTION ( 'NONE',  ( 0.000000000000000000, 0.000000000000000000, -1.000000000000000000 ) ) ;
#3017 = DIRECTION ( 'NONE',  ( -1.000000000000000000, 0.000000000000000000, 0.000000000000000000 ) ) ;
#3018 = COLOUR_RGB ( '',0.7921568627450980005, 0.8196078431372548767, 0.9333333333333333481 ) ;
#3019 = DIRECTION ( 'NONE',  ( -0.000000000000000000, -0.000000000000000000, -1.000000000000000000 ) ) ;
#3020 = EDGE_LOOP ( 'NONE', ( #3548, #1486, #3660, #1135 ) ) ;
#3021 = LINE ( 'NONE', #2531, #3004 ) ;
#3022 = DIRECTION ( 'NONE',  ( -0.000000000000000000, 1.000000000000000000, 0.000000000000000000 ) ) ;
#3023 = DIRECTION ( 'NONE',  ( 0.000000000000000000, 0.000000000000000000, 1.000000000000000000 ) ) ;
#3024 = CARTESIAN_POINT ( 'NONE',  ( -0.7249999999999999778, 0.05000000000000002359, -0.3749999999999973910 ) ) ;
#3025 = DIRECTION ( 'NONE',  ( 0.000000000000000000, 1.000000000000000000, 0.000000000000000000 ) ) ;
#3026 = LINE ( 'NONE', #890, #1682 ) ;
#3027 = ORIENTED_EDGE ( 'NONE', *, *, #1973, .T. ) ;
#3028 = DIRECTION ( 'NONE',  ( 0.000000000000000000, -1.000000000000000000, 0.000000000000000000 ) ) ;
#3029 = LINE ( 'NONE', #3167, #362 ) ;
#3030 = DIRECTION ( 'NONE',  ( -1.000000000000000000, 0.000000000000000000, -0.000000000000000000 ) ) ;
#3031 = ORIENTED_EDGE ( 'NONE', *, *, #3353, .F. ) ;
#3032 = EDGE_LOOP ( 'NONE', ( #3793, #2557, #1706, #1690 ) ) ;
#3033 = VECTOR ( 'NONE', #2967, 1000.000000000000000 ) ;
#3034 = ORIENTED_EDGE ( 'NONE', *, *, #3705, .F. ) ;
#3035 = AXIS2_PLACEMENT_3D ( 'NONE', #1386, #1641, #1356 ) ;
#3036 = VECTOR ( 'NONE', #2178, 1000.000000000000000 ) ;
#3037 = CARTESIAN_POINT ( 'NONE',  ( -0.1250000000000000000, 0.000000000000000000, -0.6249999999999965583 ) ) ;
#3038 = FACE_OUTER_BOUND ( 'NONE', #2981, .T. ) ;
#3039 = ORIENTED_EDGE ( 'NONE', *, *, #520, .F. ) ;
#3040 = DIRECTION ( 'NONE',  ( 1.000000000000000000, -0.000000000000000000, 0.000000000000000000 ) ) ;
#3041 = CARTESIAN_POINT ( 'NONE',  ( -0.7249999999999993117, 0.05000000000000000278, -0.3749999999999973910 ) ) ;
#3042 = AXIS2_PLACEMENT_3D ( 'NONE', #3171, #2873, #2587 ) ;
#3043 = FACE_OUTER_BOUND ( 'NONE', #3133, .T. ) ;
#3044 = CARTESIAN_POINT ( 'NONE',  ( 0.1250000000000000000, 0.000000000000000000, 0.6250000000000034417 ) ) ;
#3045 = DIRECTION ( 'NONE',  ( -1.000000000000000000, 0.000000000000000000, -0.000000000000000000 ) ) ;
#3046 = ADVANCED_FACE ( 'NONE', ( #2631 ), #2853, .F. ) ;
#3047 = CARTESIAN_POINT ( 'NONE',  ( -0.3750000000000000000, 0.000000000000000000, 0.6250000000000069944 ) ) ;
#3048 = ORIENTED_EDGE ( 'NONE', *, *, #1062, .T. ) ;
#3049 = VECTOR ( 'NONE', #3669, 1000.000000000000000 ) ;
#3050 = CARTESIAN_POINT ( 'NONE',  ( 0.000000000000000000, 0.05000000000000000278, 0.000000000000000000 ) ) ;
#3051 = CARTESIAN_POINT ( 'NONE',  ( -0.6250000000000000000, 0.05000000000000000278, -0.6249999999999931166 ) ) ;
#3052 = DIRECTION ( 'NONE',  ( 1.000000000000000000, 0.000000000000000000, 0.000000000000000000 ) ) ;
#3053 = PLANE ( 'NONE',  #244 ) ;
#3054 = ORIENTED_EDGE ( 'NONE', *, *, #3072, .T. ) ;
#3055 = FACE_OUTER_BOUND ( 'NONE', #2771, .T. ) ;
#3056 = ORIENTED_EDGE ( 'NONE', *, *, #2142, .T. ) ;
#3057 = EDGE_CURVE ( 'NONE', #3686, #2741, #2635, .T. ) ;
#3058 = ADVANCED_FACE ( 'NONE', ( #3914 ), #2736, .F. ) ;
#3059 = CARTESIAN_POINT ( 'NONE',  ( -0.8999999999999999112, 0.05000000000000002359, -0.1249999999999974049 ) ) ;
#3060 = LINE ( 'NONE', #1917, #333 ) ;
#3061 = MECHANICAL_DESIGN_GEOMETRIC_PRESENTATION_REPRESENTATION (  '', ( #2660 ), #3516 ) ;
#3062 = DIRECTION ( 'NONE',  ( 0.000000000000000000, 0.000000000000000000, -1.000000000000000000 ) ) ;
#3063 = EDGE_CURVE ( 'NONE', #1066, #549, #3852, .T. ) ;
#3064 = CARTESIAN_POINT ( 'NONE',  ( 0.000000000000000000, 0.000000000000000000, 0.000000000000000000 ) ) ;
#3065 = VERTEX_POINT ( 'NONE', #3685 ) ;
#3066 = ORIENTED_EDGE ( 'NONE', *, *, #724, .T. ) ;
#3067 = AXIS2_PLACEMENT_3D ( 'NONE', #1911, #414, #2189 ) ;
#3068 = PRODUCT_DEFINITION ( 'UNKNOWN', '', #533, #3121 ) ;
#3069 = EDGE_CURVE ( 'NONE', #95, #1190, #2570, .T. ) ;
#3070 = LINE ( 'NONE', #2012, #390 ) ;
#3071 = DIRECTION ( 'NONE',  ( -1.000000000000000000, 0.000000000000000000, 7.372574772901343377E-15 ) ) ;
#3072 = EDGE_CURVE ( 'NONE', #1207, #1265, #2510, .T. ) ;
#3073 = DIRECTION ( 'NONE',  ( 0.000000000000000000, 0.000000000000000000, -1.000000000000000000 ) ) ;
#3074 = CLOSED_SHELL ( 'NONE', ( #990, #3706, #3386, #1721, #3478, #2280 ) ) ;
#3075 = LINE ( 'NONE', #3127, #372 ) ;
#3076 = ORIENTED_EDGE ( 'NONE', *, *, #969, .F. ) ;
#3077 = PLANE ( 'NONE',  #2697 ) ;
#3078 = FACE_OUTER_BOUND ( 'NONE', #3840, .T. ) ;
#3079 = CARTESIAN_POINT ( 'NONE',  ( -0.7499999999999997780, 0.8000000000000000444, -0.7499999999999998890 ) ) ;
#3080 = ORIENTED_EDGE ( 'NONE', *, *, #2593, .T. ) ;
#3081 = FACE_OUTER_BOUND ( 'NONE', #2191, .T. ) ;
#3082 = CARTESIAN_POINT ( 'NONE',  ( -0.6249999999999998890, 0.05000000000000000278, -0.2749999999999966915 ) ) ;
#3083 = DIRECTION ( 'NONE',  ( 0.000000000000000000, -1.000000000000000000, 0.000000000000000000 ) ) ;
#3084 = PLANE ( 'NONE',  #1007 ) ;
#3085 = ORIENTED_EDGE ( 'NONE', *, *, #2701, .T. ) ;
#3086 = DIRECTION ( 'NONE',  ( -7.372574772901343377E-15, 0.000000000000000000, -1.000000000000000000 ) ) ;
#3087 = VECTOR ( 'NONE', #1930, 1000.000000000000000 ) ;
#3088 = AXIS2_PLACEMENT_3D ( 'NONE', #3255, #263, #2679 ) ;
#3089 = CARTESIAN_POINT ( 'NONE',  ( 0.6250000000000000000, 0.05000000000000000278, -0.6250000000000000000 ) ) ;
#3090 = EDGE_LOOP ( 'NONE', ( #770, #1480, #153, #1552 ) ) ;
#3091 = ADVANCED_FACE ( 'NONE', ( #3962 ), #1137, .T. ) ;
#3092 = VECTOR ( 'NONE', #3915, 1000.000000000000000 ) ;
#3093 = PLANE ( 'NONE',  #1077 ) ;
#3094 = DIRECTION ( 'NONE',  ( -1.000000000000000000, 0.000000000000000000, -0.000000000000000000 ) ) ;
#3095 =( GEOMETRIC_REPRESENTATION_CONTEXT ( 3 ) GLOBAL_UNCERTAINTY_ASSIGNED_CONTEXT ( ( #2530 ) ) GLOBAL_UNIT_ASSIGNED_CONTEXT ( ( #322, #2802, #1878 ) ) REPRESENTATION_CONTEXT ( 'NONE', 'WORKASPACE' ) );
#3096 = CARTESIAN_POINT ( 'NONE',  ( -0.6249999999999998890, 0.4216517186829673025, -0.1249999999999974049 ) ) ;
#3097 = VERTEX_POINT ( 'NONE', #635 ) ;
#3098 = EDGE_CURVE ( 'NONE', #304, #3542, #2493, .T. ) ;
#3099 = VECTOR ( 'NONE', #3541, 1000.000000000000000 ) ;
#3100 = DIRECTION ( 'NONE',  ( 0.000000000000000000, 1.000000000000000000, 0.000000000000000000 ) ) ;
#3101 = DIRECTION ( 'NONE',  ( 1.000000000000000000, 0.000000000000000000, 0.000000000000000000 ) ) ;
#3102 = ORIENTED_EDGE ( 'NONE', *, *, #3072, .F. ) ;
#3103 = CARTESIAN_POINT ( 'NONE',  ( 0.6249999999999958922, 0.4216517186829673025, -0.1250000000000090206 ) ) ;
#3104 = CARTESIAN_POINT ( 'NONE',  ( -0.1250000000000000000, 0.05000000000000000278, 0.9000000000000034639 ) ) ;
#3105 = VERTEX_POINT ( 'NONE', #1602 ) ;
#3106 = VECTOR ( 'NONE', #396, 1000.000000000000000 ) ;
#3107 = DIRECTION ( 'NONE',  ( 1.000000000000000000, -0.000000000000000000, -0.000000000000000000 ) ) ;
#3108 = CARTESIAN_POINT ( 'NONE',  ( -0.6250000000000000000, 0.4216517186829673025, 0.6250000000000069944 ) ) ;
#3109 = EDGE_CURVE ( 'NONE', #3872, #1739, #2474, .T. ) ;
#3110 = EDGE_LOOP ( 'NONE', ( #1428, #2789, #1305, #3906 ) ) ;
#3111 = VERTEX_POINT ( 'NONE', #3654 ) ;
#3112 = PRESENTATION_STYLE_ASSIGNMENT (( #780 ) ) ;
#3113 = AXIS2_PLACEMENT_3D ( 'NONE', #2328, #3062, #3030 ) ;
#3114 = EDGE_CURVE ( 'NONE', #2783, #3837, #2501, .T. ) ;
#3115 = DIRECTION ( 'NONE',  ( 0.000000000000000000, -1.000000000000000000, 0.000000000000000000 ) ) ;
#3116 = ADVANCED_FACE ( 'NONE', ( #2527 ), #339, .T. ) ;
#3117 = ORIENTED_EDGE ( 'NONE', *, *, #529, .T. ) ;
#3118 = EDGE_CURVE ( 'NONE', #1348, #2234, #3807, .T. ) ;
#3119 = FACE_OUTER_BOUND ( 'NONE', #332, .T. ) ;
#3120 = DIRECTION ( 'NONE',  ( -1.000000000000000000, 0.000000000000000000, 0.000000000000000000 ) ) ;
#3121 = PRODUCT_DEFINITION_CONTEXT ( 'detailed design', #3745, 'design' ) ;
#3122 = ORIENTED_EDGE ( 'NONE', *, *, #1471, .T. ) ;
#3123 = DIRECTION ( 'NONE',  ( 0.000000000000000000, -1.000000000000000000, 0.000000000000000000 ) ) ;
#3124 = VECTOR ( 'NONE', #1646, 1000.000000000000000 ) ;
#3125 = CARTESIAN_POINT ( 'NONE',  ( 0.6250000000000000000, 0.05000000000000002359, -0.6250000000000000000 ) ) ;
#3126 = ORIENTED_EDGE ( 'NONE', *, *, #3519, .F. ) ;
#3127 = CARTESIAN_POINT ( 'NONE',  ( -0.2200000000000001399, 0.8000000000000000444, -0.1500000000000001887 ) ) ;
#3128 = ORIENTED_EDGE ( 'NONE', *, *, #156, .F. ) ;
#3129 = VECTOR ( 'NONE', #3917, 1000.000000000000000 ) ;
#3130 = VECTOR ( 'NONE', #1262, 1000.000000000000000 ) ;
#3131 = CARTESIAN_POINT ( 'NONE',  ( 0.6249999999999940048, 0.4216517186829673025, -0.3750000000000089928 ) ) ;
#3132 = CARTESIAN_POINT ( 'NONE',  ( -0.6249999999999998890, 0.4216517186829673025, -0.2749999999999970246 ) ) ;
#3133 = EDGE_LOOP ( 'NONE', ( #3980, #2798, #3912, #2743 ) ) ;
#3134 = LINE ( 'NONE', #1440, #3033 ) ;
#3135 = AXIS2_PLACEMENT_3D ( 'NONE', #160, #457, #716 ) ;
#3136 = VECTOR ( 'NONE', #676, 1000.000000000000000 ) ;
#3137 = EDGE_CURVE ( 'NONE', #1096, #955, #3901, .T. ) ;
#3138 = PLANE ( 'NONE',  #1879 ) ;
#3139 = CARTESIAN_POINT ( 'NONE',  ( 0.1250000000000000000, 0.05000000000000000278, 0.6250000000000034417 ) ) ;
#3140 = DIRECTION ( 'NONE',  ( -1.000000000000000000, 0.000000000000000000, 7.096596038086939835E-15 ) ) ;
#3141 = VERTEX_POINT ( 'NONE', #1206 ) ;
#3142 = EDGE_CURVE ( 'NONE', #1372, #3423, #2546, .T. ) ;
#3143 = FACE_OUTER_BOUND ( 'NONE', #2413, .T. ) ;
#3144 = PLANE ( 'NONE',  #1841 ) ;
#3145 = CARTESIAN_POINT ( 'NONE',  ( -0.8999999999999999112, 0.000000000000000000, -0.3749999999999973910 ) ) ;
#3146 = EDGE_CURVE ( 'NONE', #1520, #602, #2537, .T. ) ;
#3147 = ADVANCED_FACE ( 'NONE', ( #1186 ), #1580, .T. ) ;
#3148 = EDGE_LOOP ( 'NONE', ( #624, #3797, #2746, #485 ) ) ;
#3149 = FILL_AREA_STYLE_COLOUR ( '', #44 ) ;
#3150 = PLANE ( 'NONE',  #1864 ) ;
#3151 = LINE ( 'NONE', #48, #1782 ) ;
#3152 = DIRECTION ( 'NONE',  ( 0.000000000000000000, 0.000000000000000000, 1.000000000000000000 ) ) ;
#3153 = ORIENTED_EDGE ( 'NONE', *, *, #2612, .T. ) ;
#3154 = DIRECTION ( 'NONE',  ( 0.000000000000000000, -1.000000000000000000, 0.000000000000000000 ) ) ;
#3155 = DIRECTION ( 'NONE',  ( 0.000000000000000000, 0.000000000000000000, 1.000000000000000000 ) ) ;
#3156 = ORIENTED_EDGE ( 'NONE', *, *, #1966, .T. ) ;
#3157 = AXIS2_PLACEMENT_3D ( 'NONE', #2087, #2116, #2764 ) ;
#3158 = ADVANCED_FACE ( 'NONE', ( #1268 ), #424, .T. ) ;
#3159 = EDGE_CURVE ( 'NONE', #844, #1866, #3823, .T. ) ;
#3160 = FACE_OUTER_BOUND ( 'NONE', #225, .T. ) ;
#3161 = STYLED_ITEM ( 'NONE', ( #266 ), #370 ) ;
#3162 = PLANE ( 'NONE',  #2965 ) ;
#3164 = ORIENTED_EDGE ( 'NONE', *, *, #1551, .T. ) ;
#3163 =( NAMED_UNIT ( * ) SI_UNIT ( $, .STERADIAN. ) SOLID_ANGLE_UNIT ( ) );
#3165 = PRESENTATION_STYLE_ASSIGNMENT (( #460 ) ) ;
#3166 = EDGE_LOOP ( 'NONE', ( #1824, #1006, #185, #1872 ) ) ;
#3167 = CARTESIAN_POINT ( 'NONE',  ( -0.8999999999999999112, 0.05000000000000002359, 0.1249999999999974049 ) ) ;
#3168 = CARTESIAN_POINT ( 'NONE',  ( 0.6250000000000000000, 0.000000000000000000, -0.6250000000000000000 ) ) ;
#3169 = FILL_AREA_STYLE ('',( #3149 ) ) ;
#3170 = EDGE_LOOP ( 'NONE', ( #1962, #1355, #1147, #2013 ) ) ;
#3171 = CARTESIAN_POINT ( 'NONE',  ( -0.7499999999999997780, 0.6999999999999999556, -0.7499999999999998890 ) ) ;
#3172 = SHAPE_DEFINITION_REPRESENTATION ( #2398, #1804 ) ;
#3173 = DIRECTION ( 'NONE',  ( 0.000000000000000000, 0.000000000000000000, -1.000000000000000000 ) ) ;
#3174 = PLANE ( 'NONE',  #309 ) ;
#3175 = PLANE ( 'NONE',  #773 ) ;
#3176 = ADVANCED_FACE ( 'NONE', ( #1141 ), #1290, .T. ) ;
#3177 = PLANE ( 'NONE',  #2407 ) ;
#3178 = ORIENTED_EDGE ( 'NONE', *, *, #3470, .F. ) ;
#3179 = VECTOR ( 'NONE', #387, 1000.000000000000000 ) ;
#3180 = CARTESIAN_POINT ( 'NONE',  ( -0.1250000000000000000, 0.000000000000000000, 0.6250000000000034417 ) ) ;
#3181 = MECHANICAL_DESIGN_GEOMETRIC_PRESENTATION_REPRESENTATION (  '', ( #1640 ), #3095 ) ;
#3182 = VERTEX_POINT ( 'NONE', #2469 ) ;
#3183 = ORIENTED_EDGE ( 'NONE', *, *, #255, .T. ) ;
#3184 = LINE ( 'NONE', #2558, #3124 ) ;
#3185 = CARTESIAN_POINT ( 'NONE',  ( -0.7249999999999993117, 0.05000000000000000278, -0.3749999999999973910 ) ) ;
#3186 = CARTESIAN_POINT ( 'NONE',  ( 0.9999999999999997780, 0.1400000000000000411, 0.9999999999999997780 ) ) ;
#3187 = VERTEX_POINT ( 'NONE', #3185 ) ;
#3188 = VECTOR ( 'NONE', #2319, 1000.000000000000000 ) ;
#3189 = DIRECTION ( 'NONE',  ( 0.000000000000000000, 0.000000000000000000, 1.000000000000000000 ) ) ;
#3190 = DIRECTION ( 'NONE',  ( -1.000000000000000000, 0.000000000000000000, 0.000000000000000000 ) ) ;
#3191 = ORIENTED_EDGE ( 'NONE', *, *, #481, .F. ) ;
#3192 = FACE_OUTER_BOUND ( 'NONE', #321, .T. ) ;
#3193 = CARTESIAN_POINT ( 'NONE',  ( -0.6249999999999998890, 0.000000000000000000, -0.1249999999999974049 ) ) ;
#3194 =( GEOMETRIC_REPRESENTATION_CONTEXT ( 3 ) GLOBAL_UNCERTAINTY_ASSIGNED_CONTEXT ( ( #964 ) ) GLOBAL_UNIT_ASSIGNED_CONTEXT ( ( #693, #1977, #1937 ) ) REPRESENTATION_CONTEXT ( 'NONE', 'WORKASPACE' ) );
#3195 = EDGE_CURVE ( 'NONE', #1144, #597, #2482, .T. ) ;
#3196 = CARTESIAN_POINT ( 'NONE',  ( -0.6249999999999998890, 0.000000000000000000, 0.3749999999999973910 ) ) ;
#3197 = ORIENTED_EDGE ( 'NONE', *, *, #759, .F. ) ;
#3198 = EDGE_CURVE ( 'NONE', #1155, #42, #2624, .T. ) ;
#3199 = VECTOR ( 'NONE', #2455, 1000.000000000000000 ) ;
#3200 = CARTESIAN_POINT ( 'NONE',  ( 0.1250000000000000000, 0.05000000000000000278, 0.9000000000000034639 ) ) ;
#3202 = EDGE_LOOP ( 'NONE', ( #3486, #3497, #1495, #242 ) ) ;
#3201 = CARTESIAN_POINT ( 'NONE',  ( -0.6250000000000000000, 0.000000000000000000, 0.9000000000000069056 ) ) ;
#3203 = LINE ( 'NONE', #667, #1877 ) ;
#3204 = ORIENTED_EDGE ( 'NONE', *, *, #1612, .T. ) ;
#3205 = SURFACE_SIDE_STYLE ('',( #3543 ) ) ;
#3206 = DIRECTION ( 'NONE',  ( -0.000000000000000000, 0.000000000000000000, -1.000000000000000000 ) ) ;
#3207 = ORIENTED_EDGE ( 'NONE', *, *, #8, .F. ) ;
#3208 = VECTOR ( 'NONE', #2815, 1000.000000000000000 ) ;
#3209 = PLANE ( 'NONE',  #3330 ) ;
#3210 = DIRECTION ( 'NONE',  ( 0.000000000000000000, 0.000000000000000000, 1.000000000000000000 ) ) ;
#3211 = ORIENTED_EDGE ( 'NONE', *, *, #1035, .F. ) ;
#3212 = VECTOR ( 'NONE', #1638, 1000.000000000000000 ) ;
#3213 = CARTESIAN_POINT ( 'NONE',  ( 0.6249999999999998890, 0.4216517186829673025, 0.1249999999999974049 ) ) ;
#3214 = CARTESIAN_POINT ( 'NONE',  ( 0.1250000000000000000, 0.000000000000000000, -0.8999999999999964695 ) ) ;
#3215 = DIRECTION ( 'NONE',  ( -0.000000000000000000, -0.000000000000000000, -1.000000000000000000 ) ) ;
#3216 = EDGE_LOOP ( 'NONE', ( #1882, #3781, #555, #3616 ) ) ;
#3217 = VECTOR ( 'NONE', #934, 1000.000000000000000 ) ;
#3218 = AXIS2_PLACEMENT_3D ( 'NONE', #800, #3015, #3883 ) ;
#3219 = PLANE ( 'NONE',  #2134 ) ;
#3220 = ORIENTED_EDGE ( 'NONE', *, *, #3238, .T. ) ;
#3222 = ORIENTED_EDGE ( 'NONE', *, *, #3485, .T. ) ;
#3221 = DIRECTION ( 'NONE',  ( -7.372574772901430151E-15, 0.000000000000000000, -1.000000000000000000 ) ) ;
#3223 = LINE ( 'NONE', #506, #3188 ) ;
#3224 = ADVANCED_FACE ( 'NONE', ( #2609 ), #2555, .T. ) ;
#3225 = EDGE_LOOP ( 'NONE', ( #3417, #1365, #2073, #2042 ) ) ;
#3226 = EDGE_CURVE ( 'NONE', #2384, #1328, #2601, .T. ) ;
#3227 = LINE ( 'NONE', #1222, #532 ) ;
#3228 = MANIFOLD_SOLID_BREP ( 'Boss-Extrude2', #3418 ) ;
#3229 = DIRECTION ( 'NONE',  ( 1.000000000000000000, -0.000000000000000000, -0.000000000000000000 ) ) ;
#3230 = EDGE_LOOP ( 'NONE', ( #3492, #755, #1475, #2201 ) ) ;
#3231 = EDGE_CURVE ( 'NONE', #991, #1484, #2672, .T. ) ;
#3232 = ORIENTED_EDGE ( 'NONE', *, *, #2750, .F. ) ;
#3233 = CARTESIAN_POINT ( 'NONE',  ( 0.6250000000000000000, 0.4216517186829673025, -0.9000000000000000222 ) ) ;
#3234 = LINE ( 'NONE', #1859, #1858 ) ;
#3235 = AXIS2_PLACEMENT_3D ( 'NONE', #3739, #191, #3525 ) ;
#3236 = PRESENTATION_LAYER_ASSIGNMENT (  '', '', ( #2486 ) ) ;
#3237 = CARTESIAN_POINT ( 'NONE',  ( 0.6249999999999998890, 0.000000000000000000, 0.1249999999999974049 ) ) ;
#3238 = EDGE_CURVE ( 'NONE', #977, #2671, #2708, .T. ) ;
#3239 = FILL_AREA_STYLE_COLOUR ( '', #482 ) ;
#3240 = CARTESIAN_POINT ( 'NONE',  ( -0.1250000000000000000, 0.000000000000000000, -0.6249999999999965583 ) ) ;
#3241 = VERTEX_POINT ( 'NONE', #776 ) ;
#3242 = VECTOR ( 'NONE', #842, 1000.000000000000000 ) ;
#3243 = CARTESIAN_POINT ( 'NONE',  ( -0.3750000000000000000, 0.4216517186829673025, -0.8999999999999930278 ) ) ;
#3245 = ORIENTED_EDGE ( 'NONE', *, *, #1164, .F. ) ;
#3244 = DIRECTION ( 'NONE',  ( -7.096596038086939046E-15, 0.000000000000000000, -1.000000000000000000 ) ) ;
#3246 = VECTOR ( 'NONE', #2300, 1000.000000000000000 ) ;
#3247 = DIRECTION ( 'NONE',  ( 0.000000000000000000, 0.000000000000000000, 1.000000000000000000 ) ) ;
#3248 = ORIENTED_EDGE ( 'NONE', *, *, #54, .F. ) ;
#3249 = COLOUR_RGB ( '',1.000000000000000000, 0.8117647058823529438, 0.5019607843137254832 ) ;
#3250 = STYLED_ITEM ( 'NONE', ( #1099 ), #2940 ) ;
#3251 = ADVANCED_FACE ( 'NONE', ( #1357 ), #1100, .T. ) ;
#3252 = ORIENTED_EDGE ( 'NONE', *, *, #1611, .T. ) ;
#3253 = DIRECTION ( 'NONE',  ( -0.000000000000000000, -0.000000000000000000, 1.000000000000000000 ) ) ;
#3254 = LINE ( 'NONE', #1963, #1970 ) ;
#3255 = CARTESIAN_POINT ( 'NONE',  ( 0.000000000000000000, 0.000000000000000000, 0.000000000000000000 ) ) ;
#3256 = DIRECTION ( 'NONE',  ( 0.000000000000000000, 1.000000000000000000, 0.000000000000000000 ) ) ;
#3257 = CARTESIAN_POINT ( 'NONE',  ( 0.6249999999999940048, 0.05000000000000002359, -0.3750000000000089928 ) ) ;
#3258 = EDGE_CURVE ( 'NONE', #805, #95, #1431, .T. ) ;
#3260 =( GEOMETRIC_REPRESENTATION_CONTEXT ( 3 ) GLOBAL_UNCERTAINTY_ASSIGNED_CONTEXT ( ( #685 ) ) GLOBAL_UNIT_ASSIGNED_CONTEXT ( ( #3626, #1920, #3163 ) ) REPRESENTATION_CONTEXT ( 'NONE', 'WORKASPACE' ) );
#3259 = CARTESIAN_POINT ( 'NONE',  ( -0.3750000000000000000, 0.4216517186829673025, 0.9000000000000069056 ) ) ;
#3261 = EDGE_LOOP ( 'NONE', ( #29, #2986, #1152, #418 ) ) ;
#3262 = FACE_OUTER_BOUND ( 'NONE', #3694, .T. ) ;
#3263 = CARTESIAN_POINT ( 'NONE',  ( -0.7499999999999997780, 0.8000000000000000444, -0.8500000000000000888 ) ) ;
#3265 = ORIENTED_EDGE ( 'NONE', *, *, #3815, .T. ) ;
#3264 = CARTESIAN_POINT ( 'NONE',  ( 0.6249999999999958922, 0.4216517186829673025, -0.1250000000000090206 ) ) ;
#3266 = LINE ( 'NONE', #3719, #3242 ) ;
#3267 = EDGE_CURVE ( 'NONE', #3583, #816, #3991, .T. ) ;
#3268 = CARTESIAN_POINT ( 'NONE',  ( -0.7499999999999997780, 0.6999999999999999556, -0.7499999999999998890 ) ) ;
#3269 = ORIENTED_EDGE ( 'NONE', *, *, #3943, .T. ) ;
#3270 = ORIENTED_EDGE ( 'NONE', *, *, #2826, .T. ) ;
#3271 = CARTESIAN_POINT ( 'NONE',  ( 0.9999999999999997780, 0.8000000000000000444, -0.9999999999999997780 ) ) ;
#3272 = FACE_OUTER_BOUND ( 'NONE', #429, .T. ) ;
#3273 = DIRECTION ( 'NONE',  ( 1.000000000000000000, -0.000000000000000000, -0.000000000000000000 ) ) ;
#3274 = ADVANCED_FACE ( 'NONE', ( #2765 ), #3560, .T. ) ;
#3275 =( GEOMETRIC_REPRESENTATION_CONTEXT ( 3 ) GLOBAL_UNCERTAINTY_ASSIGNED_CONTEXT ( ( #561 ) ) GLOBAL_UNIT_ASSIGNED_CONTEXT ( ( #609, #566, #2192 ) ) REPRESENTATION_CONTEXT ( 'NONE', 'WORKASPACE' ) );
#3276 = EDGE_CURVE ( 'NONE', #2645, #3363, #1366, .T. ) ;
#3277 = ORIENTED_EDGE ( 'NONE', *, *, #900, .T. ) ;
#3278 = DIRECTION ( 'NONE',  ( -1.000000000000000000, 0.000000000000000000, 7.372574772901343377E-15 ) ) ;
#3279 = LINE ( 'NONE', #2019, #3344 ) ;
#3280 = DIRECTION ( 'NONE',  ( 0.000000000000000000, 0.000000000000000000, -1.000000000000000000 ) ) ;
#3281 = CARTESIAN_POINT ( 'NONE',  ( -0.3750000000000000000, 0.05000000000000000278, 0.6250000000000069944 ) ) ;
#3282 = ADVANCED_FACE ( 'NONE', ( #2737 ), #2337, .T. ) ;
#3283 = CARTESIAN_POINT ( 'NONE',  ( 0.3750000000000000000, 0.000000000000000000, 0.6250000000000000000 ) ) ;
#3284 = CLOSED_SHELL ( 'NONE', ( #945, #2725, #491, #1982, #1259, #1063 ) ) ;
#3285 = DIRECTION ( 'NONE',  ( 7.372574772901430151E-15, -0.000000000000000000, 1.000000000000000000 ) ) ;
#3287 = VERTEX_POINT ( 'NONE', #1159 ) ;
#3286 = DIRECTION ( 'NONE',  ( -0.000000000000000000, -0.000000000000000000, 1.000000000000000000 ) ) ;
#3288 = CARTESIAN_POINT ( 'NONE',  ( 0.1250000000000000000, 0.05000000000000000278, -0.6249999999999965583 ) ) ;
#3289 = CARTESIAN_POINT ( 'NONE',  ( 0.6250000000000000000, 0.05000000000000000278, 0.6250000000000000000 ) ) ;
#3290 = VERTEX_POINT ( 'NONE', #730 ) ;
#3291 = DIRECTION ( 'NONE',  ( -0.000000000000000000, -0.000000000000000000, 1.000000000000000000 ) ) ;
#3292 = EDGE_CURVE ( 'NONE', #1014, #1155, #1449, .T. ) ;
#3293 = EDGE_LOOP ( 'NONE', ( #3631, #2547, #3903, #381 ) ) ;
#3294 = PLANE ( 'NONE',  #1227 ) ;
#3295 = LINE ( 'NONE', #3439, #593 ) ;
#3296 = PLANE ( 'NONE',  #3088 ) ;
#3297 = DIRECTION ( 'NONE',  ( 0.000000000000000000, 0.000000000000000000, -1.000000000000000000 ) ) ;
#3298 = EDGE_CURVE ( 'NONE', #121, #3502, #93, .T. ) ;
#3299 =( NAMED_UNIT ( * ) SI_UNIT ( $, .STERADIAN. ) SOLID_ANGLE_UNIT ( ) );
#3300 = ADVANCED_FACE ( 'NONE', ( #2722 ), #1992, .F. ) ;
#3301 = EDGE_CURVE ( 'NONE', #979, #1372, #1454, .T. ) ;
#3302 = DIRECTION ( 'NONE',  ( 0.000000000000000000, 0.000000000000000000, 1.000000000000000000 ) ) ;
#3303 = ORIENTED_EDGE ( 'NONE', *, *, #3526, .T. ) ;
#3304 = LINE ( 'NONE', #1422, #1964 ) ;
#3305 = CARTESIAN_POINT ( 'NONE',  ( -0.1250000000000000000, 0.05000000000000002359, 0.9000000000000034639 ) ) ;
#3306 = FILL_AREA_STYLE ('',( #1833 ) ) ;
#3307 = ADVANCED_FACE ( 'NONE', ( #119 ), #1840, .T. ) ;
#3309 = EDGE_LOOP ( 'NONE', ( #1891, #3270, #1453, #801 ) ) ;
#3308 = CARTESIAN_POINT ( 'NONE',  ( 0.9999999999999997780, 0.1400000000000000411, 0.9999999999999997780 ) ) ;
#3310 = LINE ( 'NONE', #2091, #1912 ) ;
#3311 = AXIS2_PLACEMENT_3D ( 'NONE', #1452, #1832, #1214 ) ;
#3312 = EDGE_CURVE ( 'NONE', #2804, #95, #5, .T. ) ;
#3313 = DIRECTION ( 'NONE',  ( -0.000000000000000000, -0.000000000000000000, -1.000000000000000000 ) ) ;
#3314 = CARTESIAN_POINT ( 'NONE',  ( 0.6250000000000000000, 0.4216517186829673025, -0.9000000000000000222 ) ) ;
#3315 =( GEOMETRIC_REPRESENTATION_CONTEXT ( 3 ) GLOBAL_UNCERTAINTY_ASSIGNED_CONTEXT ( ( #1717 ) ) GLOBAL_UNIT_ASSIGNED_CONTEXT ( ( #2554, #1273, #2157 ) ) REPRESENTATION_CONTEXT ( 'NONE', 'WORKASPACE' ) );
#3316 = CARTESIAN_POINT ( 'NONE',  ( -0.3750000000000000000, 0.000000000000000000, -0.8999999999999930278 ) ) ;
#3317 = ORIENTED_EDGE ( 'NONE', *, *, #1932, .F. ) ;
#3318 = CARTESIAN_POINT ( 'NONE',  ( -0.9999999999999997780, 0.1400000000000000411, 0.9999999999999997780 ) ) ;
#3319 = UNCERTAINTY_MEASURE_WITH_UNIT (LENGTH_MEASURE( 1.000000000000000082E-05 ), #2449, 'distance_accuracy_value', 'NONE');
#3320 = CARTESIAN_POINT ( 'NONE',  ( 0.8999999999999999112, 0.000000000000000000, 0.1249999999999974049 ) ) ;
#3321 = ORIENTED_EDGE ( 'NONE', *, *, #2487, .F. ) ;
#3322 = CARTESIAN_POINT ( 'NONE',  ( 0.6249999999999958922, 0.05000000000000000278, -0.1250000000000090206 ) ) ;
#3323 = LINE ( 'NONE', #1408, #1991 ) ;
#3324 = DIRECTION ( 'NONE',  ( -1.000000000000000000, 0.000000000000000000, -0.000000000000000000 ) ) ;
#3325 = DIRECTION ( 'NONE',  ( -0.000000000000000000, -1.000000000000000000, -0.000000000000000000 ) ) ;
#3326 = CARTESIAN_POINT ( 'NONE',  ( -0.8999999999999999112, 0.000000000000000000, 0.1249999999999974049 ) ) ;
#3327 = ORIENTED_EDGE ( 'NONE', *, *, #3815, .F. ) ;
#3328 = LINE ( 'NONE', #1455, #3246 ) ;
#3329 = DIRECTION ( 'NONE',  ( 0.000000000000000000, -0.000000000000000000, 1.000000000000000000 ) ) ;
#3330 = AXIS2_PLACEMENT_3D ( 'NONE', #3473, #3495, #155 ) ;
#3332 = ORIENTED_EDGE ( 'NONE', *, *, #948, .T. ) ;
#3331 = CARTESIAN_POINT ( 'NONE',  ( -0.8999999999999999112, 0.05000000000000000278, -0.1249999999999974049 ) ) ;
#3333 = LINE ( 'NONE', #771, #3376 ) ;
#3334 = DIRECTION ( 'NONE',  ( 0.000000000000000000, 0.000000000000000000, 1.000000000000000000 ) ) ;
#3335 = ADVANCED_FACE ( 'NONE', ( #1425 ), #3703, .F. ) ;
#3336 = EDGE_LOOP ( 'NONE', ( #3897, #2836, #3122, #2306 ) ) ;
#3337 = CARTESIAN_POINT ( 'NONE',  ( -0.9999999999999997780, 0.8000000000000000444, 0.9999999999999997780 ) ) ;
#3338 = VECTOR ( 'NONE', #3415, 1000.000000000000000 ) ;
#3339 = EDGE_CURVE ( 'NONE', #1066, #2984, #1461, .T. ) ;
#3340 = DIRECTION ( 'NONE',  ( 1.191430958775279679E-16, 0.000000000000000000, 1.000000000000000000 ) ) ;
#3341 = PLANE ( 'NONE',  #1586 ) ;
#3342 = ORIENTED_EDGE ( 'NONE', *, *, #1474, .F. ) ;
#3343 = CARTESIAN_POINT ( 'NONE',  ( -0.7499999999999997780, 0.8000000000000000444, -0.8500000000000000888 ) ) ;
#3344 = VECTOR ( 'NONE', #2223, 1000.000000000000000 ) ;
#3345 = CARTESIAN_POINT ( 'NONE',  ( 0.9999999999999997780, 0.8000000000000000444, 0.9999999999999997780 ) ) ;
#3346 = SURFACE_SIDE_STYLE ('',( #1957 ) ) ;
#3347 = EDGE_CURVE ( 'NONE', #2715, #2465, #1317, .T. ) ;
#3348 = CARTESIAN_POINT ( 'NONE',  ( 0.8999999999999958034, 0.000000000000000000, -0.1250000000000109912 ) ) ;
#3349 = ORIENTED_EDGE ( 'NONE', *, *, #3063, .F. ) ;
#3350 = EDGE_CURVE ( 'NONE', #2146, #1064, #3974, .T. ) ;
#3351 = STYLED_ITEM ( 'NONE', ( #3165 ), #1098 ) ;
#3352 = AXIS2_PLACEMENT_3D ( 'NONE', #2225, #1347, #687 ) ;
#3353 = EDGE_CURVE ( 'NONE', #2368, #338, #36, .T. ) ;
#3355 = EDGE_LOOP ( 'NONE', ( #2406, #3864, #2576, #423 ) ) ;
#3354 = CARTESIAN_POINT ( 'NONE',  ( 0.6250000000000000000, 0.05000000000000002359, -0.9000000000000000222 ) ) ;
#3356 = MANIFOLD_SOLID_BREP ( 'Boss-Extrude4[6]', #3284 ) ;
#3357 = VECTOR ( 'NONE', #1043, 1000.000000000000000 ) ;
#3358 = EDGE_CURVE ( 'NONE', #3502, #444, #99, .T. ) ;
#3359 = CARTESIAN_POINT ( 'NONE',  ( 0.8999999999999958034, 0.05000000000000002359, -0.1250000000000109912 ) ) ;
#3360 = UNCERTAINTY_MEASURE_WITH_UNIT (LENGTH_MEASURE( 1.000000000000000082E-05 ), #2366, 'distance_accuracy_value', 'NONE');
#3361 = CARTESIAN_POINT ( 'NONE',  ( -0.3750000000000000000, 0.000000000000000000, 0.6250000000000069944 ) ) ;
#3362 = CARTESIAN_POINT ( 'NONE',  ( -0.2200000000000000289, 0.8000000000000000444, 0.7599999999999997868 ) ) ;
#3363 = VERTEX_POINT ( 'NONE', #1388 ) ;
#3364 = CARTESIAN_POINT ( 'NONE',  ( 0.3750000000000000000, 0.4216517186829673025, 0.6250000000000000000 ) ) ;
#3365 = FACE_OUTER_BOUND ( 'NONE', #3487, .T. ) ;
#3366 = VERTEX_POINT ( 'NONE', #3426 ) ;
#3367 = DIRECTION ( 'NONE',  ( 0.000000000000000000, 1.000000000000000000, 0.000000000000000000 ) ) ;
#3368 = LINE ( 'NONE', #199, #3436 ) ;
#3369 = CARTESIAN_POINT ( 'NONE',  ( 0.1250000000000000000, 0.000000000000000000, 0.6250000000000034417 ) ) ;
#3370 = DIRECTION ( 'NONE',  ( -1.000000000000000000, 0.000000000000000000, 0.000000000000000000 ) ) ;
#3371 = ORIENTED_EDGE ( 'NONE', *, *, #1260, .T. ) ;
#3372 = LINE ( 'NONE', #3594, #2113 ) ;
#3373 = PLANE ( 'NONE',  #3311 ) ;
#3375 = ORIENTED_EDGE ( 'NONE', *, *, #820, .T. ) ;
#3374 = CARTESIAN_POINT ( 'NONE',  ( 0.1250000000000000000, 0.000000000000000000, -0.6249999999999965583 ) ) ;
#3376 = VECTOR ( 'NONE', #3937, 1000.000000000000000 ) ;
#3377 = SURFACE_STYLE_USAGE ( .BOTH. , #3636 ) ;
#3378 = PRESENTATION_LAYER_ASSIGNMENT (  '', '', ( #2255 ) ) ;
#3379 = DIRECTION ( 'NONE',  ( 0.000000000000000000, 0.000000000000000000, -1.000000000000000000 ) ) ;
#3380 = DIRECTION ( 'NONE',  ( 0.000000000000000000, -1.000000000000000000, 0.000000000000000000 ) ) ;
#3381 = EDGE_CURVE ( 'NONE', #638, #2376, #2773, .T. ) ;
#3382 = VERTEX_POINT ( 'NONE', #1959 ) ;
#3383 = CARTESIAN_POINT ( 'NONE',  ( 0.6249999999999998890, 0.4216517186829673025, 0.1249999999999974049 ) ) ;
#3384 = CARTESIAN_POINT ( 'NONE',  ( 0.3750000000000000000, 0.05000000000000000278, -0.6250000000000000000 ) ) ;
#3385 = VECTOR ( 'NONE', #483, 1000.000000000000000 ) ;
#3386 = ADVANCED_FACE ( 'NONE', ( #2688 ), #3736, .F. ) ;
#3387 = CARTESIAN_POINT ( 'NONE',  ( -0.3750000000000000000, 0.000000000000000000, -0.6249999999999931166 ) ) ;
#3388 = ORIENTED_EDGE ( 'NONE', *, *, #2028, .F. ) ;
#3389 = VECTOR ( 'NONE', #3253, 1000.000000000000000 ) ;
#3390 = DIRECTION ( 'NONE',  ( 1.000000000000000000, -0.000000000000000000, 0.000000000000000000 ) ) ;
#3391 = EDGE_CURVE ( 'NONE', #1724, #1192, #62, .T. ) ;
#3392 = AXIS2_PLACEMENT_3D ( 'NONE', #2738, #2794, #3052 ) ;
#3393 = ADVANCED_FACE ( 'NONE', ( #23 ), #1397, .F. ) ;
#3394 = ORIENTED_EDGE ( 'NONE', *, *, #3597, .T. ) ;
#3395 = LINE ( 'NONE', #3233, #794 ) ;
#3396 = CARTESIAN_POINT ( 'NONE',  ( 0.8999999999999940270, 0.4216517186829673025, -0.3750000000000138778 ) ) ;
#3397 = DIRECTION ( 'NONE',  ( 0.000000000000000000, 1.000000000000000000, 0.000000000000000000 ) ) ;
#3398 = AXIS2_PLACEMENT_3D ( 'NONE', #2104, #2781, #3640 ) ;
#3399 = EDGE_CURVE ( 'NONE', #2645, #3741, #31, .T. ) ;
#3400 = CARTESIAN_POINT ( 'NONE',  ( -0.6249999999999998890, 0.4216517186829673025, -0.1249999999999974049 ) ) ;
#3401 = EDGE_CURVE ( 'NONE', #3065, #597, #2749, .T. ) ;
#3403 = EDGE_LOOP ( 'NONE', ( #1528, #3429, #765, #2816 ) ) ;
#3402 = CARTESIAN_POINT ( 'NONE',  ( 0.9000000000000047962, 0.05000000000000002359, 0.3749999999999885092 ) ) ;
#3404 = VECTOR ( 'NONE', #2470, 1000.000000000000000 ) ;
#3405 = FILL_AREA_STYLE_COLOUR ( '', #3841 ) ;
#3406 = CARTESIAN_POINT ( 'NONE',  ( -0.2200000000000001399, 0.8000000000000000444, -0.1500000000000001887 ) ) ;
#3407 = VERTEX_POINT ( 'NONE', #3766 ) ;
#3408 = CARTESIAN_POINT ( 'NONE',  ( 0.8999999999999999112, -0.000000000000000000, 0.1249999999999974049 ) ) ;
#3409 = VECTOR ( 'NONE', #348, 1000.000000000000000 ) ;
#3410 = ORIENTED_EDGE ( 'NONE', *, *, #3561, .T. ) ;
#3411 = LINE ( 'NONE', #2646, #729 ) ;
#3412 = CARTESIAN_POINT ( 'NONE',  ( 0.8999999999999999112, 0.4216517186829673025, 0.1249999999999974049 ) ) ;
#3413 = CARTESIAN_POINT ( 'NONE',  ( 0.1250000000000000000, 0.05000000000000000278, 0.6250000000000034417 ) ) ;
#3414 = ADVANCED_FACE ( 'NONE', ( #1468 ), #671, .F. ) ;
#3415 = DIRECTION ( 'NONE',  ( 0.000000000000000000, -0.000000000000000000, 1.000000000000000000 ) ) ;
#3416 = AXIS2_PLACEMENT_3D ( 'NONE', #2849, #3800, #3155 ) ;
#3417 = ORIENTED_EDGE ( 'NONE', *, *, #3573, .F. ) ;
#3418 = CLOSED_SHELL ( 'NONE', ( #3500, #3224, #3585, #1331 ) ) ;
#3419 = VECTOR ( 'NONE', #1498, 1000.000000000000000 ) ;
#3420 = DIRECTION ( 'NONE',  ( 0.000000000000000000, 0.000000000000000000, 1.000000000000000000 ) ) ;
#3421 = CARTESIAN_POINT ( 'NONE',  ( -0.1250000000000000000, 0.05000000000000002359, -0.8999999999999964695 ) ) ;
#3422 = EDGE_CURVE ( 'NONE', #467, #1520, #270, .T. ) ;
#3423 = VERTEX_POINT ( 'NONE', #3464 ) ;
#3424 = ORIENTED_EDGE ( 'NONE', *, *, #3831, .F. ) ;
#3425 = FACE_OUTER_BOUND ( 'NONE', #3948, .T. ) ;
#3426 = CARTESIAN_POINT ( 'NONE',  ( -0.6250000000000000000, 0.000000000000000000, 0.9000000000000069056 ) ) ;
#3427 = CARTESIAN_POINT ( 'NONE',  ( 0.6899999999999999467, -0.5869343417595165313, -0.1500000000000001887 ) ) ;
#3428 = ORIENTED_EDGE ( 'NONE', *, *, #1243, .T. ) ;
#3429 = ORIENTED_EDGE ( 'NONE', *, *, #2029, .F. ) ;
#3430 = CARTESIAN_POINT ( 'NONE',  ( 0.9000000000000047962, 0.4216517186829673025, 0.3749999999999885092 ) ) ;
#3431 = CARTESIAN_POINT ( 'NONE',  ( 0.6249999999999998890, 0.000000000000000000, 0.3749999999999973910 ) ) ;
#3432 = VECTOR ( 'NONE', #2015, 1000.000000000000000 ) ;
#3433 = DIRECTION ( 'NONE',  ( 1.000000000000000000, -0.000000000000000000, -0.000000000000000000 ) ) ;
#3434 = EDGE_CURVE ( 'NONE', #3828, #2331, #232, .T. ) ;
#3435 = ORIENTED_EDGE ( 'NONE', *, *, #534, .T. ) ;
#3436 = VECTOR ( 'NONE', #248, 1000.000000000000000 ) ;
#3437 = AXIS2_PLACEMENT_3D ( 'NONE', #3770, #2318, #1671 ) ;
#3438 = DIRECTION ( 'NONE',  ( -1.000000000000000000, 0.000000000000000000, 0.000000000000000000 ) ) ;
#3439 = CARTESIAN_POINT ( 'NONE',  ( -0.6249999999999998890, 0.05000000000000000278, -0.2749999999999966915 ) ) ;
#3440 = ORIENTED_EDGE ( 'NONE', *, *, #1637, .T. ) ;
#3441 = ORIENTED_EDGE ( 'NONE', *, *, #168, .T. ) ;
#3442 = VECTOR ( 'NONE', #1054, 1000.000000000000000 ) ;
#3443 = CARTESIAN_POINT ( 'NONE',  ( 0.6249999999999998890, 0.05000000000000000278, 0.1249999999999974049 ) ) ;
#3444 = PLANE ( 'NONE',  #3762 ) ;
#3445 = CARTESIAN_POINT ( 'NONE',  ( -0.8999999999999999112, 0.05000000000000000278, -0.1249999999999974049 ) ) ;
#3446 = ADVANCED_FACE ( 'NONE', ( #167 ), #2610, .T. ) ;
#3447 = ORIENTED_EDGE ( 'NONE', *, *, #2385, .F. ) ;
#3448 = DIRECTION ( 'NONE',  ( -0.000000000000000000, 0.000000000000000000, -1.000000000000000000 ) ) ;
#3449 = LINE ( 'NONE', #1756, #3357 ) ;
#3450 = DIRECTION ( 'NONE',  ( -1.000000000000000000, 0.000000000000000000, 1.774149009521734959E-14 ) ) ;
#3451 = CARTESIAN_POINT ( 'NONE',  ( 0.6249999999999998890, 0.05000000000000000278, 0.1249999999999974049 ) ) ;
#3452 = ORIENTED_EDGE ( 'NONE', *, *, #2962, .T. ) ;
#3453 = CARTESIAN_POINT ( 'NONE',  ( -0.7499999999999997780, 0.4171572875253805601, -0.8500000000000000888 ) ) ;
#3454 = LINE ( 'NONE', #728, #741 ) ;
#3455 = DIRECTION ( 'NONE',  ( 1.191430958775279679E-16, 0.000000000000000000, 1.000000000000000000 ) ) ;
#3456 = ORIENTED_EDGE ( 'NONE', *, *, #3725, .F. ) ;
#3457 = EDGE_LOOP ( 'NONE', ( #3490, #858, #850, #911 ) ) ;
#3458 = FACE_OUTER_BOUND ( 'NONE', #1744, .T. ) ;
#3459 = DIRECTION ( 'NONE',  ( 0.000000000000000000, -1.000000000000000000, 0.000000000000000000 ) ) ;
#3460 = AXIS2_PLACEMENT_3D ( 'NONE', #254, #562, #1842 ) ;
#3461 = DIRECTION ( 'NONE',  ( -1.000000000000000000, 0.000000000000000000, 1.191430958775279679E-16 ) ) ;
#3462 = EDGE_CURVE ( 'NONE', #410, #1014, #1583, .T. ) ;
#3463 = ORIENTED_EDGE ( 'NONE', *, *, #3729, .F. ) ;
#3464 = CARTESIAN_POINT ( 'NONE',  ( 0.1250000000000000000, 0.000000000000000000, -0.6249999999999965583 ) ) ;
#3465 = LINE ( 'NONE', #2947, #3419 ) ;
#3466 = DIRECTION ( 'NONE',  ( 0.000000000000000000, -1.000000000000000000, 0.000000000000000000 ) ) ;
#3467 = DIRECTION ( 'NONE',  ( 0.000000000000000000, 0.000000000000000000, -1.000000000000000000 ) ) ;
#3468 = FILL_AREA_STYLE ('',( #3726 ) ) ;
#3469 = ORIENTED_EDGE ( 'NONE', *, *, #122, .F. ) ;
#3470 = EDGE_CURVE ( 'NONE', #121, #3658, #196, .T. ) ;
#3471 = VERTEX_POINT ( 'NONE', #3702 ) ;
#3472 = VECTOR ( 'NONE', #3652, 1000.000000000000000 ) ;
#3473 = CARTESIAN_POINT ( 'NONE',  ( 0.000000000000000000, 0.05000000000000000278, 0.000000000000000000 ) ) ;
#3474 = ADVANCED_FACE ( 'NONE', ( #154 ), #515, .F. ) ;
#3475 = CARTESIAN_POINT ( 'NONE',  ( 0.6250000000000000000, 0.000000000000000000, 0.6250000000000000000 ) ) ;
#3476 = CARTESIAN_POINT ( 'NONE',  ( -0.9999999999999997780, 0.8000000000000000444, -0.9999999999999997780 ) ) ;
#3477 = ORIENTED_EDGE ( 'NONE', *, *, #2229, .F. ) ;
#3478 = ADVANCED_FACE ( 'NONE', ( #2908 ), #75, .F. ) ;
#3479 = CARTESIAN_POINT ( 'NONE',  ( -0.3750000000000000000, 0.000000000000000000, -0.6249999999999931166 ) ) ;
#3480 = DIRECTION ( 'NONE',  ( -1.000000000000000000, 0.000000000000000000, 0.000000000000000000 ) ) ;
#3481 = LINE ( 'NONE', #740, #3442 ) ;
#3482 = MECHANICAL_DESIGN_GEOMETRIC_PRESENTATION_REPRESENTATION (  '', ( #2486 ), #3194 ) ;
#3483 = EDGE_CURVE ( 'NONE', #1439, #3503, #2921, .T. ) ;
#3484 = CARTESIAN_POINT ( 'NONE',  ( 0.000000000000000000, 0.05000000000000000278, 0.000000000000000000 ) ) ;
#3485 = EDGE_CURVE ( 'NONE', #3872, #2515, #2839, .T. ) ;
#3486 = ORIENTED_EDGE ( 'NONE', *, *, #3831, .T. ) ;
#3487 = EDGE_LOOP ( 'NONE', ( #1114, #103, #3321, #3882 ) ) ;
#3488 = FACE_OUTER_BOUND ( 'NONE', #1505, .T. ) ;
#3489 = DIRECTION ( 'NONE',  ( -1.000000000000000000, -0.000000000000000000, -0.000000000000000000 ) ) ;
#3490 = ORIENTED_EDGE ( 'NONE', *, *, #2543, .F. ) ;
#3491 = LINE ( 'NONE', #1219, #893 ) ;
#3492 = ORIENTED_EDGE ( 'NONE', *, *, #1875, .F. ) ;
#3493 = ORIENTED_EDGE ( 'NONE', *, *, #495, .F. ) ;
#3494 = FACE_OUTER_BOUND ( 'NONE', #401, .T. ) ;
#3495 = DIRECTION ( 'NONE',  ( -0.000000000000000000, 1.000000000000000000, 0.000000000000000000 ) ) ;
#3496 = DIRECTION ( 'NONE',  ( -1.000000000000000000, 0.000000000000000000, -0.000000000000000000 ) ) ;
#3497 = ORIENTED_EDGE ( 'NONE', *, *, #265, .T. ) ;
#3498 = PLANE ( 'NONE',  #1415 ) ;
#3499 = FILL_AREA_STYLE ('',( #3239 ) ) ;
#3500 = ADVANCED_FACE ( 'NONE', ( #2854 ), #1547, .T. ) ;
#3501 = PLANE ( 'NONE',  #2900 ) ;
#3502 = VERTEX_POINT ( 'NONE', #3538 ) ;
#3503 = VERTEX_POINT ( 'NONE', #2425 ) ;
#3504 = AXIS2_PLACEMENT_3D ( 'NONE', #376, #642, #2446 ) ;
#3505 = LINE ( 'NONE', #1542, #3580 ) ;
#3506 = FACE_OUTER_BOUND ( 'NONE', #2251, .T. ) ;
#3507 = DIRECTION ( 'NONE',  ( -7.372574772901430151E-15, 0.000000000000000000, -1.000000000000000000 ) ) ;
#3508 = EDGE_CURVE ( 'NONE', #402, #1295, #189, .T. ) ;
#3509 = VERTEX_POINT ( 'NONE', #774 ) ;
#3510 = VERTEX_POINT ( 'NONE', #3909 ) ;
#3511 = VECTOR ( 'NONE', #3757, 1000.000000000000000 ) ;
#3512 = CARTESIAN_POINT ( 'NONE',  ( 0.3750000000000000000, 0.000000000000000000, 0.9000000000000000222 ) ) ;
#3513 = EDGE_CURVE ( 'NONE', #3182, #3503, #2827, .T. ) ;
#3514 = VERTEX_POINT ( 'NONE', #2693 ) ;
#3515 = FACE_OUTER_BOUND ( 'NONE', #3309, .T. ) ;
#3516 =( GEOMETRIC_REPRESENTATION_CONTEXT ( 3 ) GLOBAL_UNCERTAINTY_ASSIGNED_CONTEXT ( ( #813 ) ) GLOBAL_UNIT_ASSIGNED_CONTEXT ( ( #2453, #2814, #3677 ) ) REPRESENTATION_CONTEXT ( 'NONE', 'WORKASPACE' ) );
#3517 = VECTOR ( 'NONE', #2021, 1000.000000000000000 ) ;
#3518 = DIRECTION ( 'NONE',  ( 1.000000000000000000, -0.000000000000000000, -0.000000000000000000 ) ) ;
#3519 = EDGE_CURVE ( 'NONE', #1955, #778, #2808, .T. ) ;
#3520 = CARTESIAN_POINT ( 'NONE',  ( 0.000000000000000000, 0.000000000000000000, 0.000000000000000000 ) ) ;
#3521 = ORIENTED_EDGE ( 'NONE', *, *, #3775, .T. ) ;
#3522 = AXIS2_PLACEMENT_3D ( 'NONE', #1359, #962, #130 ) ;
#3523 = DIRECTION ( 'NONE',  ( -0.000000000000000000, -1.000000000000000000, -0.000000000000000000 ) ) ;
#3524 = EDGE_LOOP ( 'NONE', ( #373, #3896, #182, #1048 ) ) ;
#3525 = DIRECTION ( 'NONE',  ( -1.000000000000000000, 0.000000000000000000, 3.232893750683992730E-14 ) ) ;
#3526 = EDGE_CURVE ( 'NONE', #3684, #3885, #1530, .T. ) ;
#3527 = CARTESIAN_POINT ( 'NONE',  ( -0.3750000000000000000, 0.05000000000000000278, -0.6249999999999931166 ) ) ;
#3528 = FACE_OUTER_BOUND ( 'NONE', #2148, .T. ) ;
#3529 = LINE ( 'NONE', #417, #2254 ) ;
#3530 = EDGE_CURVE ( 'NONE', #1466, #2690, #237, .T. ) ;
#3531 = CARTESIAN_POINT ( 'NONE',  ( -0.6250000000000000000, 0.05000000000000002359, 0.9000000000000069056 ) ) ;
#3532 = ORIENTED_EDGE ( 'NONE', *, *, #2857, .F. ) ;
#3533 = VECTOR ( 'NONE', #3247, 1000.000000000000000 ) ;
#3534 = FACE_OUTER_BOUND ( 'NONE', #2495, .T. ) ;
#3535 = ADVANCED_FACE ( 'NONE', ( #175 ), #2772, .T. ) ;
#3536 = CARTESIAN_POINT ( 'NONE',  ( -0.8999999999999999112, 0.05000000000000000278, -0.1249999999999974049 ) ) ;
#3537 = ORIENTED_EDGE ( 'NONE', *, *, #3347, .T. ) ;
#3538 = CARTESIAN_POINT ( 'NONE',  ( -0.9999999999999997780, 0.1400000000000000411, -0.9999999999999997780 ) ) ;
#3539 = LINE ( 'NONE', #3316, #873 ) ;
#3540 = FACE_BOUND ( 'NONE', #2551, .T. ) ;
#3541 = DIRECTION ( 'NONE',  ( 0.000000000000000000, -1.000000000000000000, 0.000000000000000000 ) ) ;
#3542 = VERTEX_POINT ( 'NONE', #1 ) ;
#3543 = SURFACE_STYLE_FILL_AREA ( #3468 ) ;
#3544 = LINE ( 'NONE', #1036, #3559 ) ;
#3545 = DIRECTION ( 'NONE',  ( 0.000000000000000000, 1.000000000000000000, 0.000000000000000000 ) ) ;
#3546 = VERTEX_POINT ( 'NONE', #2687 ) ;
#3547 = DIRECTION ( 'NONE',  ( -0.000000000000000000, -1.000000000000000000, -0.000000000000000000 ) ) ;
#3548 = ORIENTED_EDGE ( 'NONE', *, *, #1971, .F. ) ;
#3549 = CARTESIAN_POINT ( 'NONE',  ( 0.6250000000000000000, 0.05000000000000002359, -0.9000000000000000222 ) ) ;
#3550 = VECTOR ( 'NONE', #329, 1000.000000000000000 ) ;
#3551 = LINE ( 'NONE', #2787, #3634 ) ;
#3552 = CARTESIAN_POINT ( 'NONE',  ( -0.1250000000000000000, 0.000000000000000000, 0.6250000000000034417 ) ) ;
#3553 = EDGE_LOOP ( 'NONE', ( #915, #2748, #1336, #2692 ) ) ;
#3554 = ADVANCED_FACE ( 'NONE', ( #250 ), #3373, .T. ) ;
#3555 = LINE ( 'NONE', #2684, #894 ) ;
#3556 = CARTESIAN_POINT ( 'NONE',  ( -0.3750000000000000000, 0.000000000000000000, -0.8999999999999930278 ) ) ;
#3557 = ORIENTED_EDGE ( 'NONE', *, *, #2177, .T. ) ;
#3558 = CARTESIAN_POINT ( 'NONE',  ( -0.9999999999999997780, 0.1400000000000000411, -0.9999999999999997780 ) ) ;
#3559 = VECTOR ( 'NONE', #465, 1000.000000000000000 ) ;
#3560 = PLANE ( 'NONE',  #1701 ) ;
#3561 = EDGE_CURVE ( 'NONE', #2321, #3105, #2831, .T. ) ;
#3562 = DIRECTION ( 'NONE',  ( 0.000000000000000000, -1.000000000000000000, 0.000000000000000000 ) ) ;
#3563 = ADVANCED_FACE ( 'NONE', ( #207 ), #2122, .T. ) ;
#3564 = DIRECTION ( 'NONE',  ( -1.000000000000000000, 0.000000000000000000, 0.000000000000000000 ) ) ;
#3565 = ORIENTED_EDGE ( 'NONE', *, *, #3381, .F. ) ;
#3566 = VECTOR ( 'NONE', #1323, 1000.000000000000000 ) ;
#3567 = CARTESIAN_POINT ( 'NONE',  ( -0.6250000000000000000, 0.05000000000000002359, 0.6250000000000069944 ) ) ;
#3568 = VECTOR ( 'NONE', #2655, 1000.000000000000000 ) ;
#3569 = EDGE_CURVE ( 'NONE', #815, #1154, #2929, .T. ) ;
#3570 = PLANE ( 'NONE',  #856 ) ;
#3571 = EDGE_LOOP ( 'NONE', ( #2568, #3452, #1624, #1423 ) ) ;
#3572 =( LENGTH_UNIT ( ) NAMED_UNIT ( * ) SI_UNIT ( .MILLI., .METRE. ) );
#3573 = EDGE_CURVE ( 'NONE', #549, #1667, #1544, .T. ) ;
#3574 =( NAMED_UNIT ( * ) PLANE_ANGLE_UNIT ( ) SI_UNIT ( $, .RADIAN. ) );
#3575 = VECTOR ( 'NONE', #1350, 1000.000000000000000 ) ;
#3576 = LINE ( 'NONE', #2705, #2200 ) ;
#3577 = CARTESIAN_POINT ( 'NONE',  ( 0.8999999999999999112, 0.4216517186829673025, 0.1249999999999974049 ) ) ;
#3578 = VERTEX_POINT ( 'NONE', #3305 ) ;
#3579 = VERTEX_POINT ( 'NONE', #1090 ) ;
#3580 = VECTOR ( 'NONE', #554, 1000.000000000000000 ) ;
#3581 = VECTOR ( 'NONE', #3902, 1000.000000000000000 ) ;
#3582 = CARTESIAN_POINT ( 'NONE',  ( -0.1250000000000000000, 0.05000000000000002359, 0.6250000000000034417 ) ) ;
#3583 = VERTEX_POINT ( 'NONE', #3661 ) ;
#3584 = CARTESIAN_POINT ( 'NONE',  ( -0.6249999999999998890, 0.000000000000000000, -0.1249999999999974049 ) ) ;
#3585 = ADVANCED_FACE ( 'NONE', ( #2801 ), #3005, .T. ) ;
#3586 = FACE_OUTER_BOUND ( 'NONE', #21, .T. ) ;
#3587 = CARTESIAN_POINT ( 'NONE',  ( -0.3750000000000000000, 0.05000000000000000278, 0.9000000000000069056 ) ) ;
#3588 = PLANE ( 'NONE',  #2714 ) ;
#3589 = EDGE_LOOP ( 'NONE', ( #3905, #3724, #137, #1045 ) ) ;
#3590 = VECTOR ( 'NONE', #663, 1000.000000000000000 ) ;
#3591 = CARTESIAN_POINT ( 'NONE',  ( -0.1250000000000000000, 0.05000000000000000278, -0.6249999999999965583 ) ) ;
#3592 = FACE_OUTER_BOUND ( 'NONE', #592, .T. ) ;
#3593 = CARTESIAN_POINT ( 'NONE',  ( -0.8999999999999999112, 0.05000000000000002359, -0.3749999999999973910 ) ) ;
#3594 = CARTESIAN_POINT ( 'NONE',  ( 0.6250000000000000000, 0.05000000000000000278, 0.6250000000000000000 ) ) ;
#3595 = ORIENTED_EDGE ( 'NONE', *, *, #2952, .T. ) ;
#3596 = DIRECTION ( 'NONE',  ( -1.000000000000000000, 0.000000000000000000, -0.000000000000000000 ) ) ;
#3597 = EDGE_CURVE ( 'NONE', #3741, #2321, #1506, .T. ) ;
#3598 = CARTESIAN_POINT ( 'NONE',  ( -0.1250000000000000000, 0.000000000000000000, 0.9000000000000034639 ) ) ;
#3599 = VECTOR ( 'NONE', #1413, 1000.000000000000000 ) ;
#3600 = FACE_OUTER_BOUND ( 'NONE', #50, .T. ) ;
#3601 = EDGE_CURVE ( 'NONE', #1479, #1144, #183, .T. ) ;
#3602 = DIRECTION ( 'NONE',  ( -0.000000000000000000, 0.000000000000000000, -1.000000000000000000 ) ) ;
#3603 = EDGE_LOOP ( 'NONE', ( #3679, #2860, #1274, #1037 ) ) ;
#3604 = FACE_OUTER_BOUND ( 'NONE', #1133, .T. ) ;
#3605 = DIRECTION ( 'NONE',  ( 1.191430958775279679E-16, 0.000000000000000000, 1.000000000000000000 ) ) ;
#3606 = ORIENTED_EDGE ( 'NONE', *, *, #3530, .T. ) ;
#3607 = EDGE_CURVE ( 'NONE', #3578, #638, #1563, .T. ) ;
#3608 = FILL_AREA_STYLE ('',( #3405 ) ) ;
#3609 = ORIENTED_EDGE ( 'NONE', *, *, #978, .T. ) ;
#3610 = VECTOR ( 'NONE', #997, 1000.000000000000000 ) ;
#3611 = VECTOR ( 'NONE', #3455, 1000.000000000000000 ) ;
#3612 = AXIS2_PLACEMENT_3D ( 'NONE', #3383, #3707, #1232 ) ;
#3613 = CARTESIAN_POINT ( 'NONE',  ( 0.000000000000000000, 0.05000000000000000278, 0.000000000000000000 ) ) ;
#3614 = CARTESIAN_POINT ( 'NONE',  ( -0.7249999999999999778, 0.4216517186829673025, -0.3749999999999973910 ) ) ;
#3615 = ORIENTED_EDGE ( 'NONE', *, *, #917, .F. ) ;
#3616 = ORIENTED_EDGE ( 'NONE', *, *, #2142, .F. ) ;
#3617 = FACE_OUTER_BOUND ( 'NONE', #1015, .T. ) ;
#3618 =( NAMED_UNIT ( * ) PLANE_ANGLE_UNIT ( ) SI_UNIT ( $, .RADIAN. ) );
#3619 = ADVANCED_FACE ( 'NONE', ( #243 ), #1541, .F. ) ;
#3620 = FACE_BOUND ( 'NONE', #3032, .T. ) ;
#3621 = CARTESIAN_POINT ( 'NONE',  ( -0.1250000000000000000, 0.4216517186829673025, 0.6250000000000034417 ) ) ;
#3622 = CARTESIAN_POINT ( 'NONE',  ( -0.3750000000000000000, 0.000000000000000000, -0.6249999999999931166 ) ) ;
#3623 = EDGE_LOOP ( 'NONE', ( #478, #1078, #1057, #1168 ) ) ;
#3624 = DIRECTION ( 'NONE',  ( -0.000000000000000000, -0.000000000000000000, 1.000000000000000000 ) ) ;
#3625 = CARTESIAN_POINT ( 'NONE',  ( -0.8999999999999999112, 0.05000000000000000278, 0.3749999999999973910 ) ) ;
#3626 =( LENGTH_UNIT ( ) NAMED_UNIT ( * ) SI_UNIT ( .MILLI., .METRE. ) );
#3627 = ORIENTED_EDGE ( 'NONE', *, *, #1164, .T. ) ;
#3628 = CYLINDRICAL_SURFACE ( 'NONE', #1104, 0.1000000000000001582 ) ;
#3629 = LINE ( 'NONE', #260, #935 ) ;
#3630 = ORIENTED_EDGE ( 'NONE', *, *, #2332, .T. ) ;
#3631 = ORIENTED_EDGE ( 'NONE', *, *, #1371, .T. ) ;
#3632 = DIRECTION ( 'NONE',  ( -1.000000000000000000, 0.000000000000000000, 0.000000000000000000 ) ) ;
#3633 = LINE ( 'NONE', #3145, #2437 ) ;
#3634 = VECTOR ( 'NONE', #3291, 1000.000000000000000 ) ;
#3635 = ORIENTED_EDGE ( 'NONE', *, *, #1112, .F. ) ;
#3636 = SURFACE_SIDE_STYLE ('',( #3773 ) ) ;
#3637 = EDGE_LOOP ( 'NONE', ( #2994, #3844, #3932, #2494 ) ) ;
#3638 = FACE_OUTER_BOUND ( 'NONE', #3020, .T. ) ;
#3639 = VECTOR ( 'NONE', #1968, 1000.000000000000000 ) ;
#3640 = DIRECTION ( 'NONE',  ( 1.000000000000000000, 0.000000000000000000, -0.000000000000000000 ) ) ;
#3641 = DIRECTION ( 'NONE',  ( 1.000000000000000000, -0.000000000000000000, -7.096596038086939046E-15 ) ) ;
#3642 = AXIS2_PLACEMENT_3D ( 'NONE', #2856, #91, #399 ) ;
#3643 = DIRECTION ( 'NONE',  ( -0.000000000000000000, -0.000000000000000000, -1.000000000000000000 ) ) ;
#3644 = CARTESIAN_POINT ( 'NONE',  ( -0.2200000000000001399, 0.6999999999999999556, -0.1500000000000001887 ) ) ;
#3645 = ORIENTED_EDGE ( 'NONE', *, *, #2029, .T. ) ;
#3646 = EDGE_CURVE ( 'NONE', #3065, #1066, #213, .T. ) ;
#3647 = ORIENTED_EDGE ( 'NONE', *, *, #3109, .T. ) ;
#3648 = VECTOR ( 'NONE', #3913, 1000.000000000000000 ) ;
#3649 = COLOUR_RGB ( '',0.2509803921568627416, 0.2509803921568627416, 0.2509803921568627416 ) ;
#3650 =( NAMED_UNIT ( * ) PLANE_ANGLE_UNIT ( ) SI_UNIT ( $, .RADIAN. ) );
#3651 = EDGE_CURVE ( 'NONE', #2677, #1320, #2890, .T. ) ;
#3652 = DIRECTION ( 'NONE',  ( -0.7071067811865430208, -0.000000000000000000, -0.7071067811865521247 ) ) ;
#3653 = ORIENTED_EDGE ( 'NONE', *, *, #3312, .T. ) ;
#3654 = CARTESIAN_POINT ( 'NONE',  ( -0.8999999999999999112, 0.05000000000000002359, -0.1249999999999974049 ) ) ;
#3655 = ORIENTED_EDGE ( 'NONE', *, *, #2662, .T. ) ;
#3656 = CARTESIAN_POINT ( 'NONE',  ( -0.6249999999999998890, 0.4216517186829673025, 0.1249999999999974049 ) ) ;
#3657 = EDGE_CURVE ( 'NONE', #1265, #2131, #1515, .T. ) ;
#3658 = VERTEX_POINT ( 'NONE', #1288 ) ;
#3659 = FACE_OUTER_BOUND ( 'NONE', #1521, .T. ) ;
#3660 = ORIENTED_EDGE ( 'NONE', *, *, #2436, .F. ) ;
#3661 = CARTESIAN_POINT ( 'NONE',  ( 0.6250000000000000000, 0.05000000000000002359, -0.6250000000000000000 ) ) ;
#3662 = ORIENTED_EDGE ( 'NONE', *, *, #1185, .F. ) ;
#3663 = DIRECTION ( 'NONE',  ( 0.000000000000000000, 0.000000000000000000, -1.000000000000000000 ) ) ;
#3664 = VECTOR ( 'NONE', #1160, 1000.000000000000000 ) ;
#3665 = VECTOR ( 'NONE', #2239, 1000.000000000000000 ) ;
#3666 = AXIS2_PLACEMENT_3D ( 'NONE', #3314, #276, #560 ) ;
#3667 = ADVANCED_FACE ( 'NONE', ( #1571 ), #3138, .T. ) ;
#3668 = EDGE_CURVE ( 'NONE', #2131, #304, #2896, .T. ) ;
#3669 = DIRECTION ( 'NONE',  ( -1.000000000000000000, 0.000000000000000000, 0.000000000000000000 ) ) ;
#3670 = VERTEX_POINT ( 'NONE', #1950 ) ;
#3671 = EDGE_CURVE ( 'NONE', #2912, #608, #1558, .T. ) ;
#3672 = DIRECTION ( 'NONE',  ( -1.000000000000000000, 0.000000000000000000, -0.000000000000000000 ) ) ;
#3673 = ORIENTED_EDGE ( 'NONE', *, *, #3810, .F. ) ;
#3674 = VECTOR ( 'NONE', #1524, 1000.000000000000000 ) ;
#3675 = CARTESIAN_POINT ( 'NONE',  ( -0.7499999999999997780, 0.4171572875253805601, -0.7499999999999998890 ) ) ;
#3676 = LINE ( 'NONE', #3552, #3792 ) ;
#3677 =( NAMED_UNIT ( * ) SI_UNIT ( $, .STERADIAN. ) SOLID_ANGLE_UNIT ( ) );
#3678 = DIRECTION ( 'NONE',  ( 0.000000000000000000, -1.000000000000000000, 0.000000000000000000 ) ) ;
#3679 = ORIENTED_EDGE ( 'NONE', *, *, #2081, .T. ) ;
#3680 = ORIENTED_EDGE ( 'NONE', *, *, #208, .T. ) ;
#3681 = LINE ( 'NONE', #931, #2429 ) ;
#3682 = LINE ( 'NONE', #3776, #1088 ) ;
#3683 = CARTESIAN_POINT ( 'NONE',  ( 0.6250000000000000000, 0.4216517186829673025, 0.9000000000000000222 ) ) ;
#3684 = VERTEX_POINT ( 'NONE', #3755 ) ;
#3685 = CARTESIAN_POINT ( 'NONE',  ( 0.8999999999999940270, 0.05000000000000002359, -0.3750000000000138778 ) ) ;
#3686 = VERTEX_POINT ( 'NONE', #120 ) ;
#3687 = DIRECTION ( 'NONE',  ( 1.000000000000000000, 0.000000000000000000, 0.000000000000000000 ) ) ;
#3688 = ORIENTED_EDGE ( 'NONE', *, *, #3002, .T. ) ;
#3689 = VECTOR ( 'NONE', #1548, 1000.000000000000000 ) ;
#3690 = VECTOR ( 'NONE', #1392, 1000.000000000000000 ) ;
#3691 = ORIENTED_EDGE ( 'NONE', *, *, #1798, .T. ) ;
#3692 = DIRECTION ( 'NONE',  ( -0.000000000000000000, -1.000000000000000000, -0.000000000000000000 ) ) ;
#3693 = MECHANICAL_DESIGN_GEOMETRIC_PRESENTATION_REPRESENTATION (  '', ( #2456 ), #2060 ) ;
#3694 = EDGE_LOOP ( 'NONE', ( #2461, #3008, #3688, #1187, #1893 ) ) ;
#3695 = VECTOR ( 'NONE', #1619, 1000.000000000000000 ) ;
#3696 = ADVANCED_FACE ( 'NONE', ( #1578 ), #3784, .T. ) ;
#3697 = LINE ( 'NONE', #1627, #1009 ) ;
#3698 = VERTEX_POINT ( 'NONE', #709 ) ;
#3699 = ORIENTED_EDGE ( 'NONE', *, *, #1344, .T. ) ;
#3700 = MECHANICAL_DESIGN_GEOMETRIC_PRESENTATION_REPRESENTATION (  '', ( #2255 ), #637 ) ;
#3701 = LINE ( 'NONE', #2077, #3664 ) ;
#3702 = CARTESIAN_POINT ( 'NONE',  ( -0.8999999999999999112, 0.05000000000000000278, -0.3749999999999973910 ) ) ;
#3703 = PLANE ( 'NONE',  #3398 ) ;
#3704 = DIRECTION ( 'NONE',  ( 7.372574772901430151E-15, -0.000000000000000000, 1.000000000000000000 ) ) ;
#3705 = EDGE_CURVE ( 'NONE', #1664, #114, #2942, .T. ) ;
#3706 = ADVANCED_FACE ( 'NONE', ( #147 ), #3175, .F. ) ;
#3707 = DIRECTION ( 'NONE',  ( 1.000000000000000000, 0.000000000000000000, 0.000000000000000000 ) ) ;
#3708 = PLANE ( 'NONE',  #1188 ) ;
#3709 = ORIENTED_EDGE ( 'NONE', *, *, #492, .T. ) ;
#3710 = VERTEX_POINT ( 'NONE', #677 ) ;
#3711 = VECTOR ( 'NONE', #582, 1000.000000000000000 ) ;
#3712 = ORIENTED_EDGE ( 'NONE', *, *, #168, .F. ) ;
#3713 = CARTESIAN_POINT ( 'NONE',  ( 0.3750000000000000000, 0.000000000000000000, -0.6250000000000000000 ) ) ;
#3714 = DIRECTION ( 'NONE',  ( 0.000000000000000000, 0.000000000000000000, 1.000000000000000000 ) ) ;
#3715 = EDGE_CURVE ( 'NONE', #597, #549, #1476, .T. ) ;
#3716 = ORIENTED_EDGE ( 'NONE', *, *, #1551, .F. ) ;
#3717 = LINE ( 'NONE', #1272, #2285 ) ;
#3718 = LINE ( 'NONE', #190, #1061 ) ;
#3719 = CARTESIAN_POINT ( 'NONE',  ( -0.6250000000000000000, 0.05000000000000000278, 0.6250000000000069944 ) ) ;
#3720 = EDGE_CURVE ( 'NONE', #1433, #3182, #1787, .T. ) ;
#3721 = ORIENTED_EDGE ( 'NONE', *, *, #3956, .T. ) ;
#3722 = MECHANICAL_DESIGN_GEOMETRIC_PRESENTATION_REPRESENTATION (  '', ( #3351 ), #1745 ) ;
#3723 = AXIS2_PLACEMENT_3D ( 'NONE', #2695, #3013, #474 ) ;
#3724 = ORIENTED_EDGE ( 'NONE', *, *, #2883, .F. ) ;
#3725 = EDGE_CURVE ( 'NONE', #3503, #3241, #3026, .T. ) ;
#3726 = FILL_AREA_STYLE_COLOUR ( '', #852 ) ;
#3727 = LINE ( 'NONE', #694, #2325 ) ;
#3728 = LINE ( 'NONE', #1776, #3774 ) ;
#3729 = EDGE_CURVE ( 'NONE', #3097, #2190, #2951, .T. ) ;
#3730 = CARTESIAN_POINT ( 'NONE',  ( 0.3750000000000000000, 0.05000000000000000278, -0.9000000000000000222 ) ) ;
#3731 = VERTEX_POINT ( 'NONE', #546 ) ;
#3732 = PLANE ( 'NONE',  #1767 ) ;
#3733 = ORIENTED_EDGE ( 'NONE', *, *, #868, .F. ) ;
#3734 = LINE ( 'NONE', #2696, #2340 ) ;
#3735 = ADVANCED_FACE ( 'NONE', ( #1630 ), #2735, .T. ) ;
#3736 = PLANE ( 'NONE',  #696 ) ;
#3737 = LINE ( 'NONE', #458, #2416 ) ;
#3738 = DIRECTION ( 'NONE',  ( 0.000000000000000000, 1.000000000000000000, 0.000000000000000000 ) ) ;
#3739 = CARTESIAN_POINT ( 'NONE',  ( 0.9000000000000047962, 0.05000000000000000278, 0.3749999999999885092 ) ) ;
#3740 = CARTESIAN_POINT ( 'NONE',  ( -0.6250000000000000000, 0.05000000000000000278, 0.9000000000000069056 ) ) ;
#3741 = VERTEX_POINT ( 'NONE', #1591 ) ;
#3742 = ORIENTED_EDGE ( 'NONE', *, *, #615, .F. ) ;
#3743 = DIRECTION ( 'NONE',  ( 0.000000000000000000, 0.000000000000000000, -1.000000000000000000 ) ) ;
#3744 = LINE ( 'NONE', #2899, #3610 ) ;
#3745 = APPLICATION_CONTEXT ( 'automotive_design' ) ;
#3746 = LINE ( 'NONE', #3348, #995 ) ;
#3747 = CARTESIAN_POINT ( 'NONE',  ( -0.7499999999999997780, 0.6999999999999999556, -0.7499999999999998890 ) ) ;
#3748 = CARTESIAN_POINT ( 'NONE',  ( 0.1250000000000000000, 0.4216517186829673025, -0.8999999999999964695 ) ) ;
#3749 = CARTESIAN_POINT ( 'NONE',  ( -0.1250000000000000000, 0.05000000000000000278, -0.8999999999999964695 ) ) ;
#3750 = ORIENTED_EDGE ( 'NONE', *, *, #699, .F. ) ;
#3751 = LINE ( 'NONE', #2724, #1073 ) ;
#3752 = LINE ( 'NONE', #1559, #2357 ) ;
#3753 = FILL_AREA_STYLE_COLOUR ( '', #3249 ) ;
#3754 = AXIS2_PLACEMENT_3D ( 'NONE', #1861, #880, #1568 ) ;
#3755 = CARTESIAN_POINT ( 'NONE',  ( 0.6250000000000000000, 0.05000000000000000278, 0.9000000000000000222 ) ) ;
#3756 = ORIENTED_EDGE ( 'NONE', *, *, #3353, .T. ) ;
#3757 = DIRECTION ( 'NONE',  ( 0.000000000000000000, 1.000000000000000000, 0.000000000000000000 ) ) ;
#3758 = VECTOR ( 'NONE', #1360, 1000.000000000000000 ) ;
#3759 = LINE ( 'NONE', #982, #2380 ) ;
#3760 = CARTESIAN_POINT ( 'NONE',  ( -0.8999999999999999112, 0.000000000000000000, -0.3749999999999973910 ) ) ;
#3761 = CARTESIAN_POINT ( 'NONE',  ( 0.6250000000000000000, 0.05000000000000000278, 0.6250000000000000000 ) ) ;
#3762 = AXIS2_PLACEMENT_3D ( 'NONE', #96, #3420, #1714 ) ;
#3763 = DIRECTION ( 'NONE',  ( -0.000000000000000000, -1.000000000000000000, -0.000000000000000000 ) ) ;
#3764 = ORIENTED_EDGE ( 'NONE', *, *, #1871, .F. ) ;
#3765 = LINE ( 'NONE', #627, #2299 ) ;
#3766 = CARTESIAN_POINT ( 'NONE',  ( -0.6250000000000000000, 0.05000000000000000278, 0.6250000000000069944 ) ) ;
#3767 = SURFACE_STYLE_FILL_AREA ( #2039 ) ;
#3768 = DIRECTION ( 'NONE',  ( 0.000000000000000000, 0.000000000000000000, -1.000000000000000000 ) ) ;
#3769 = DIRECTION ( 'NONE',  ( 0.000000000000000000, -0.000000000000000000, -1.000000000000000000 ) ) ;
#3770 = CARTESIAN_POINT ( 'NONE',  ( 0.000000000000000000, 0.000000000000000000, 0.000000000000000000 ) ) ;
#3771 = CARTESIAN_POINT ( 'NONE',  ( -0.7499999999999997780, 0.8000000000000000444, -0.6499999999999998002 ) ) ;
#3772 = ORIENTED_EDGE ( 'NONE', *, *, #1424, .T. ) ;
#3773 = SURFACE_STYLE_FILL_AREA ( #3608 ) ;
#3774 = VECTOR ( 'NONE', #3003, 1000.000000000000000 ) ;
#3775 = EDGE_CURVE ( 'NONE', #1562, #2384, #2968, .T. ) ;
#3776 = CARTESIAN_POINT ( 'NONE',  ( 0.6249999999999998890, 0.05000000000000002359, 0.1249999999999974049 ) ) ;
#3777 = PRESENTATION_LAYER_ASSIGNMENT (  '', '', ( #2660 ) ) ;
#3778 = CARTESIAN_POINT ( 'NONE',  ( 0.6250000000000000000, 0.05000000000000000278, 0.6250000000000000000 ) ) ;
#3779 = ORIENTED_EDGE ( 'NONE', *, *, #820, .F. ) ;
#3780 = CARTESIAN_POINT ( 'NONE',  ( 0.6250000000000000000, 0.4216517186829673025, -0.6250000000000000000 ) ) ;
#3781 = ORIENTED_EDGE ( 'NONE', *, *, #176, .T. ) ;
#3782 = AXIS2_PLACEMENT_3D ( 'NONE', #3675, #1737, #625 ) ;
#3783 = EDGE_CURVE ( 'NONE', #2465, #3922, #290, .T. ) ;
#3784 = PLANE ( 'NONE',  #3352 ) ;
#3785 = ORIENTED_EDGE ( 'NONE', *, *, #73, .T. ) ;
#3786 = EDGE_CURVE ( 'NONE', #1815, #454, #285, .T. ) ;
#3787 = ORIENTED_EDGE ( 'NONE', *, *, #2721, .T. ) ;
#3788 = CARTESIAN_POINT ( 'NONE',  ( 0.000000000000000000, 0.1400000000000000133, 0.000000000000000000 ) ) ;
#3789 = VECTOR ( 'NONE', #3023, 1000.000000000000000 ) ;
#3790 = CARTESIAN_POINT ( 'NONE',  ( -0.3750000000000000000, 0.05000000000000000278, -0.8999999999999930278 ) ) ;
#3791 = ORIENTED_EDGE ( 'NONE', *, *, #3118, .F. ) ;
#3792 = VECTOR ( 'NONE', #241, 1000.000000000000000 ) ;
#3793 = ORIENTED_EDGE ( 'NONE', *, *, #2800, .T. ) ;
#3794 = CARTESIAN_POINT ( 'NONE',  ( -0.1250000000000000000, 0.05000000000000000278, 0.6250000000000034417 ) ) ;
#3795 = CARTESIAN_POINT ( 'NONE',  ( 0.1250000000000000000, 0.4216517186829673025, 0.6250000000000034417 ) ) ;
#3796 = PLANE ( 'NONE',  #1451 ) ;
#3797 = ORIENTED_EDGE ( 'NONE', *, *, #311, .F. ) ;
#3798 = VECTOR ( 'NONE', #669, 1000.000000000000000 ) ;
#3799 = VECTOR ( 'NONE', #1895, 1000.000000000000000 ) ;
#3800 = DIRECTION ( 'NONE',  ( -1.000000000000000000, 0.000000000000000000, 0.000000000000000000 ) ) ;
#3801 = EDGE_LOOP ( 'NONE', ( #3873, #1281, #2447, #1939 ) ) ;
#3802 = DIRECTION ( 'NONE',  ( -1.000000000000000000, 0.000000000000000000, 1.774149009521734959E-14 ) ) ;
#3803 = ORIENTED_EDGE ( 'NONE', *, *, #2276, .F. ) ;
#3804 = PRESENTATION_LAYER_ASSIGNMENT (  '', '', ( #385 ) ) ;
#3805 = FACE_OUTER_BOUND ( 'NONE', #3846, .T. ) ;
#3806 = ADVANCED_FACE ( 'NONE', ( #351 ), #501, .F. ) ;
#3807 = LINE ( 'NONE', #2143, #1255 ) ;
#3808 = DIRECTION ( 'NONE',  ( 0.000000000000000000, 1.000000000000000000, 0.000000000000000000 ) ) ;
#3809 = ORIENTED_EDGE ( 'NONE', *, *, #2069, .T. ) ;
#3810 = EDGE_CURVE ( 'NONE', #473, #2291, #1618, .T. ) ;
#3811 = DIRECTION ( 'NONE',  ( -1.191430958775279679E-16, 0.000000000000000000, -1.000000000000000000 ) ) ;
#3812 = ORIENTED_EDGE ( 'NONE', *, *, #3069, .T. ) ;
#3813 = ORIENTED_EDGE ( 'NONE', *, *, #2214, .T. ) ;
#3814 = DIRECTION ( 'NONE',  ( 1.774149009521734959E-14, 0.000000000000000000, 1.000000000000000000 ) ) ;
#3815 = EDGE_CURVE ( 'NONE', #3837, #991, #1711, .T. ) ;
#3816 = PRESENTATION_STYLE_ASSIGNMENT (( #2751 ) ) ;
#3817 = VECTOR ( 'NONE', #375, 1000.000000000000000 ) ;
#3818 = VERTEX_POINT ( 'NONE', #1765 ) ;
#3819 = ORIENTED_EDGE ( 'NONE', *, *, #3508, .F. ) ;
#3820 = CARTESIAN_POINT ( 'NONE',  ( 0.6250000000000000000, 0.05000000000000000278, 0.9000000000000000222 ) ) ;
#3821 = ORIENTED_EDGE ( 'NONE', *, *, #599, .F. ) ;
#3822 = VECTOR ( 'NONE', #1266, 1000.000000000000000 ) ;
#3823 = LINE ( 'NONE', #902, #3869 ) ;
#3824 = ORIENTED_EDGE ( 'NONE', *, *, #1973, .F. ) ;
#3825 = DIRECTION ( 'NONE',  ( 0.000000000000000000, -1.000000000000000000, 0.000000000000000000 ) ) ;
#3826 = CARTESIAN_POINT ( 'NONE',  ( 0.8999999999999958034, 0.05000000000000000278, -0.1250000000000109912 ) ) ;
#3827 = CARTESIAN_POINT ( 'NONE',  ( -0.1750000000000024869, 0.05000000000000000278, 0.1750000000000019040 ) ) ;
#3828 = VERTEX_POINT ( 'NONE', #1639 ) ;
#3829 = AXIS2_PLACEMENT_3D ( 'NONE', #1609, #3397, #2252 ) ;
#3830 = ORIENTED_EDGE ( 'NONE', *, *, #599, .T. ) ;
#3831 = EDGE_CURVE ( 'NONE', #2838, #3579, #2975, .T. ) ;
#3832 = VECTOR ( 'NONE', #1025, 1000.000000000000000 ) ;
#3833 = FACE_OUTER_BOUND ( 'NONE', #139, .T. ) ;
#3834 = CARTESIAN_POINT ( 'NONE',  ( 0.8999999999999940270, 0.05000000000000000278, -0.3750000000000138778 ) ) ;
#3835 = ORIENTED_EDGE ( 'NONE', *, *, #2305, .T. ) ;
#3836 = AXIS2_PLACEMENT_3D ( 'NONE', #1581, #3370, #1771 ) ;
#3837 = VERTEX_POINT ( 'NONE', #1132 ) ;
#3838 = ORIENTED_EDGE ( 'NONE', *, *, #73, .F. ) ;
#3839 = CARTESIAN_POINT ( 'NONE',  ( -0.9999999999999997780, 0.1400000000000000411, -0.9999999999999997780 ) ) ;
#3840 = EDGE_LOOP ( 'NONE', ( #65, #1031, #3164, #1801 ) ) ;
#3841 = COLOUR_RGB ( '',1.000000000000000000, 0.8117647058823529438, 0.5019607843137254832 ) ;
#3842 = LINE ( 'NONE', #809, #1245 ) ;
#3843 = DIRECTION ( 'NONE',  ( 1.000000000000000000, 0.000000000000000000, -7.372574772901430151E-15 ) ) ;
#3844 = ORIENTED_EDGE ( 'NONE', *, *, #440, .T. ) ;
#3845 = ORIENTED_EDGE ( 'NONE', *, *, #2662, .F. ) ;
#3846 = EDGE_LOOP ( 'NONE', ( #3027, #1000, #3048, #957 ) ) ;
#3847 = CARTESIAN_POINT ( 'NONE',  ( 0.000000000000000000, 0.05000000000000000278, 0.000000000000000000 ) ) ;
#3848 = ORIENTED_EDGE ( 'NONE', *, *, #1424, .F. ) ;
#3849 =( NAMED_UNIT ( * ) SI_UNIT ( $, .STERADIAN. ) SOLID_ANGLE_UNIT ( ) );
#3850 = LINE ( 'NONE', #2619, #2569 ) ;
#3851 = ADVANCED_FACE ( 'NONE', ( #1689 ), #3946, .T. ) ;
#3852 = LINE ( 'NONE', #3131, #1167 ) ;
#3853 = VERTEX_POINT ( 'NONE', #1081 ) ;
#3854 = DIRECTION ( 'NONE',  ( 0.000000000000000000, 0.000000000000000000, 1.000000000000000000 ) ) ;
#3855 = EDGE_LOOP ( 'NONE', ( #2400, #3056, #2605, #2298 ) ) ;
#3856 = DIRECTION ( 'NONE',  ( 0.000000000000000000, 0.000000000000000000, -1.000000000000000000 ) ) ;
#3857 = UNCERTAINTY_MEASURE_WITH_UNIT (LENGTH_MEASURE( 1.000000000000000082E-05 ), #2304, 'distance_accuracy_value', 'NONE');
#3858 = CARTESIAN_POINT ( 'NONE',  ( -0.8999999999999999112, 0.4216517186829673025, -0.1249999999999974049 ) ) ;
#3859 = ORIENTED_EDGE ( 'NONE', *, *, #3945, .T. ) ;
#3860 = VECTOR ( 'NONE', #238, 1000.000000000000000 ) ;
#3861 = VECTOR ( 'NONE', #15, 1000.000000000000000 ) ;
#3862 = DIRECTION ( 'NONE',  ( -0.7071067811865487940, 0.000000000000000000, 0.7071067811865463515 ) ) ;
#3863 = DIRECTION ( 'NONE',  ( 0.000000000000000000, 0.000000000000000000, 1.000000000000000000 ) ) ;
#3864 = ORIENTED_EDGE ( 'NONE', *, *, #3010, .F. ) ;
#3865 = DIRECTION ( 'NONE',  ( 0.000000000000000000, 0.000000000000000000, -1.000000000000000000 ) ) ;
#3866 = ORIENTED_EDGE ( 'NONE', *, *, #2701, .F. ) ;
#3867 = EDGE_LOOP ( 'NONE', ( #966, #3630, #938, #1730, #395 ) ) ;
#3868 = LINE ( 'NONE', #3820, #2544 ) ;
#3869 = VECTOR ( 'NONE', #2832, 1000.000000000000000 ) ;
#3870 = DIRECTION ( 'NONE',  ( 1.000000000000000000, 0.000000000000000000, -0.000000000000000000 ) ) ;
#3871 = AXIS2_PLACEMENT_3D ( 'NONE', #2963, #499, #123 ) ;
#3872 = VERTEX_POINT ( 'NONE', #1719 ) ;
#3873 = ORIENTED_EDGE ( 'NONE', *, *, #1611, .F. ) ;
#3874 = EDGE_CURVE ( 'NONE', #2376, #1348, #2961, .T. ) ;
#3875 = ORIENTED_EDGE ( 'NONE', *, *, #3231, .T. ) ;
#3876 = LINE ( 'NONE', #1720, #1201 ) ;
#3877 = VECTOR ( 'NONE', #3107, 1000.000000000000000 ) ;
#3878 = DIRECTION ( 'NONE',  ( 0.000000000000000000, 0.000000000000000000, -1.000000000000000000 ) ) ;
#3879 = ORIENTED_EDGE ( 'NONE', *, *, #1691, .T. ) ;
#3880 = ADVANCED_FACE ( 'NONE', ( #388 ), #1493, .F. ) ;
#3881 = ORIENTED_EDGE ( 'NONE', *, *, #690, .F. ) ;
#3882 = ORIENTED_EDGE ( 'NONE', *, *, #2874, .F. ) ;
#3883 = DIRECTION ( 'NONE',  ( -0.000000000000000000, 0.000000000000000000, 1.000000000000000000 ) ) ;
#3884 = VECTOR ( 'NONE', #840, 1000.000000000000000 ) ;
#3885 = VERTEX_POINT ( 'NONE', #3761 ) ;
#3886 = FILL_AREA_STYLE_COLOUR ( '', #326 ) ;
#3887 = CLOSED_SHELL ( 'NONE', ( #1246, #3474, #2426, #1116, #1561, #1170, #2988 ) ) ;
#3888 = CARTESIAN_POINT ( 'NONE',  ( 0.3750000000000000000, 0.4216517186829673025, -0.6250000000000000000 ) ) ;
#3889 = ORIENTED_EDGE ( 'NONE', *, *, #267, .T. ) ;
#3890 = ORIENTED_EDGE ( 'NONE', *, *, #3671, .F. ) ;
#3891 = ADVANCED_FACE ( 'NONE', ( #1722 ), #2731, .T. ) ;
#3892 = VERTEX_POINT ( 'NONE', #127 ) ;
#3893 = CARTESIAN_POINT ( 'NONE',  ( 0.9000000000000047962, 0.000000000000000000, 0.3749999999999885092 ) ) ;
#3894 = DIRECTION ( 'NONE',  ( -0.000000000000000000, 1.000000000000000000, -0.000000000000000000 ) ) ;
#3895 = EDGE_CURVE ( 'NONE', #2838, #3423, #1663, .T. ) ;
#3896 = ORIENTED_EDGE ( 'NONE', *, *, #365, .F. ) ;
#3897 = ORIENTED_EDGE ( 'NONE', *, *, #2441, .F. ) ;
#3898 = CARTESIAN_POINT ( 'NONE',  ( -0.7499999999999997780, 0.6999999999999999556, -0.8500000000000000888 ) ) ;
#3899 = EDGE_CURVE ( 'NONE', #1165, #1696, #3134, .T. ) ;
#3900 = ORIENTED_EDGE ( 'NONE', *, *, #3874, .F. ) ;
#3901 = LINE ( 'NONE', #867, #2518 ) ;
#3902 = DIRECTION ( 'NONE',  ( 0.000000000000000000, 0.000000000000000000, 1.000000000000000000 ) ) ;
#3903 = ORIENTED_EDGE ( 'NONE', *, *, #3146, .T. ) ;
#3904 = ORIENTED_EDGE ( 'NONE', *, *, #3985, .F. ) ;
#3905 = ORIENTED_EDGE ( 'NONE', *, *, #1518, .F. ) ;
#3906 = ORIENTED_EDGE ( 'NONE', *, *, #976, .T. ) ;
#3907 = COLOUR_RGB ( '',1.000000000000000000, 1.000000000000000000, 1.000000000000000000 ) ;
#3908 = VERTEX_POINT ( 'NONE', #2375 ) ;
#3909 = CARTESIAN_POINT ( 'NONE',  ( 0.6250000000000000000, 0.05000000000000002359, 0.9000000000000000222 ) ) ;
#3910 = EDGE_LOOP ( 'NONE', ( #3934, #3191, #1224, #3327 ) ) ;
#3911 = ORIENTED_EDGE ( 'NONE', *, *, #3470, .T. ) ;
#3912 = ORIENTED_EDGE ( 'NONE', *, *, #1826, .T. ) ;
#3913 = DIRECTION ( 'NONE',  ( -1.000000000000000000, -0.000000000000000000, 0.000000000000000000 ) ) ;
#3914 = FACE_OUTER_BOUND ( 'NONE', #3230, .T. ) ;
#3915 = DIRECTION ( 'NONE',  ( -0.000000000000000000, -1.000000000000000000, -0.000000000000000000 ) ) ;
#3916 = EDGE_LOOP ( 'NONE', ( #2728, #2213, #187, #2889 ) ) ;
#3917 = DIRECTION ( 'NONE',  ( 0.000000000000000000, -0.000000000000000000, 1.000000000000000000 ) ) ;
#3918 = ADVANCED_FACE ( 'NONE', ( #3038 ), #1741, .T. ) ;
#3919 = ORIENTED_EDGE ( 'NONE', *, *, #2214, .F. ) ;
#3920 = AXIS2_PLACEMENT_3D ( 'NONE', #558, #296, #1156 ) ;
#3921 = FACE_OUTER_BOUND ( 'NONE', #2283, .T. ) ;
#3922 = VERTEX_POINT ( 'NONE', #2992 ) ;
#3923 = DIRECTION ( 'NONE',  ( 0.000000000000000000, -0.000000000000000000, 1.000000000000000000 ) ) ;
#3924 = PLANE ( 'NONE',  #3836 ) ;
#3925 = ORIENTED_EDGE ( 'NONE', *, *, #1871, .T. ) ;
#3926 = SURFACE_SIDE_STYLE ('',( #513 ) ) ;
#3927 = ORIENTED_EDGE ( 'NONE', *, *, #690, .T. ) ;
#3928 = EDGE_LOOP ( 'NONE', ( #3940, #790, #2, #1223 ) ) ;
#3929 = ADVANCED_FACE ( 'NONE', ( #1625 ), #522, .F. ) ;
#3931 = AXIS2_PLACEMENT_3D ( 'NONE', #3082, #1554, #3367 ) ;
#3930 = DIRECTION ( 'NONE',  ( 0.000000000000000000, 0.000000000000000000, 1.000000000000000000 ) ) ;
#3932 = ORIENTED_EDGE ( 'NONE', *, *, #298, .T. ) ;
#3933 = CARTESIAN_POINT ( 'NONE',  ( -0.1250000000000000000, 0.05000000000000000278, 0.6250000000000034417 ) ) ;
#3934 = ORIENTED_EDGE ( 'NONE', *, *, #3114, .F. ) ;
#3935 = ORIENTED_EDGE ( 'NONE', *, *, #2658, .F. ) ;
#3936 = VECTOR ( 'NONE', #3763, 1000.000000000000000 ) ;
#3937 = DIRECTION ( 'NONE',  ( -1.000000000000000000, -0.000000000000000000, -0.000000000000000000 ) ) ;
#3938 = VERTEX_POINT ( 'NONE', #1106 ) ;
#3939 = DIRECTION ( 'NONE',  ( 0.000000000000000000, 0.000000000000000000, -1.000000000000000000 ) ) ;
#3940 = ORIENTED_EDGE ( 'NONE', *, *, #3526, .F. ) ;
#3941 = DIRECTION ( 'NONE',  ( 0.000000000000000000, 0.000000000000000000, -1.000000000000000000 ) ) ;
#3942 = EDGE_LOOP ( 'NONE', ( #2320, #166 ) ) ;
#3943 = EDGE_CURVE ( 'NONE', #2846, #2677, #394, .T. ) ;
#3944 = CARTESIAN_POINT ( 'NONE',  ( -0.8999999999999999112, 0.000000000000000000, 0.1249999999999974049 ) ) ;
#3945 = EDGE_CURVE ( 'NONE', #1967, #1192, #1648, .T. ) ;
#3946 = PLANE ( 'NONE',  #2275 ) ;
#3947 = PLANE ( 'NONE',  #1151 ) ;
#3948 = EDGE_LOOP ( 'NONE', ( #1130, #1949, #138, #2471 ) ) ;
#3949 = PRESENTATION_STYLE_ASSIGNMENT (( #2112 ) ) ;
#3950 = AXIS2_PLACEMENT_3D ( 'NONE', #2136, #2876, #2160 ) ;
#3951 = AXIS2_PLACEMENT_3D ( 'NONE', #384, #1229, #1457 ) ;
#3952 = VECTOR ( 'NONE', #614, 1000.000000000000000 ) ;
#3953 = EDGE_CURVE ( 'NONE', #779, #955, #337, .T. ) ;
#3954 = LINE ( 'NONE', #2264, #3993 ) ;
#3955 = DIRECTION ( 'NONE',  ( 0.000000000000000000, -1.000000000000000000, 0.000000000000000000 ) ) ;
#3956 = EDGE_CURVE ( 'NONE', #410, #41, #2985, .T. ) ;
#3957 = CARTESIAN_POINT ( 'NONE',  ( -0.9999999999999997780, 0.1400000000000000411, -0.9999999999999997780 ) ) ;
#3958 = CARTESIAN_POINT ( 'NONE',  ( 0.3750000000000000000, 0.000000000000000000, -0.6250000000000000000 ) ) ;
#3959 = ADVANCED_FACE ( 'NONE', ( #279 ), #2404, .F. ) ;
#3960 = CLOSED_SHELL ( 'NONE', ( #3011, #3414, #2450, #2932, #217, #3667 ) ) ;
#3961 = ORIENTED_EDGE ( 'NONE', *, *, #3399, .T. ) ;
#3962 = FACE_OUTER_BOUND ( 'NONE', #2427, .T. ) ;
#3963 = VECTOR ( 'NONE', #1909, 1000.000000000000000 ) ;
#3964 = DIRECTION ( 'NONE',  ( -0.000000000000000000, -1.000000000000000000, -0.000000000000000000 ) ) ;
#3965 = VERTEX_POINT ( 'NONE', #2140 ) ;
#3966 = ADVANCED_FACE ( 'NONE', ( #3055 ), #1913, .F. ) ;
#3967 = LINE ( 'NONE', #2462, #3884 ) ;
#3968 = CARTESIAN_POINT ( 'NONE',  ( -0.6250000000000000000, 0.05000000000000002359, -0.6249999999999931166 ) ) ;
#3969 = LINE ( 'NONE', #675, #1483 ) ;
#3970 = SURFACE_SIDE_STYLE ('',( #2617 ) ) ;
#3971 = VERTEX_POINT ( 'NONE', #391 ) ;
#3972 = ORIENTED_EDGE ( 'NONE', *, *, #2212, .T. ) ;
#3973 = DIRECTION ( 'NONE',  ( 0.000000000000000000, 1.000000000000000000, 0.000000000000000000 ) ) ;
#3974 = LINE ( 'NONE', #2811, #2659 ) ;
#3975 = LINE ( 'NONE', #2556, #1337 ) ;
#3976 = MECHANICAL_DESIGN_GEOMETRIC_PRESENTATION_REPRESENTATION (  '', ( #3250 ), #2297 ) ;
#3977 = DIRECTION ( 'NONE',  ( 0.000000000000000000, 0.000000000000000000, 1.000000000000000000 ) ) ;
#3978 = ORIENTED_EDGE ( 'NONE', *, *, #3874, .T. ) ;
#3979 = DIRECTION ( 'NONE',  ( 1.000000000000000000, 0.000000000000000000, 0.000000000000000000 ) ) ;
#3980 = ORIENTED_EDGE ( 'NONE', *, *, #3137, .F. ) ;
#3981 = VECTOR ( 'NONE', #1594, 1000.000000000000000 ) ;
#3982 = CARTESIAN_POINT ( 'NONE',  ( 0.9999999999999997780, 0.1400000000000000411, -0.9999999999999997780 ) ) ;
#3983 = CARTESIAN_POINT ( 'NONE',  ( -0.3750000000000000000, 0.05000000000000000278, -0.6249999999999931166 ) ) ;
#3984 = SURFACE_STYLE_USAGE ( .BOTH. , #526 ) ;
#3985 = EDGE_CURVE ( 'NONE', #2130, #41, #3075, .T. ) ;
#3986 = PRESENTATION_LAYER_ASSIGNMENT (  '', '', ( #1640 ) ) ;
#3987 = PRODUCT ( 'LPS22HHTR', 'LPS22HHTR', '', ( #2881 ) ) ;
#3988 = ORIENTED_EDGE ( 'NONE', *, *, #3671, .T. ) ;
#3989 = ORIENTED_EDGE ( 'NONE', *, *, #2962, .F. ) ;
#3990 = EDGE_CURVE ( 'NONE', #2984, #1667, #273, .T. ) ;
#3991 = LINE ( 'NONE', #2055, #2793 ) ;
#3992 = PLANE ( 'NONE',  #2516 ) ;
#3993 = VECTOR ( 'NONE', #459, 1000.000000000000000 ) ;
ENDSEC;
END-ISO-10303-21;
