ISO-10303-21;
HEADER;
FILE_DESCRIPTION(('STEP AP203'),'1');
FILE_NAME('swt0210-045026gsa.stp','2025-05-13T13:34:24',('TraceParts'),('TraceParts S.A.'),'Spatial InterOp 3D',' ',' ');
FILE_SCHEMA(('CONFIG_CONTROL_DESIGN'));
ENDSEC;
DATA;
#1=DESIGN_CONTEXT('',#27,'design');
#2=APPLICATION_PROTOCOL_DEFINITION('INTERNATIONAL STANDARD','config_control_design',1994,#27);
#3=PRODUCT_CATEGORY_RELATIONSHIP('NONE','NONE',#28,#29);
#4=DATE_AND_TIME(#30,#31);
#5=DATE_TIME_ROLE('creation_date');
#6=DATE_TIME_ROLE('classification_date');
#7=PERSON_AND_ORGANIZATION_ROLE('creator');
#8=PERSON_AND_ORGANIZATION_ROLE('design_supplier');
#9=PERSON_AND_ORGANIZATION_ROLE('classification_officer');
#10=PERSON_AND_ORGANIZATION_ROLE('design_owner');
#11=APPROVAL_PERSON_ORGANIZATION(#32,#33,#34);
#12=APPROVAL_DATE_TIME(#4,#33);
#13=CC_DESIGN_APPROVAL(#33,(#35,#36,#37));
#14=CC_DESIGN_DATE_AND_TIME_ASSIGNMENT(#4,#5,(#37));
#15=CC_DESIGN_DATE_AND_TIME_ASSIGNMENT(#4,#6,(#35));
#16=CC_DESIGN_PERSON_AND_ORGANIZATION_ASSIGNMENT(#32,#10,(#38));
#17=CC_DESIGN_PERSON_AND_ORGANIZATION_ASSIGNMENT(#32,#7,(#37));
#18=CC_DESIGN_PERSON_AND_ORGANIZATION_ASSIGNMENT(#32,#7,(#36));
#19=CC_DESIGN_PERSON_AND_ORGANIZATION_ASSIGNMENT(#32,#8,(#36));
#20=CC_DESIGN_SECURITY_CLASSIFICATION(#35,(#36));
#21=CC_DESIGN_PERSON_AND_ORGANIZATION_ASSIGNMENT(#32,#9,(#35));
#22=SHAPE_DEFINITION_REPRESENTATION(#39,#40);
#23= (GEOMETRIC_REPRESENTATION_CONTEXT(3)GLOBAL_UNCERTAINTY_ASSIGNED_CONTEXT((#43))GLOBAL_UNIT_ASSIGNED_CONTEXT((#45,#46,#47))REPRESENTATION_CONTEXT('NONE','WORKSPACE'));
#27=APPLICATION_CONTEXT('CONFIGURATION CONTROLLED 3D DESIGNS OF MECHANICAL PARTS AND ASSEMBLIES');
#28=PRODUCT_CATEGORY('part','NONE');
#29=PRODUCT_RELATED_PRODUCT_CATEGORY('detail',' ',(#38));
#30=CALENDAR_DATE(2025,13,4);
#31=LOCAL_TIME(15,34,24.0,#49);
#32=PERSON_AND_ORGANIZATION(#50,#51);
#33=APPROVAL(#52,'SOLID MODEL');
#34=APPROVAL_ROLE('APPROVED');
#35=SECURITY_CLASSIFICATION('','',#53);
#36=PRODUCT_DEFINITION_FORMATION_WITH_SPECIFIED_SOURCE(' ','NONE',#38,.NOT_KNOWN.);
#37=PRODUCT_DEFINITION('','NONE',#36,#1);
#38=PRODUCT('1','','PART--DESC',(#54));
#39=PRODUCT_DEFINITION_SHAPE('NONE','NONE',#37);
#40=ADVANCED_BREP_SHAPE_REPRESENTATION('1',(#55,#56),#23);
#43=UNCERTAINTY_MEASURE_WITH_UNIT(LENGTH_MEASURE(1.0E-06),#45,'','');
#45= (CONVERSION_BASED_UNIT('MILLIMETRE',#59)LENGTH_UNIT()NAMED_UNIT(#62));
#46= (NAMED_UNIT(#64)PLANE_ANGLE_UNIT()SI_UNIT($,.RADIAN.));
#47= (NAMED_UNIT(#64)SOLID_ANGLE_UNIT()SI_UNIT($,.STERADIAN.));
#49=COORDINATED_UNIVERSAL_TIME_OFFSET(1,0,.AHEAD.);
#50=PERSON('','UNSPECIFIED',$,$,$,$);
#51=ORGANIZATION('UNSPECIFIED','UNSPECIFIED','UNSPECIFIED');
#52=APPROVAL_STATUS('approved');
#53=SECURITY_CLASSIFICATION_LEVEL('unclassified');
#54=MECHANICAL_CONTEXT('',#27,'mechanical');
#55=MANIFOLD_SOLID_BREP('1',#70);
#56=AXIS2_PLACEMENT_3D('',#71,#72,#73);
#59=LENGTH_MEASURE_WITH_UNIT(LENGTH_MEASURE(1.0),#74);
#62=DIMENSIONAL_EXPONENTS(1.0,0.0,0.0,0.0,0.0,0.0,0.0);
#64=DIMENSIONAL_EXPONENTS(0.0,0.0,0.0,0.0,0.0,0.0,0.0);
#70=CLOSED_SHELL('',(#75,#76,#77,#78,#79,#80,#81,#82,#83,#84,#85,#86,#87,#88,#89,#90,#91,#92,#93,#94,#95,#96,#97,#98,#99,#100,#101,#102,#103,#104,#105,#106,#107,#108,#109,#110,#111,#112,#113,#114,#115,#116,#117,#118,#119,#120,#121,#122,#123,#124,#125,#126,#127,#128,#129,#130,#131,#132,#133,#134,#135,#136,#137,#138,#139,#140,#141,#142,#143,#144,#145,#146,#147,#148,#149,#150,#151,#152,#153,#154,#155,#156,#157,#158,#159,#160,#161,#162,#163,#164,#165,#166,#167,#168,#169,#170,#171,#172,#173,#174,#175,#176,#177,#178,#179,#180,#181,#182,#183,#184,#185));
#71=CARTESIAN_POINT('',(0.0,0.0,0.0));
#72=DIRECTION('',(0.0,0.0,1.0));
#73=DIRECTION('',(1.0,0.0,0.0));
#74= (NAMED_UNIT(#62)LENGTH_UNIT()SI_UNIT(.MILLI.,.METRE.));
#75=ADVANCED_FACE('',(#187),#188,.T.);
#76=ADVANCED_FACE('',(#189),#190,.F.);
#77=ADVANCED_FACE('',(#191),#192,.T.);
#78=ADVANCED_FACE('',(#193),#194,.T.);
#79=ADVANCED_FACE('',(#195),#196,.T.);
#80=ADVANCED_FACE('',(#197),#198,.T.);
#81=ADVANCED_FACE('',(#199),#200,.T.);
#82=ADVANCED_FACE('',(#201),#202,.T.);
#83=ADVANCED_FACE('',(#203),#204,.T.);
#84=ADVANCED_FACE('',(#205),#206,.T.);
#85=ADVANCED_FACE('',(#207),#208,.T.);
#86=ADVANCED_FACE('',(#209),#210,.F.);
#87=ADVANCED_FACE('',(#211),#212,.F.);
#88=ADVANCED_FACE('',(#213),#214,.F.);
#89=ADVANCED_FACE('',(#215),#216,.F.);
#90=ADVANCED_FACE('',(#217),#218,.T.);
#91=ADVANCED_FACE('',(#219),#220,.T.);
#92=ADVANCED_FACE('',(#221),#222,.F.);
#93=ADVANCED_FACE('',(#223),#224,.F.);
#94=ADVANCED_FACE('',(#225),#226,.F.);
#95=ADVANCED_FACE('',(#227),#228,.F.);
#96=ADVANCED_FACE('',(#229),#230,.F.);
#97=ADVANCED_FACE('',(#231),#232,.F.);
#98=ADVANCED_FACE('',(#233),#234,.T.);
#99=ADVANCED_FACE('',(#235),#236,.F.);
#100=ADVANCED_FACE('',(#237),#238,.T.);
#101=ADVANCED_FACE('',(#239),#240,.F.);
#102=ADVANCED_FACE('',(#241),#242,.F.);
#103=ADVANCED_FACE('',(#243),#244,.F.);
#104=ADVANCED_FACE('',(#245),#246,.T.);
#105=ADVANCED_FACE('',(#247),#248,.T.);
#106=ADVANCED_FACE('',(#249),#250,.T.);
#107=ADVANCED_FACE('',(#251),#252,.T.);
#108=ADVANCED_FACE('',(#253),#254,.T.);
#109=ADVANCED_FACE('',(#255),#256,.F.);
#110=ADVANCED_FACE('',(#257),#258,.F.);
#111=ADVANCED_FACE('',(#259),#260,.T.);
#112=ADVANCED_FACE('',(#261),#262,.T.);
#113=ADVANCED_FACE('',(#263),#264,.T.);
#114=ADVANCED_FACE('',(#265),#266,.T.);
#115=ADVANCED_FACE('',(#267),#268,.T.);
#116=ADVANCED_FACE('',(#269),#270,.F.);
#117=ADVANCED_FACE('',(#271),#272,.F.);
#118=ADVANCED_FACE('',(#273),#274,.F.);
#119=ADVANCED_FACE('',(#275),#276,.F.);
#120=ADVANCED_FACE('',(#277),#278,.T.);
#121=ADVANCED_FACE('',(#279),#280,.F.);
#122=ADVANCED_FACE('',(#281),#282,.T.);
#123=ADVANCED_FACE('',(#283),#284,.T.);
#124=ADVANCED_FACE('',(#285),#286,.F.);
#125=ADVANCED_FACE('',(#287),#288,.F.);
#126=ADVANCED_FACE('',(#289),#290,.F.);
#127=ADVANCED_FACE('',(#291),#292,.T.);
#128=ADVANCED_FACE('',(#293),#294,.F.);
#129=ADVANCED_FACE('',(#295),#296,.T.);
#130=ADVANCED_FACE('',(#297),#298,.T.);
#131=ADVANCED_FACE('',(#299),#300,.F.);
#132=ADVANCED_FACE('',(#301),#302,.F.);
#133=ADVANCED_FACE('',(#303),#304,.F.);
#134=ADVANCED_FACE('',(#305),#306,.F.);
#135=ADVANCED_FACE('',(#307),#308,.T.);
#136=ADVANCED_FACE('',(#309),#310,.T.);
#137=ADVANCED_FACE('',(#311),#312,.F.);
#138=ADVANCED_FACE('',(#313),#314,.T.);
#139=ADVANCED_FACE('',(#315),#316,.T.);
#140=ADVANCED_FACE('',(#317),#318,.T.);
#141=ADVANCED_FACE('',(#319),#320,.T.);
#142=ADVANCED_FACE('',(#321),#322,.T.);
#143=ADVANCED_FACE('',(#323),#324,.T.);
#144=ADVANCED_FACE('',(#325),#326,.T.);
#145=ADVANCED_FACE('',(#327),#328,.T.);
#146=ADVANCED_FACE('',(#329),#330,.T.);
#147=ADVANCED_FACE('',(#331),#332,.T.);
#148=ADVANCED_FACE('',(#333),#334,.T.);
#149=ADVANCED_FACE('',(#335),#336,.T.);
#150=ADVANCED_FACE('',(#337),#338,.T.);
#151=ADVANCED_FACE('',(#339),#340,.T.);
#152=ADVANCED_FACE('',(#341),#342,.T.);
#153=ADVANCED_FACE('',(#343),#344,.T.);
#154=ADVANCED_FACE('',(#345),#346,.T.);
#155=ADVANCED_FACE('',(#347),#348,.T.);
#156=ADVANCED_FACE('',(#349),#350,.F.);
#157=ADVANCED_FACE('',(#351),#352,.F.);
#158=ADVANCED_FACE('',(#353,#354,#355),#356,.F.);
#159=ADVANCED_FACE('',(#357,#358,#359),#360,.F.);
#160=ADVANCED_FACE('',(#361),#362,.F.);
#161=ADVANCED_FACE('',(#363),#364,.T.);
#162=ADVANCED_FACE('',(#365,#366),#367,.T.);
#163=ADVANCED_FACE('',(#368),#369,.T.);
#164=ADVANCED_FACE('',(#370),#371,.F.);
#165=ADVANCED_FACE('',(#372),#373,.T.);
#166=ADVANCED_FACE('',(#374),#375,.F.);
#167=ADVANCED_FACE('',(#376),#377,.F.);
#168=ADVANCED_FACE('',(#378,#379,#380,#381,#382,#383),#384,.T.);
#169=ADVANCED_FACE('',(#385),#386,.T.);
#170=ADVANCED_FACE('',(#387),#388,.T.);
#171=ADVANCED_FACE('',(#389),#390,.T.);
#172=ADVANCED_FACE('',(#391),#392,.T.);
#173=ADVANCED_FACE('',(#393),#394,.T.);
#174=ADVANCED_FACE('',(#395),#396,.T.);
#175=ADVANCED_FACE('',(#397),#398,.T.);
#176=ADVANCED_FACE('',(#399),#400,.T.);
#177=ADVANCED_FACE('',(#401),#402,.T.);
#178=ADVANCED_FACE('',(#403),#404,.T.);
#179=ADVANCED_FACE('',(#405),#406,.T.);
#180=ADVANCED_FACE('',(#407),#408,.T.);
#181=ADVANCED_FACE('',(#409),#410,.T.);
#182=ADVANCED_FACE('',(#411,#412),#413,.T.);
#183=ADVANCED_FACE('',(#414),#415,.F.);
#184=ADVANCED_FACE('',(#416),#417,.T.);
#185=ADVANCED_FACE('',(#418),#419,.T.);
#187=FACE_OUTER_BOUND('',#420,.T.);
#188=TOROIDAL_SURFACE('',#421,0.300000000000003,0.2);
#189=FACE_OUTER_BOUND('',#422,.T.);
#190=CYLINDRICAL_SURFACE('',#423,1.3);
#191=FACE_OUTER_BOUND('',#424,.T.);
#192=CYLINDRICAL_SURFACE('',#425,1.25);
#193=FACE_OUTER_BOUND('',#426,.T.);
#194=TOROIDAL_SURFACE('',#427,1.15,0.1);
#195=FACE_OUTER_BOUND('',#428,.T.);
#196=TOROIDAL_SURFACE('',#429,0.300000000000003,0.199999999999999);
#197=FACE_OUTER_BOUND('',#430,.T.);
#198=TOROIDAL_SURFACE('',#431,0.300000000000003,0.199999999999999);
#199=FACE_OUTER_BOUND('',#432,.T.);
#200=TOROIDAL_SURFACE('',#433,0.300000000000003,0.2);
#201=FACE_OUTER_BOUND('',#434,.T.);
#202=CYLINDRICAL_SURFACE('',#435,0.5);
#203=FACE_OUTER_BOUND('',#436,.T.);
#204=CYLINDRICAL_SURFACE('',#437,0.5);
#205=FACE_OUTER_BOUND('',#438,.T.);
#206=CYLINDRICAL_SURFACE('',#439,0.5);
#207=FACE_OUTER_BOUND('',#440,.T.);
#208=CYLINDRICAL_SURFACE('',#441,0.5);
#209=FACE_OUTER_BOUND('',#442,.T.);
#210=PLANE('',#443);
#211=FACE_OUTER_BOUND('',#444,.T.);
#212=PLANE('',#445);
#213=FACE_OUTER_BOUND('',#446,.T.);
#214=PLANE('',#447);
#215=FACE_OUTER_BOUND('',#448,.T.);
#216=PLANE('',#449);
#217=FACE_OUTER_BOUND('',#450,.T.);
#218=PLANE('',#451);
#219=FACE_OUTER_BOUND('',#452,.T.);
#220=PLANE('',#453);
#221=FACE_OUTER_BOUND('',#454,.T.);
#222=PLANE('',#455);
#223=FACE_OUTER_BOUND('',#456,.T.);
#224=PLANE('',#457);
#225=FACE_OUTER_BOUND('',#458,.T.);
#226=PLANE('',#459);
#227=FACE_OUTER_BOUND('',#460,.T.);
#228=PLANE('',#461);
#229=FACE_OUTER_BOUND('',#462,.T.);
#230=PLANE('',#463);
#231=FACE_OUTER_BOUND('',#464,.T.);
#232=PLANE('',#465);
#233=FACE_OUTER_BOUND('',#466,.T.);
#234=PLANE('',#467);
#235=FACE_OUTER_BOUND('',#468,.T.);
#236=PLANE('',#469);
#237=FACE_OUTER_BOUND('',#470,.T.);
#238=PLANE('',#471);
#239=FACE_OUTER_BOUND('',#472,.T.);
#240=PLANE('',#473);
#241=FACE_OUTER_BOUND('',#474,.T.);
#242=PLANE('',#475);
#243=FACE_OUTER_BOUND('',#476,.T.);
#244=PLANE('',#477);
#245=FACE_OUTER_BOUND('',#478,.T.);
#246=PLANE('',#479);
#247=FACE_OUTER_BOUND('',#480,.T.);
#248=CYLINDRICAL_SURFACE('',#481,0.3);
#249=FACE_OUTER_BOUND('',#482,.T.);
#250=PLANE('',#483);
#251=FACE_OUTER_BOUND('',#484,.T.);
#252=CYLINDRICAL_SURFACE('',#485,0.3);
#253=FACE_OUTER_BOUND('',#486,.T.);
#254=PLANE('',#487);
#255=FACE_OUTER_BOUND('',#488,.T.);
#256=PLANE('',#489);
#257=FACE_OUTER_BOUND('',#490,.T.);
#258=PLANE('',#491);
#259=FACE_OUTER_BOUND('',#492,.T.);
#260=PLANE('',#493);
#261=FACE_OUTER_BOUND('',#494,.T.);
#262=CYLINDRICAL_SURFACE('',#495,0.3);
#263=FACE_OUTER_BOUND('',#496,.T.);
#264=PLANE('',#497);
#265=FACE_OUTER_BOUND('',#498,.T.);
#266=CYLINDRICAL_SURFACE('',#499,0.3);
#267=FACE_OUTER_BOUND('',#500,.T.);
#268=PLANE('',#501);
#269=FACE_OUTER_BOUND('',#502,.T.);
#270=PLANE('',#503);
#271=FACE_OUTER_BOUND('',#504,.T.);
#272=PLANE('',#505);
#273=FACE_OUTER_BOUND('',#506,.T.);
#274=PLANE('',#507);
#275=FACE_OUTER_BOUND('',#508,.T.);
#276=PLANE('',#509);
#277=FACE_OUTER_BOUND('',#510,.T.);
#278=CYLINDRICAL_SURFACE('',#511,0.3);
#279=FACE_OUTER_BOUND('',#512,.T.);
#280=PLANE('',#513);
#281=FACE_OUTER_BOUND('',#514,.T.);
#282=CYLINDRICAL_SURFACE('',#515,0.3);
#283=FACE_OUTER_BOUND('',#516,.T.);
#284=PLANE('',#517);
#285=FACE_OUTER_BOUND('',#518,.T.);
#286=PLANE('',#519);
#287=FACE_OUTER_BOUND('',#520,.T.);
#288=PLANE('',#521);
#289=FACE_OUTER_BOUND('',#522,.T.);
#290=PLANE('',#523);
#291=FACE_OUTER_BOUND('',#524,.T.);
#292=CYLINDRICAL_SURFACE('',#525,0.3);
#293=FACE_OUTER_BOUND('',#526,.T.);
#294=PLANE('',#527);
#295=FACE_OUTER_BOUND('',#528,.T.);
#296=CYLINDRICAL_SURFACE('',#529,0.3);
#297=FACE_OUTER_BOUND('',#530,.T.);
#298=PLANE('',#531);
#299=FACE_OUTER_BOUND('',#532,.T.);
#300=PLANE('',#533);
#301=FACE_OUTER_BOUND('',#534,.T.);
#302=PLANE('',#535);
#303=FACE_OUTER_BOUND('',#536,.T.);
#304=PLANE('',#537);
#305=FACE_OUTER_BOUND('',#538,.T.);
#306=PLANE('',#539);
#307=FACE_OUTER_BOUND('',#540,.T.);
#308=PLANE('',#541);
#309=FACE_OUTER_BOUND('',#542,.T.);
#310=CYLINDRICAL_SURFACE('',#543,0.0999999999999998);
#311=FACE_OUTER_BOUND('',#544,.T.);
#312=PLANE('',#545);
#313=FACE_OUTER_BOUND('',#546,.T.);
#314=PLANE('',#547);
#315=FACE_OUTER_BOUND('',#548,.T.);
#316=PLANE('',#549);
#317=FACE_OUTER_BOUND('',#550,.T.);
#318=PLANE('',#551);
#319=FACE_OUTER_BOUND('',#552,.T.);
#320=PLANE('',#553);
#321=FACE_OUTER_BOUND('',#554,.T.);
#322=PLANE('',#555);
#323=FACE_OUTER_BOUND('',#556,.T.);
#324=PLANE('',#557);
#325=FACE_OUTER_BOUND('',#558,.T.);
#326=PLANE('',#559);
#327=FACE_OUTER_BOUND('',#560,.T.);
#328=PLANE('',#561);
#329=FACE_OUTER_BOUND('',#562,.T.);
#330=CYLINDRICAL_SURFACE('',#563,0.0999999999999998);
#331=FACE_OUTER_BOUND('',#564,.T.);
#332=PLANE('',#565);
#333=FACE_OUTER_BOUND('',#566,.T.);
#334=PLANE('',#567);
#335=FACE_OUTER_BOUND('',#568,.T.);
#336=PLANE('',#569);
#337=FACE_OUTER_BOUND('',#570,.T.);
#338=PLANE('',#571);
#339=FACE_OUTER_BOUND('',#572,.T.);
#340=PLANE('',#573);
#341=FACE_OUTER_BOUND('',#574,.T.);
#342=PLANE('',#575);
#343=FACE_OUTER_BOUND('',#576,.T.);
#344=PLANE('',#577);
#345=FACE_OUTER_BOUND('',#578,.T.);
#346=PLANE('',#579);
#347=FACE_OUTER_BOUND('',#580,.T.);
#348=PLANE('',#581);
#349=FACE_OUTER_BOUND('',#582,.T.);
#350=PLANE('',#583);
#351=FACE_OUTER_BOUND('',#584,.T.);
#352=PLANE('',#585);
#353=FACE_OUTER_BOUND('',#586,.T.);
#354=FACE_BOUND('',#587,.T.);
#355=FACE_BOUND('',#588,.T.);
#356=PLANE('',#589);
#357=FACE_OUTER_BOUND('',#590,.T.);
#358=FACE_BOUND('',#591,.T.);
#359=FACE_BOUND('',#592,.T.);
#360=PLANE('',#593);
#361=FACE_OUTER_BOUND('',#594,.T.);
#362=PLANE('',#595);
#363=FACE_OUTER_BOUND('',#596,.T.);
#364=CYLINDRICAL_SURFACE('',#597,0.0999999999999998);
#365=FACE_OUTER_BOUND('',#598,.T.);
#366=FACE_BOUND('',#599,.T.);
#367=PLANE('',#600);
#368=FACE_OUTER_BOUND('',#601,.T.);
#369=CYLINDRICAL_SURFACE('',#602,0.0999999999999998);
#370=FACE_OUTER_BOUND('',#603,.T.);
#371=PLANE('',#604);
#372=FACE_OUTER_BOUND('',#605,.T.);
#373=PLANE('',#606);
#374=FACE_OUTER_BOUND('',#607,.T.);
#375=PLANE('',#608);
#376=FACE_OUTER_BOUND('',#609,.T.);
#377=PLANE('',#610);
#378=FACE_OUTER_BOUND('',#611,.T.);
#379=FACE_BOUND('',#612,.T.);
#380=FACE_BOUND('',#613,.T.);
#381=FACE_BOUND('',#614,.T.);
#382=FACE_BOUND('',#615,.T.);
#383=FACE_BOUND('',#616,.T.);
#384=PLANE('',#617);
#385=FACE_OUTER_BOUND('',#618,.T.);
#386=CYLINDRICAL_SURFACE('',#619,0.5);
#387=FACE_OUTER_BOUND('',#620,.T.);
#388=CYLINDRICAL_SURFACE('',#621,0.5);
#389=FACE_OUTER_BOUND('',#622,.T.);
#390=CYLINDRICAL_SURFACE('',#623,0.5);
#391=FACE_OUTER_BOUND('',#624,.T.);
#392=CYLINDRICAL_SURFACE('',#625,0.5);
#393=FACE_OUTER_BOUND('',#626,.T.);
#394=PLANE('',#627);
#395=FACE_OUTER_BOUND('',#628,.T.);
#396=TOROIDAL_SURFACE('',#629,0.300000000000003,0.2);
#397=FACE_OUTER_BOUND('',#630,.T.);
#398=PLANE('',#631);
#399=FACE_OUTER_BOUND('',#632,.T.);
#400=TOROIDAL_SURFACE('',#633,0.300000000000003,0.199999999999999);
#401=FACE_OUTER_BOUND('',#634,.T.);
#402=PLANE('',#635);
#403=FACE_OUTER_BOUND('',#636,.T.);
#404=TOROIDAL_SURFACE('',#637,0.300000000000003,0.199999999999999);
#405=FACE_OUTER_BOUND('',#638,.T.);
#406=PLANE('',#639);
#407=FACE_OUTER_BOUND('',#640,.T.);
#408=TOROIDAL_SURFACE('',#641,1.15,0.1);
#409=FACE_OUTER_BOUND('',#642,.T.);
#410=CYLINDRICAL_SURFACE('',#643,1.25);
#411=FACE_OUTER_BOUND('',#644,.T.);
#412=FACE_BOUND('',#645,.T.);
#413=PLANE('',#646);
#414=FACE_OUTER_BOUND('',#647,.T.);
#415=CYLINDRICAL_SURFACE('',#648,1.3);
#416=FACE_OUTER_BOUND('',#649,.T.);
#417=PLANE('',#650);
#418=FACE_OUTER_BOUND('',#651,.T.);
#419=TOROIDAL_SURFACE('',#652,0.300000000000003,0.2);
#420=EDGE_LOOP('',(#653,#654,#655,#656,#657));
#421=AXIS2_PLACEMENT_3D('',#658,#659,#660);
#422=EDGE_LOOP('',(#661,#662,#663,#664));
#423=AXIS2_PLACEMENT_3D('',#665,#666,#667);
#424=EDGE_LOOP('',(#668,#669,#670,#671));
#425=AXIS2_PLACEMENT_3D('',#672,#673,#674);
#426=EDGE_LOOP('',(#675,#676,#677,#678));
#427=AXIS2_PLACEMENT_3D('',#679,#680,#681);
#428=EDGE_LOOP('',(#682,#683,#684,#685,#686));
#429=AXIS2_PLACEMENT_3D('',#687,#688,#689);
#430=EDGE_LOOP('',(#690,#691,#692,#693,#694));
#431=AXIS2_PLACEMENT_3D('',#695,#696,#697);
#432=EDGE_LOOP('',(#698,#699,#700,#701,#702));
#433=AXIS2_PLACEMENT_3D('',#703,#704,#705);
#434=EDGE_LOOP('',(#706,#707,#708,#709,#710));
#435=AXIS2_PLACEMENT_3D('',#711,#712,#713);
#436=EDGE_LOOP('',(#714,#715,#716,#717,#718));
#437=AXIS2_PLACEMENT_3D('',#719,#720,#721);
#438=EDGE_LOOP('',(#722,#723,#724,#725,#726));
#439=AXIS2_PLACEMENT_3D('',#727,#728,#729);
#440=EDGE_LOOP('',(#730,#731,#732,#733,#734));
#441=AXIS2_PLACEMENT_3D('',#735,#736,#737);
#442=EDGE_LOOP('',(#738,#739,#740,#741));
#443=AXIS2_PLACEMENT_3D('',#742,#743,#744);
#444=EDGE_LOOP('',(#745,#746,#747,#748));
#445=AXIS2_PLACEMENT_3D('',#749,#750,#751);
#446=EDGE_LOOP('',(#752,#753,#754,#755));
#447=AXIS2_PLACEMENT_3D('',#756,#757,#758);
#448=EDGE_LOOP('',(#759,#760,#761,#762));
#449=AXIS2_PLACEMENT_3D('',#763,#764,#765);
#450=EDGE_LOOP('',(#766,#767,#768,#769));
#451=AXIS2_PLACEMENT_3D('',#770,#771,#772);
#452=EDGE_LOOP('',(#773,#774,#775,#776));
#453=AXIS2_PLACEMENT_3D('',#777,#778,#779);
#454=EDGE_LOOP('',(#780,#781,#782,#783,#784,#785,#786,#787,#788,#789,#790,#791,#792,#793,#794,#795));
#455=AXIS2_PLACEMENT_3D('',#796,#797,#798);
#456=EDGE_LOOP('',(#799,#800,#801,#802));
#457=AXIS2_PLACEMENT_3D('',#803,#804,#805);
#458=EDGE_LOOP('',(#806,#807,#808,#809));
#459=AXIS2_PLACEMENT_3D('',#810,#811,#812);
#460=EDGE_LOOP('',(#813,#814,#815,#816));
#461=AXIS2_PLACEMENT_3D('',#817,#818,#819);
#462=EDGE_LOOP('',(#820,#821,#822,#823));
#463=AXIS2_PLACEMENT_3D('',#824,#825,#826);
#464=EDGE_LOOP('',(#827,#828,#829,#830,#831,#832,#833,#834,#835,#836));
#465=AXIS2_PLACEMENT_3D('',#837,#838,#839);
#466=EDGE_LOOP('',(#840,#841,#842,#843));
#467=AXIS2_PLACEMENT_3D('',#844,#845,#846);
#468=EDGE_LOOP('',(#847,#848,#849,#850));
#469=AXIS2_PLACEMENT_3D('',#851,#852,#853);
#470=EDGE_LOOP('',(#854,#855,#856,#857));
#471=AXIS2_PLACEMENT_3D('',#858,#859,#860);
#472=EDGE_LOOP('',(#861,#862,#863,#864));
#473=AXIS2_PLACEMENT_3D('',#865,#866,#867);
#474=EDGE_LOOP('',(#868,#869,#870,#871));
#475=AXIS2_PLACEMENT_3D('',#872,#873,#874);
#476=EDGE_LOOP('',(#875,#876,#877,#878));
#477=AXIS2_PLACEMENT_3D('',#879,#880,#881);
#478=EDGE_LOOP('',(#882,#883,#884,#885));
#479=AXIS2_PLACEMENT_3D('',#886,#887,#888);
#480=EDGE_LOOP('',(#889,#890,#891,#892));
#481=AXIS2_PLACEMENT_3D('',#893,#894,#895);
#482=EDGE_LOOP('',(#896,#897,#898,#899));
#483=AXIS2_PLACEMENT_3D('',#900,#901,#902);
#484=EDGE_LOOP('',(#903,#904,#905,#906));
#485=AXIS2_PLACEMENT_3D('',#907,#908,#909);
#486=EDGE_LOOP('',(#910,#911,#912,#913));
#487=AXIS2_PLACEMENT_3D('',#914,#915,#916);
#488=EDGE_LOOP('',(#917,#918,#919,#920));
#489=AXIS2_PLACEMENT_3D('',#921,#922,#923);
#490=EDGE_LOOP('',(#924,#925,#926,#927));
#491=AXIS2_PLACEMENT_3D('',#928,#929,#930);
#492=EDGE_LOOP('',(#931,#932,#933,#934));
#493=AXIS2_PLACEMENT_3D('',#935,#936,#937);
#494=EDGE_LOOP('',(#938,#939,#940,#941));
#495=AXIS2_PLACEMENT_3D('',#942,#943,#944);
#496=EDGE_LOOP('',(#945,#946,#947,#948));
#497=AXIS2_PLACEMENT_3D('',#949,#950,#951);
#498=EDGE_LOOP('',(#952,#953,#954,#955));
#499=AXIS2_PLACEMENT_3D('',#956,#957,#958);
#500=EDGE_LOOP('',(#959,#960,#961,#962));
#501=AXIS2_PLACEMENT_3D('',#963,#964,#965);
#502=EDGE_LOOP('',(#966,#967,#968,#969));
#503=AXIS2_PLACEMENT_3D('',#970,#971,#972);
#504=EDGE_LOOP('',(#973,#974,#975,#976));
#505=AXIS2_PLACEMENT_3D('',#977,#978,#979);
#506=EDGE_LOOP('',(#980,#981,#982,#983));
#507=AXIS2_PLACEMENT_3D('',#984,#985,#986);
#508=EDGE_LOOP('',(#987,#988,#989,#990));
#509=AXIS2_PLACEMENT_3D('',#991,#992,#993);
#510=EDGE_LOOP('',(#994,#995,#996,#997));
#511=AXIS2_PLACEMENT_3D('',#998,#999,#1000);
#512=EDGE_LOOP('',(#1001,#1002,#1003,#1004));
#513=AXIS2_PLACEMENT_3D('',#1005,#1006,#1007);
#514=EDGE_LOOP('',(#1008,#1009,#1010,#1011));
#515=AXIS2_PLACEMENT_3D('',#1012,#1013,#1014);
#516=EDGE_LOOP('',(#1015,#1016,#1017,#1018));
#517=AXIS2_PLACEMENT_3D('',#1019,#1020,#1021);
#518=EDGE_LOOP('',(#1022,#1023,#1024,#1025));
#519=AXIS2_PLACEMENT_3D('',#1026,#1027,#1028);
#520=EDGE_LOOP('',(#1029,#1030,#1031,#1032));
#521=AXIS2_PLACEMENT_3D('',#1033,#1034,#1035);
#522=EDGE_LOOP('',(#1036,#1037,#1038,#1039));
#523=AXIS2_PLACEMENT_3D('',#1040,#1041,#1042);
#524=EDGE_LOOP('',(#1043,#1044,#1045,#1046));
#525=AXIS2_PLACEMENT_3D('',#1047,#1048,#1049);
#526=EDGE_LOOP('',(#1050,#1051,#1052,#1053));
#527=AXIS2_PLACEMENT_3D('',#1054,#1055,#1056);
#528=EDGE_LOOP('',(#1057,#1058,#1059,#1060));
#529=AXIS2_PLACEMENT_3D('',#1061,#1062,#1063);
#530=EDGE_LOOP('',(#1064,#1065,#1066,#1067));
#531=AXIS2_PLACEMENT_3D('',#1068,#1069,#1070);
#532=EDGE_LOOP('',(#1071,#1072,#1073,#1074));
#533=AXIS2_PLACEMENT_3D('',#1075,#1076,#1077);
#534=EDGE_LOOP('',(#1078,#1079,#1080,#1081,#1082,#1083,#1084,#1085,#1086,#1087,#1088,#1089,#1090,#1091,#1092,#1093));
#535=AXIS2_PLACEMENT_3D('',#1094,#1095,#1096);
#536=EDGE_LOOP('',(#1097,#1098,#1099,#1100));
#537=AXIS2_PLACEMENT_3D('',#1101,#1102,#1103);
#538=EDGE_LOOP('',(#1104,#1105,#1106,#1107));
#539=AXIS2_PLACEMENT_3D('',#1108,#1109,#1110);
#540=EDGE_LOOP('',(#1111,#1112,#1113,#1114));
#541=AXIS2_PLACEMENT_3D('',#1115,#1116,#1117);
#542=EDGE_LOOP('',(#1118,#1119,#1120,#1121));
#543=AXIS2_PLACEMENT_3D('',#1122,#1123,#1124);
#544=EDGE_LOOP('',(#1125,#1126,#1127,#1128));
#545=AXIS2_PLACEMENT_3D('',#1129,#1130,#1131);
#546=EDGE_LOOP('',(#1132,#1133,#1134,#1135));
#547=AXIS2_PLACEMENT_3D('',#1136,#1137,#1138);
#548=EDGE_LOOP('',(#1139,#1140,#1141,#1142,#1143,#1144,#1145,#1146,#1147,#1148));
#549=AXIS2_PLACEMENT_3D('',#1149,#1150,#1151);
#550=EDGE_LOOP('',(#1152,#1153,#1154,#1155));
#551=AXIS2_PLACEMENT_3D('',#1156,#1157,#1158);
#552=EDGE_LOOP('',(#1159,#1160,#1161,#1162,#1163,#1164,#1165,#1166,#1167,#1168));
#553=AXIS2_PLACEMENT_3D('',#1169,#1170,#1171);
#554=EDGE_LOOP('',(#1172,#1173,#1174,#1175));
#555=AXIS2_PLACEMENT_3D('',#1176,#1177,#1178);
#556=EDGE_LOOP('',(#1179,#1180,#1181,#1182,#1183,#1184,#1185,#1186,#1187,#1188));
#557=AXIS2_PLACEMENT_3D('',#1189,#1190,#1191);
#558=EDGE_LOOP('',(#1192,#1193,#1194,#1195));
#559=AXIS2_PLACEMENT_3D('',#1196,#1197,#1198);
#560=EDGE_LOOP('',(#1199,#1200,#1201,#1202,#1203,#1204,#1205,#1206,#1207,#1208));
#561=AXIS2_PLACEMENT_3D('',#1209,#1210,#1211);
#562=EDGE_LOOP('',(#1212,#1213,#1214,#1215));
#563=AXIS2_PLACEMENT_3D('',#1216,#1217,#1218);
#564=EDGE_LOOP('',(#1219,#1220,#1221,#1222));
#565=AXIS2_PLACEMENT_3D('',#1223,#1224,#1225);
#566=EDGE_LOOP('',(#1226,#1227,#1228,#1229));
#567=AXIS2_PLACEMENT_3D('',#1230,#1231,#1232);
#568=EDGE_LOOP('',(#1233,#1234,#1235,#1236,#1237,#1238,#1239,#1240,#1241,#1242));
#569=AXIS2_PLACEMENT_3D('',#1243,#1244,#1245);
#570=EDGE_LOOP('',(#1246,#1247,#1248,#1249));
#571=AXIS2_PLACEMENT_3D('',#1250,#1251,#1252);
#572=EDGE_LOOP('',(#1253,#1254,#1255,#1256,#1257,#1258,#1259,#1260,#1261,#1262));
#573=AXIS2_PLACEMENT_3D('',#1263,#1264,#1265);
#574=EDGE_LOOP('',(#1266,#1267,#1268,#1269));
#575=AXIS2_PLACEMENT_3D('',#1270,#1271,#1272);
#576=EDGE_LOOP('',(#1273,#1274,#1275,#1276,#1277,#1278,#1279,#1280,#1281,#1282));
#577=AXIS2_PLACEMENT_3D('',#1283,#1284,#1285);
#578=EDGE_LOOP('',(#1286,#1287,#1288,#1289));
#579=AXIS2_PLACEMENT_3D('',#1290,#1291,#1292);
#580=EDGE_LOOP('',(#1293,#1294,#1295,#1296,#1297,#1298,#1299,#1300,#1301,#1302));
#581=AXIS2_PLACEMENT_3D('',#1303,#1304,#1305);
#582=EDGE_LOOP('',(#1306,#1307,#1308,#1309,#1310,#1311,#1312,#1313,#1314,#1315));
#583=AXIS2_PLACEMENT_3D('',#1316,#1317,#1318);
#584=EDGE_LOOP('',(#1319,#1320,#1321,#1322,#1323,#1324,#1325,#1326));
#585=AXIS2_PLACEMENT_3D('',#1327,#1328,#1329);
#586=EDGE_LOOP('',(#1330,#1331,#1332,#1333,#1334,#1335,#1336,#1337));
#587=EDGE_LOOP('',(#1338,#1339,#1340,#1341));
#588=EDGE_LOOP('',(#1342,#1343,#1344,#1345));
#589=AXIS2_PLACEMENT_3D('',#1346,#1347,#1348);
#590=EDGE_LOOP('',(#1349,#1350,#1351,#1352,#1353,#1354,#1355,#1356));
#591=EDGE_LOOP('',(#1357,#1358,#1359,#1360));
#592=EDGE_LOOP('',(#1361,#1362,#1363,#1364));
#593=AXIS2_PLACEMENT_3D('',#1365,#1366,#1367);
#594=EDGE_LOOP('',(#1368,#1369,#1370,#1371));
#595=AXIS2_PLACEMENT_3D('',#1372,#1373,#1374);
#596=EDGE_LOOP('',(#1375,#1376,#1377,#1378));
#597=AXIS2_PLACEMENT_3D('',#1379,#1380,#1381);
#598=EDGE_LOOP('',(#1382,#1383,#1384,#1385,#1386,#1387,#1388,#1389));
#599=EDGE_LOOP('',(#1390,#1391,#1392,#1393));
#600=AXIS2_PLACEMENT_3D('',#1394,#1395,#1396);
#601=EDGE_LOOP('',(#1397,#1398,#1399,#1400));
#602=AXIS2_PLACEMENT_3D('',#1401,#1402,#1403);
#603=EDGE_LOOP('',(#1404,#1405,#1406,#1407));
#604=AXIS2_PLACEMENT_3D('',#1408,#1409,#1410);
#605=EDGE_LOOP('',(#1411,#1412,#1413,#1414));
#606=AXIS2_PLACEMENT_3D('',#1415,#1416,#1417);
#607=EDGE_LOOP('',(#1418,#1419,#1420,#1421));
#608=AXIS2_PLACEMENT_3D('',#1422,#1423,#1424);
#609=EDGE_LOOP('',(#1425,#1426,#1427,#1428,#1429,#1430,#1431,#1432));
#610=AXIS2_PLACEMENT_3D('',#1433,#1434,#1435);
#611=EDGE_LOOP('',(#1436,#1437,#1438,#1439));
#612=EDGE_LOOP('',(#1440,#1441));
#613=EDGE_LOOP('',(#1442,#1443));
#614=EDGE_LOOP('',(#1444,#1445));
#615=EDGE_LOOP('',(#1446,#1447));
#616=EDGE_LOOP('',(#1448,#1449));
#617=AXIS2_PLACEMENT_3D('',#1450,#1451,#1452);
#618=EDGE_LOOP('',(#1453,#1454,#1455,#1456,#1457));
#619=AXIS2_PLACEMENT_3D('',#1458,#1459,#1460);
#620=EDGE_LOOP('',(#1461,#1462,#1463,#1464,#1465));
#621=AXIS2_PLACEMENT_3D('',#1466,#1467,#1468);
#622=EDGE_LOOP('',(#1469,#1470,#1471,#1472,#1473));
#623=AXIS2_PLACEMENT_3D('',#1474,#1475,#1476);
#624=EDGE_LOOP('',(#1477,#1478,#1479,#1480,#1481));
#625=AXIS2_PLACEMENT_3D('',#1482,#1483,#1484);
#626=EDGE_LOOP('',(#1485,#1486));
#627=AXIS2_PLACEMENT_3D('',#1487,#1488,#1489);
#628=EDGE_LOOP('',(#1490,#1491,#1492,#1493,#1494));
#629=AXIS2_PLACEMENT_3D('',#1495,#1496,#1497);
#630=EDGE_LOOP('',(#1498,#1499));
#631=AXIS2_PLACEMENT_3D('',#1500,#1501,#1502);
#632=EDGE_LOOP('',(#1503,#1504,#1505,#1506,#1507));
#633=AXIS2_PLACEMENT_3D('',#1508,#1509,#1510);
#634=EDGE_LOOP('',(#1511,#1512));
#635=AXIS2_PLACEMENT_3D('',#1513,#1514,#1515);
#636=EDGE_LOOP('',(#1516,#1517,#1518,#1519,#1520));
#637=AXIS2_PLACEMENT_3D('',#1521,#1522,#1523);
#638=EDGE_LOOP('',(#1524,#1525));
#639=AXIS2_PLACEMENT_3D('',#1526,#1527,#1528);
#640=EDGE_LOOP('',(#1529,#1530,#1531,#1532));
#641=AXIS2_PLACEMENT_3D('',#1533,#1534,#1535);
#642=EDGE_LOOP('',(#1536,#1537,#1538,#1539));
#643=AXIS2_PLACEMENT_3D('',#1540,#1541,#1542);
#644=EDGE_LOOP('',(#1543,#1544));
#645=EDGE_LOOP('',(#1545,#1546));
#646=AXIS2_PLACEMENT_3D('',#1547,#1548,#1549);
#647=EDGE_LOOP('',(#1550,#1551,#1552,#1553));
#648=AXIS2_PLACEMENT_3D('',#1554,#1555,#1556);
#649=EDGE_LOOP('',(#1557,#1558));
#650=AXIS2_PLACEMENT_3D('',#1559,#1560,#1561);
#651=EDGE_LOOP('',(#1562,#1563,#1564,#1565,#1566));
#652=AXIS2_PLACEMENT_3D('',#1567,#1568,#1569);
#653=ORIENTED_EDGE('',*,*,#1570,.T.);
#654=ORIENTED_EDGE('',*,*,#1571,.T.);
#655=ORIENTED_EDGE('',*,*,#1572,.T.);
#656=ORIENTED_EDGE('',*,*,#1573,.F.);
#657=ORIENTED_EDGE('',*,*,#1574,.T.);
#658=CARTESIAN_POINT('',(1.6,2.85,1.6));
#659=DIRECTION('',(3.65856034294906E-16,1.0,3.24777049223778E-15));
#660=DIRECTION('',(5.5511151231259E-17,3.24777049223778E-15,-1.0));
#661=ORIENTED_EDGE('',*,*,#1575,.F.);
#662=ORIENTED_EDGE('',*,*,#1576,.T.);
#663=ORIENTED_EDGE('',*,*,#1577,.T.);
#664=ORIENTED_EDGE('',*,*,#1578,.F.);
#665=CARTESIAN_POINT('',(9.87811292596266E-16,2.7,9.62724687146343E-16));
#666=DIRECTION('',(-3.65856034294913E-16,-1.0,-3.5656469894309E-16));
#667=DIRECTION('',(-1.0,3.65856034294913E-16,-5.55111512312579E-17));
#668=ORIENTED_EDGE('',*,*,#1579,.T.);
#669=ORIENTED_EDGE('',*,*,#1580,.T.);
#670=ORIENTED_EDGE('',*,*,#1581,.T.);
#671=ORIENTED_EDGE('',*,*,#1582,.F.);
#672=CARTESIAN_POINT('',(-3.0568512134349E-16,-0.835533905932737,-2.97921895625651E-16));
#673=DIRECTION('',(-3.65856034294913E-16,-1.0,-3.5656469894309E-16));
#674=DIRECTION('',(-1.0,3.65856034294913E-16,-5.55111512312579E-17));
#675=ORIENTED_EDGE('',*,*,#1581,.F.);
#676=ORIENTED_EDGE('',*,*,#1583,.T.);
#677=ORIENTED_EDGE('',*,*,#1584,.F.);
#678=ORIENTED_EDGE('',*,*,#1585,.F.);
#679=CARTESIAN_POINT('',(1.60976655089762E-15,4.4,1.5688846753496E-15));
#680=DIRECTION('',(3.65856034294913E-16,1.0,3.5656469894309E-16));
#681=DIRECTION('',(-1.0,3.65856034294913E-16,-5.55111512312579E-17));
#682=ORIENTED_EDGE('',*,*,#1586,.T.);
#683=ORIENTED_EDGE('',*,*,#1587,.T.);
#684=ORIENTED_EDGE('',*,*,#1588,.T.);
#685=ORIENTED_EDGE('',*,*,#1589,.F.);
#686=ORIENTED_EDGE('',*,*,#1590,.T.);
#687=CARTESIAN_POINT('',(-1.6,2.85,1.6));
#688=DIRECTION('',(3.65856034294909E-16,1.0,1.80216759559043E-15));
#689=DIRECTION('',(5.55111512312585E-17,1.80216759559043E-15,-1.0));
#690=ORIENTED_EDGE('',*,*,#1591,.T.);
#691=ORIENTED_EDGE('',*,*,#1592,.T.);
#692=ORIENTED_EDGE('',*,*,#1593,.T.);
#693=ORIENTED_EDGE('',*,*,#1594,.F.);
#694=ORIENTED_EDGE('',*,*,#1595,.T.);
#695=CARTESIAN_POINT('',(-1.6,2.85,-1.6));
#696=DIRECTION('',(3.65856034294913E-16,1.0,1.80216759559043E-15));
#697=DIRECTION('',(5.55111512312585E-17,1.80216759559043E-15,-1.0));
#698=ORIENTED_EDGE('',*,*,#1596,.T.);
#699=ORIENTED_EDGE('',*,*,#1597,.T.);
#700=ORIENTED_EDGE('',*,*,#1598,.T.);
#701=ORIENTED_EDGE('',*,*,#1599,.F.);
#702=ORIENTED_EDGE('',*,*,#1600,.T.);
#703=CARTESIAN_POINT('',(1.6,2.85,-1.6));
#704=DIRECTION('',(3.65856034294913E-16,1.0,3.24777049223777E-15));
#705=DIRECTION('',(5.5511151231259E-17,3.24777049223777E-15,-1.0));
#706=ORIENTED_EDGE('',*,*,#1601,.T.);
#707=ORIENTED_EDGE('',*,*,#1602,.T.);
#708=ORIENTED_EDGE('',*,*,#1603,.F.);
#709=ORIENTED_EDGE('',*,*,#1570,.F.);
#710=ORIENTED_EDGE('',*,*,#1604,.F.);
#711=CARTESIAN_POINT('',(1.6,2.8,1.6));
#712=DIRECTION('',(-3.65856034294913E-16,-1.0,-3.5656469894309E-16));
#713=DIRECTION('',(-1.0,3.65856034294913E-16,-5.55111512312579E-17));
#714=ORIENTED_EDGE('',*,*,#1605,.T.);
#715=ORIENTED_EDGE('',*,*,#1606,.T.);
#716=ORIENTED_EDGE('',*,*,#1607,.F.);
#717=ORIENTED_EDGE('',*,*,#1586,.F.);
#718=ORIENTED_EDGE('',*,*,#1608,.F.);
#719=CARTESIAN_POINT('',(-1.6,2.8,1.6));
#720=DIRECTION('',(-3.65856034294913E-16,-1.0,-3.5656469894309E-16));
#721=DIRECTION('',(-1.0,3.65856034294913E-16,-5.55111512312579E-17));
#722=ORIENTED_EDGE('',*,*,#1609,.T.);
#723=ORIENTED_EDGE('',*,*,#1610,.T.);
#724=ORIENTED_EDGE('',*,*,#1611,.F.);
#725=ORIENTED_EDGE('',*,*,#1591,.F.);
#726=ORIENTED_EDGE('',*,*,#1612,.F.);
#727=CARTESIAN_POINT('',(-1.6,2.8,-1.6));
#728=DIRECTION('',(-3.65856034294913E-16,-1.0,-3.5656469894309E-16));
#729=DIRECTION('',(-1.0,3.65856034294913E-16,-5.55111512312579E-17));
#730=ORIENTED_EDGE('',*,*,#1613,.T.);
#731=ORIENTED_EDGE('',*,*,#1614,.T.);
#732=ORIENTED_EDGE('',*,*,#1615,.F.);
#733=ORIENTED_EDGE('',*,*,#1596,.F.);
#734=ORIENTED_EDGE('',*,*,#1616,.F.);
#735=CARTESIAN_POINT('',(1.6,2.8,-1.6));
#736=DIRECTION('',(-3.65856034294913E-16,-1.0,-3.5656469894309E-16));
#737=DIRECTION('',(-1.0,3.65856034294913E-16,-5.55111512312579E-17));
#738=ORIENTED_EDGE('',*,*,#1617,.F.);
#739=ORIENTED_EDGE('',*,*,#1618,.T.);
#740=ORIENTED_EDGE('',*,*,#1619,.F.);
#741=ORIENTED_EDGE('',*,*,#1620,.T.);
#742=CARTESIAN_POINT('',(2.2,2.85,-2.2));
#743=DIRECTION('',(-5.5511151231258E-17,-3.5656469894309E-16,1.0));
#744=DIRECTION('',(-1.0,4.1498227693477E-16,-5.55111512312578E-17));
#745=ORIENTED_EDGE('',*,*,#1621,.F.);
#746=ORIENTED_EDGE('',*,*,#1622,.T.);
#747=ORIENTED_EDGE('',*,*,#1623,.F.);
#748=ORIENTED_EDGE('',*,*,#1618,.F.);
#749=CARTESIAN_POINT('',(2.2,2.85,2.2));
#750=DIRECTION('',(-1.0,4.1498227693477E-16,4.30526826310607E-17));
#751=DIRECTION('',(4.30526826310606E-17,-3.5656469894309E-16,1.0));
#752=ORIENTED_EDGE('',*,*,#1624,.F.);
#753=ORIENTED_EDGE('',*,*,#1625,.T.);
#754=ORIENTED_EDGE('',*,*,#1626,.F.);
#755=ORIENTED_EDGE('',*,*,#1622,.F.);
#756=CARTESIAN_POINT('',(2.2,2.85,2.2));
#757=DIRECTION('',(-4.30526826310606E-17,3.5656469894309E-16,-1.0));
#758=DIRECTION('',(-3.65856034294913E-16,-1.0,-3.5656469894309E-16));
#759=ORIENTED_EDGE('',*,*,#1627,.F.);
#760=ORIENTED_EDGE('',*,*,#1620,.F.);
#761=ORIENTED_EDGE('',*,*,#1628,.F.);
#762=ORIENTED_EDGE('',*,*,#1625,.F.);
#763=CARTESIAN_POINT('',(-2.2,2.85,2.2));
#764=DIRECTION('',(1.0,-4.1498227693477E-16,-4.30526826310607E-17));
#765=DIRECTION('',(4.30526826310606E-17,-3.5656469894309E-16,1.0));
#766=ORIENTED_EDGE('',*,*,#1629,.T.);
#767=ORIENTED_EDGE('',*,*,#1630,.T.);
#768=ORIENTED_EDGE('',*,*,#1631,.T.);
#769=ORIENTED_EDGE('',*,*,#1632,.T.);
#770=CARTESIAN_POINT('',(-1.85,0.100000000000001,-0.65));
#771=DIRECTION('',(-3.65856034294913E-16,-1.0,-3.5656469894309E-16));
#772=DIRECTION('',(5.5511151231258E-17,3.5656469894309E-16,-1.0));
#773=ORIENTED_EDGE('',*,*,#1633,.T.);
#774=ORIENTED_EDGE('',*,*,#1634,.T.);
#775=ORIENTED_EDGE('',*,*,#1635,.T.);
#776=ORIENTED_EDGE('',*,*,#1636,.T.);
#777=CARTESIAN_POINT('',(-1.85,0.100000000000001,-0.65));
#778=DIRECTION('',(-3.65856034294913E-16,-1.0,-3.5656469894309E-16));
#779=DIRECTION('',(5.5511151231258E-17,3.5656469894309E-16,-1.0));
#780=ORIENTED_EDGE('',*,*,#1637,.F.);
#781=ORIENTED_EDGE('',*,*,#1638,.F.);
#782=ORIENTED_EDGE('',*,*,#1639,.F.);
#783=ORIENTED_EDGE('',*,*,#1640,.F.);
#784=ORIENTED_EDGE('',*,*,#1641,.T.);
#785=ORIENTED_EDGE('',*,*,#1636,.F.);
#786=ORIENTED_EDGE('',*,*,#1642,.T.);
#787=ORIENTED_EDGE('',*,*,#1643,.F.);
#788=ORIENTED_EDGE('',*,*,#1644,.T.);
#789=ORIENTED_EDGE('',*,*,#1630,.F.);
#790=ORIENTED_EDGE('',*,*,#1645,.T.);
#791=ORIENTED_EDGE('',*,*,#1646,.F.);
#792=ORIENTED_EDGE('',*,*,#1647,.F.);
#793=ORIENTED_EDGE('',*,*,#1648,.F.);
#794=ORIENTED_EDGE('',*,*,#1649,.F.);
#795=ORIENTED_EDGE('',*,*,#1650,.T.);
#796=CARTESIAN_POINT('',(-1.85,0.100000000000001,-0.65));
#797=DIRECTION('',(5.5511151231258E-17,3.5656469894309E-16,-1.0));
#798=DIRECTION('',(-3.65856034294913E-16,-1.0,-3.5656469894309E-16));
#799=ORIENTED_EDGE('',*,*,#1651,.F.);
#800=ORIENTED_EDGE('',*,*,#1652,.F.);
#801=ORIENTED_EDGE('',*,*,#1645,.F.);
#802=ORIENTED_EDGE('',*,*,#1629,.F.);
#803=CARTESIAN_POINT('',(-1.35,0.25,0.65));
#804=DIRECTION('',(1.0,-4.1498227693477E-16,5.55111512312578E-17));
#805=DIRECTION('',(4.1498227693477E-16,1.0,3.5656469894309E-16));
#806=ORIENTED_EDGE('',*,*,#1641,.F.);
#807=ORIENTED_EDGE('',*,*,#1653,.T.);
#808=ORIENTED_EDGE('',*,*,#1654,.F.);
#809=ORIENTED_EDGE('',*,*,#1633,.F.);
#810=CARTESIAN_POINT('',(1.35,0.249999999999999,0.65));
#811=DIRECTION('',(-1.0,4.1498227693477E-16,-5.55111512312578E-17));
#812=DIRECTION('',(-5.5511151231258E-17,-3.5656469894309E-16,1.0));
#813=ORIENTED_EDGE('',*,*,#1644,.F.);
#814=ORIENTED_EDGE('',*,*,#1655,.F.);
#815=ORIENTED_EDGE('',*,*,#1656,.F.);
#816=ORIENTED_EDGE('',*,*,#1631,.F.);
#817=CARTESIAN_POINT('',(-0.75,0.15,0.65));
#818=DIRECTION('',(-1.0,4.1498227693477E-16,-1.38911318345527E-16));
#819=DIRECTION('',(1.38911318345528E-16,3.5656469894309E-16,-1.0));
#820=ORIENTED_EDGE('',*,*,#1657,.F.);
#821=ORIENTED_EDGE('',*,*,#1658,.F.);
#822=ORIENTED_EDGE('',*,*,#1642,.F.);
#823=ORIENTED_EDGE('',*,*,#1635,.F.);
#824=CARTESIAN_POINT('',(0.75,0.149999999999999,0.65));
#825=DIRECTION('',(1.0,-4.1498227693477E-16,5.55111512312578E-17));
#826=DIRECTION('',(4.1498227693477E-16,1.0,3.5656469894309E-16));
#827=ORIENTED_EDGE('',*,*,#1650,.F.);
#828=ORIENTED_EDGE('',*,*,#1659,.F.);
#829=ORIENTED_EDGE('',*,*,#1660,.F.);
#830=ORIENTED_EDGE('',*,*,#1661,.F.);
#831=ORIENTED_EDGE('',*,*,#1662,.F.);
#832=ORIENTED_EDGE('',*,*,#1663,.T.);
#833=ORIENTED_EDGE('',*,*,#1664,.F.);
#834=ORIENTED_EDGE('',*,*,#1665,.F.);
#835=ORIENTED_EDGE('',*,*,#1666,.F.);
#836=ORIENTED_EDGE('',*,*,#1667,.F.);
#837=CARTESIAN_POINT('',(2.25,-1.3143955048128E-16,-2.25));
#838=DIRECTION('',(3.65856034294913E-16,1.0,3.5656469894309E-16));
#839=DIRECTION('',(-1.0,3.65856034294913E-16,-5.55111512312579E-17));
#840=ORIENTED_EDGE('',*,*,#1652,.T.);
#841=ORIENTED_EDGE('',*,*,#1668,.T.);
#842=ORIENTED_EDGE('',*,*,#1669,.T.);
#843=ORIENTED_EDGE('',*,*,#1646,.T.);
#844=CARTESIAN_POINT('',(-1.85,0.250000000000001,-0.65));
#845=DIRECTION('',(-3.65856034294913E-16,-1.0,-3.5656469894309E-16));
#846=DIRECTION('',(5.5511151231258E-17,3.5656469894309E-16,-1.0));
#847=ORIENTED_EDGE('',*,*,#1670,.F.);
#848=ORIENTED_EDGE('',*,*,#1653,.F.);
#849=ORIENTED_EDGE('',*,*,#1640,.T.);
#850=ORIENTED_EDGE('',*,*,#1671,.T.);
#851=CARTESIAN_POINT('',(1.85,0.249999999999999,-0.65));
#852=DIRECTION('',(3.65856034294913E-16,1.0,3.5656469894309E-16));
#853=DIRECTION('',(-1.0,3.65856034294913E-16,-5.55111512312579E-17));
#854=ORIENTED_EDGE('',*,*,#1658,.T.);
#855=ORIENTED_EDGE('',*,*,#1672,.T.);
#856=ORIENTED_EDGE('',*,*,#1655,.T.);
#857=ORIENTED_EDGE('',*,*,#1643,.T.);
#858=CARTESIAN_POINT('',(-0.75,0.150000000000001,-0.65));
#859=DIRECTION('',(-3.65856034294913E-16,-1.0,-3.5656469894309E-16));
#860=DIRECTION('',(5.5511151231258E-17,3.5656469894309E-16,-1.0));
#861=ORIENTED_EDGE('',*,*,#1673,.T.);
#862=ORIENTED_EDGE('',*,*,#1674,.F.);
#863=ORIENTED_EDGE('',*,*,#1675,.T.);
#864=ORIENTED_EDGE('',*,*,#1663,.F.);
#865=CARTESIAN_POINT('',(-1.4,0.100000000000001,-1.15));
#866=DIRECTION('',(-1.32954163551651E-16,-3.5656469894309E-16,1.0));
#867=DIRECTION('',(-1.0,4.1498227693477E-16,-1.32954163551651E-16));
#868=ORIENTED_EDGE('',*,*,#1676,.T.);
#869=ORIENTED_EDGE('',*,*,#1647,.T.);
#870=ORIENTED_EDGE('',*,*,#1669,.F.);
#871=ORIENTED_EDGE('',*,*,#1677,.T.);
#872=CARTESIAN_POINT('',(-1.85,0.100000000000001,0.65));
#873=DIRECTION('',(-1.0,4.1498227693477E-16,-2.22311485459797E-16));
#874=DIRECTION('',(2.22311485459797E-16,3.5656469894309E-16,-1.0));
#875=ORIENTED_EDGE('',*,*,#1678,.F.);
#876=ORIENTED_EDGE('',*,*,#1679,.F.);
#877=ORIENTED_EDGE('',*,*,#1680,.T.);
#878=ORIENTED_EDGE('',*,*,#1681,.F.);
#879=CARTESIAN_POINT('',(-3.4,0.895194475683425,7.75));
#880=DIRECTION('',(1.0,-7.93694494563673E-16,1.51884677674414E-16));
#881=DIRECTION('',(7.93694494563673E-16,1.0,3.5656469894309E-16));
#882=ORIENTED_EDGE('',*,*,#1682,.F.);
#883=ORIENTED_EDGE('',*,*,#1683,.F.);
#884=ORIENTED_EDGE('',*,*,#1678,.T.);
#885=ORIENTED_EDGE('',*,*,#1684,.F.);
#886=CARTESIAN_POINT('',(-3.5,-0.0499999999999973,-1.85));
#887=DIRECTION('',(-3.65856034294913E-16,-1.0,-5.11450723583876E-16));
#888=DIRECTION('',(5.5511151231258E-17,5.11450723583876E-16,-1.0));
#889=ORIENTED_EDGE('',*,*,#1685,.F.);
#890=ORIENTED_EDGE('',*,*,#1682,.T.);
#891=ORIENTED_EDGE('',*,*,#1686,.F.);
#892=ORIENTED_EDGE('',*,*,#1687,.F.);
#893=CARTESIAN_POINT('',(-2.85737568702998,0.250000000000002,-1.85));
#894=DIRECTION('',(5.5511151231258E-17,3.5656469894309E-16,-1.0));
#895=DIRECTION('',(3.65856034294913E-16,1.0,3.5656469894309E-16));
#896=ORIENTED_EDGE('',*,*,#1688,.F.);
#897=ORIENTED_EDGE('',*,*,#1689,.F.);
#898=ORIENTED_EDGE('',*,*,#1690,.F.);
#899=ORIENTED_EDGE('',*,*,#1687,.T.);
#900=CARTESIAN_POINT('',(-2.6,-0.0499999999999977,-1.85));
#901=DIRECTION('',(0.988371697650618,-0.152057184253938,-2.2904106131825E-17));
#902=DIRECTION('',(0.152057184253938,0.988371697650618,3.60859326167583E-16));
#903=ORIENTED_EDGE('',*,*,#1691,.F.);
#904=ORIENTED_EDGE('',*,*,#1692,.F.);
#905=ORIENTED_EDGE('',*,*,#1693,.F.);
#906=ORIENTED_EDGE('',*,*,#1694,.F.);
#907=CARTESIAN_POINT('',(-2.54262431297002,0.600000000000001,-1.15));
#908=DIRECTION('',(-8.9578663304042E-17,3.5656469894309E-16,-1.0));
#909=DIRECTION('',(3.65856034294913E-16,1.0,3.5656469894309E-16));
#910=ORIENTED_EDGE('',*,*,#1695,.F.);
#911=ORIENTED_EDGE('',*,*,#1696,.T.);
#912=ORIENTED_EDGE('',*,*,#1697,.F.);
#913=ORIENTED_EDGE('',*,*,#1694,.T.);
#914=CARTESIAN_POINT('',(-2.8,0.899999999999988,-1.85));
#915=DIRECTION('',(-0.988371697650617,0.152057184253944,1.8985830522306E-16));
#916=DIRECTION('',(5.55111512312585E-17,1.60942054270409E-15,-1.0));
#917=ORIENTED_EDGE('',*,*,#1680,.F.);
#918=ORIENTED_EDGE('',*,*,#1698,.F.);
#919=ORIENTED_EDGE('',*,*,#1696,.F.);
#920=ORIENTED_EDGE('',*,*,#1699,.F.);
#921=CARTESIAN_POINT('',(-3.5,0.250000000000002,-1.85));
#922=DIRECTION('',(-3.65856034294913E-16,-1.0,-3.5656469894309E-16));
#923=DIRECTION('',(5.5511151231258E-17,3.5656469894309E-16,-1.0));
#924=ORIENTED_EDGE('',*,*,#1700,.F.);
#925=ORIENTED_EDGE('',*,*,#1701,.F.);
#926=ORIENTED_EDGE('',*,*,#1702,.T.);
#927=ORIENTED_EDGE('',*,*,#1703,.F.);
#928=CARTESIAN_POINT('',(-3.4,0.895194475683425,7.75));
#929=DIRECTION('',(1.0,-7.93694494563673E-16,1.51884677674414E-16));
#930=DIRECTION('',(7.93694494563673E-16,1.0,3.5656469894309E-16));
#931=ORIENTED_EDGE('',*,*,#1704,.F.);
#932=ORIENTED_EDGE('',*,*,#1705,.F.);
#933=ORIENTED_EDGE('',*,*,#1700,.T.);
#934=ORIENTED_EDGE('',*,*,#1706,.F.);
#935=CARTESIAN_POINT('',(-3.5,-0.049999999999999,1.15));
#936=DIRECTION('',(-3.65856034294913E-16,-1.0,-5.11450723583876E-16));
#937=DIRECTION('',(5.5511151231258E-17,5.11450723583876E-16,-1.0));
#938=ORIENTED_EDGE('',*,*,#1707,.F.);
#939=ORIENTED_EDGE('',*,*,#1704,.T.);
#940=ORIENTED_EDGE('',*,*,#1708,.F.);
#941=ORIENTED_EDGE('',*,*,#1709,.F.);
#942=CARTESIAN_POINT('',(-2.85737568702998,0.250000000000001,1.15));
#943=DIRECTION('',(5.5511151231258E-17,3.5656469894309E-16,-1.0));
#944=DIRECTION('',(3.65856034294913E-16,1.0,3.5656469894309E-16));
#945=ORIENTED_EDGE('',*,*,#1710,.F.);
#946=ORIENTED_EDGE('',*,*,#1711,.F.);
#947=ORIENTED_EDGE('',*,*,#1712,.F.);
#948=ORIENTED_EDGE('',*,*,#1709,.T.);
#949=CARTESIAN_POINT('',(-2.6,-0.0499999999999993,1.15));
#950=DIRECTION('',(0.988371697650618,-0.152057184253938,-2.2904106131825E-17));
#951=DIRECTION('',(0.152057184253938,0.988371697650618,3.60859326167583E-16));
#952=ORIENTED_EDGE('',*,*,#1713,.F.);
#953=ORIENTED_EDGE('',*,*,#1714,.F.);
#954=ORIENTED_EDGE('',*,*,#1715,.F.);
#955=ORIENTED_EDGE('',*,*,#1716,.F.);
#956=CARTESIAN_POINT('',(-2.54262431297002,0.6,1.85));
#957=DIRECTION('',(5.55111512312581E-17,5.11450723583876E-16,-1.0));
#958=DIRECTION('',(1.0,-4.1498227693477E-16,5.55111512312578E-17));
#959=ORIENTED_EDGE('',*,*,#1717,.F.);
#960=ORIENTED_EDGE('',*,*,#1718,.T.);
#961=ORIENTED_EDGE('',*,*,#1719,.F.);
#962=ORIENTED_EDGE('',*,*,#1716,.T.);
#963=CARTESIAN_POINT('',(-2.8,0.900000000000002,-1.85));
#964=DIRECTION('',(-0.988371697650616,0.152057184253945,1.8985830522306E-16));
#965=DIRECTION('',(5.55111512312585E-17,1.60942054270408E-15,-1.0));
#966=ORIENTED_EDGE('',*,*,#1702,.F.);
#967=ORIENTED_EDGE('',*,*,#1720,.F.);
#968=ORIENTED_EDGE('',*,*,#1718,.F.);
#969=ORIENTED_EDGE('',*,*,#1721,.F.);
#970=CARTESIAN_POINT('',(-3.5,0.250000000000002,-1.85));
#971=DIRECTION('',(-3.65856034294913E-16,-1.0,-3.5656469894309E-16));
#972=DIRECTION('',(5.5511151231258E-17,3.5656469894309E-16,-1.0));
#973=ORIENTED_EDGE('',*,*,#1722,.T.);
#974=ORIENTED_EDGE('',*,*,#1671,.F.);
#975=ORIENTED_EDGE('',*,*,#1639,.T.);
#976=ORIENTED_EDGE('',*,*,#1723,.F.);
#977=CARTESIAN_POINT('',(1.85,0.099999999999999,0.65));
#978=DIRECTION('',(1.0,-4.1498227693477E-16,2.22311485459797E-16));
#979=DIRECTION('',(4.1498227693477E-16,1.0,3.5656469894309E-16));
#980=ORIENTED_EDGE('',*,*,#1724,.T.);
#981=ORIENTED_EDGE('',*,*,#1725,.F.);
#982=ORIENTED_EDGE('',*,*,#1726,.T.);
#983=ORIENTED_EDGE('',*,*,#1727,.F.);
#984=CARTESIAN_POINT('',(3.4,0.653911825483794,7.75));
#985=DIRECTION('',(-1.0,4.1498227693477E-16,-1.51884677674414E-16));
#986=DIRECTION('',(1.51884677674414E-16,3.5656469894309E-16,-1.0));
#987=ORIENTED_EDGE('',*,*,#1724,.F.);
#988=ORIENTED_EDGE('',*,*,#1728,.F.);
#989=ORIENTED_EDGE('',*,*,#1729,.F.);
#990=ORIENTED_EDGE('',*,*,#1730,.F.);
#991=CARTESIAN_POINT('',(3.5,-0.0500000000000002,-1.85));
#992=DIRECTION('',(3.65856034294913E-16,1.0,5.11450723583876E-16));
#993=DIRECTION('',(5.5511151231258E-17,5.11450723583876E-16,-1.0));
#994=ORIENTED_EDGE('',*,*,#1731,.F.);
#995=ORIENTED_EDGE('',*,*,#1729,.T.);
#996=ORIENTED_EDGE('',*,*,#1732,.F.);
#997=ORIENTED_EDGE('',*,*,#1733,.T.);
#998=CARTESIAN_POINT('',(2.85737568702998,0.249999999999999,-1.85));
#999=DIRECTION('',(-5.5511151231258E-17,-3.5656469894309E-16,1.0));
#1000=DIRECTION('',(-3.65856034294913E-16,-1.0,-3.5656469894309E-16));
#1001=ORIENTED_EDGE('',*,*,#1733,.F.);
#1002=ORIENTED_EDGE('',*,*,#1734,.F.);
#1003=ORIENTED_EDGE('',*,*,#1735,.F.);
#1004=ORIENTED_EDGE('',*,*,#1736,.F.);
#1005=CARTESIAN_POINT('',(2.6,-0.0499999999999998,-1.85));
#1006=DIRECTION('',(0.988371697650618,0.152057184253938,1.32635407693782E-16));
#1007=DIRECTION('',(-7.93397704067631E-17,-3.5656469894309E-16,1.0));
#1008=ORIENTED_EDGE('',*,*,#1737,.F.);
#1009=ORIENTED_EDGE('',*,*,#1738,.F.);
#1010=ORIENTED_EDGE('',*,*,#1739,.F.);
#1011=ORIENTED_EDGE('',*,*,#1740,.F.);
#1012=CARTESIAN_POINT('',(2.54262431297002,0.6,-1.85));
#1013=DIRECTION('',(-1.84893140006066E-16,3.5656469894309E-16,-1.0));
#1014=DIRECTION('',(3.65856034294913E-16,1.0,3.5656469894309E-16));
#1015=ORIENTED_EDGE('',*,*,#1741,.F.);
#1016=ORIENTED_EDGE('',*,*,#1742,.T.);
#1017=ORIENTED_EDGE('',*,*,#1743,.F.);
#1018=ORIENTED_EDGE('',*,*,#1738,.T.);
#1019=CARTESIAN_POINT('',(2.9,0.249999999999999,-1.85));
#1020=DIRECTION('',(0.988371697650617,0.152057184253944,-8.14218569717769E-17));
#1021=DIRECTION('',(1.37235901655053E-16,-3.5656469894309E-16,1.0));
#1022=ORIENTED_EDGE('',*,*,#1726,.F.);
#1023=ORIENTED_EDGE('',*,*,#1744,.F.);
#1024=ORIENTED_EDGE('',*,*,#1742,.F.);
#1025=ORIENTED_EDGE('',*,*,#1745,.F.);
#1026=CARTESIAN_POINT('',(3.5,0.249999999999999,-1.85));
#1027=DIRECTION('',(-2.8841302197452E-16,-1.0,-3.5656469894309E-16));
#1028=DIRECTION('',(1.0,-2.8841302197452E-16,5.55111512312579E-17));
#1029=ORIENTED_EDGE('',*,*,#1746,.T.);
#1030=ORIENTED_EDGE('',*,*,#1747,.F.);
#1031=ORIENTED_EDGE('',*,*,#1748,.T.);
#1032=ORIENTED_EDGE('',*,*,#1749,.F.);
#1033=CARTESIAN_POINT('',(3.4,0.653911825483794,7.75));
#1034=DIRECTION('',(-1.0,4.1498227693477E-16,-1.51884677674414E-16));
#1035=DIRECTION('',(1.51884677674414E-16,3.5656469894309E-16,-1.0));
#1036=ORIENTED_EDGE('',*,*,#1746,.F.);
#1037=ORIENTED_EDGE('',*,*,#1750,.F.);
#1038=ORIENTED_EDGE('',*,*,#1751,.F.);
#1039=ORIENTED_EDGE('',*,*,#1752,.F.);
#1040=CARTESIAN_POINT('',(3.5,-0.0500000000000019,1.15));
#1041=DIRECTION('',(3.65856034294913E-16,1.0,5.11450723583876E-16));
#1042=DIRECTION('',(5.5511151231258E-17,5.11450723583876E-16,-1.0));
#1043=ORIENTED_EDGE('',*,*,#1753,.F.);
#1044=ORIENTED_EDGE('',*,*,#1751,.T.);
#1045=ORIENTED_EDGE('',*,*,#1754,.F.);
#1046=ORIENTED_EDGE('',*,*,#1755,.T.);
#1047=CARTESIAN_POINT('',(2.85737568702998,0.249999999999998,1.15));
#1048=DIRECTION('',(-5.5511151231258E-17,-3.5656469894309E-16,1.0));
#1049=DIRECTION('',(-3.65856034294913E-16,-1.0,-3.5656469894309E-16));
#1050=ORIENTED_EDGE('',*,*,#1755,.F.);
#1051=ORIENTED_EDGE('',*,*,#1756,.F.);
#1052=ORIENTED_EDGE('',*,*,#1757,.F.);
#1053=ORIENTED_EDGE('',*,*,#1758,.F.);
#1054=CARTESIAN_POINT('',(2.6,-0.0500000000000015,1.15));
#1055=DIRECTION('',(0.988371697650618,0.152057184253938,1.32635407693782E-16));
#1056=DIRECTION('',(-7.93397704067631E-17,-3.5656469894309E-16,1.0));
#1057=ORIENTED_EDGE('',*,*,#1759,.F.);
#1058=ORIENTED_EDGE('',*,*,#1760,.F.);
#1059=ORIENTED_EDGE('',*,*,#1761,.F.);
#1060=ORIENTED_EDGE('',*,*,#1762,.F.);
#1061=CARTESIAN_POINT('',(2.54262431297002,0.6,-1.85));
#1062=DIRECTION('',(5.55111512312581E-17,5.11450723583876E-16,-1.0));
#1063=DIRECTION('',(1.0,-4.1498227693477E-16,5.55111512312578E-17));
#1064=ORIENTED_EDGE('',*,*,#1763,.F.);
#1065=ORIENTED_EDGE('',*,*,#1764,.T.);
#1066=ORIENTED_EDGE('',*,*,#1765,.F.);
#1067=ORIENTED_EDGE('',*,*,#1760,.T.);
#1068=CARTESIAN_POINT('',(2.9,0.249999999999999,-1.85));
#1069=DIRECTION('',(0.988371697650617,0.152057184253944,-8.14218569717769E-17));
#1070=DIRECTION('',(1.37235901655053E-16,-3.5656469894309E-16,1.0));
#1071=ORIENTED_EDGE('',*,*,#1748,.F.);
#1072=ORIENTED_EDGE('',*,*,#1766,.F.);
#1073=ORIENTED_EDGE('',*,*,#1764,.F.);
#1074=ORIENTED_EDGE('',*,*,#1767,.F.);
#1075=CARTESIAN_POINT('',(3.5,0.249999999999999,-1.85));
#1076=DIRECTION('',(-2.8841302197452E-16,-1.0,-3.5656469894309E-16));
#1077=DIRECTION('',(1.0,-2.8841302197452E-16,5.55111512312579E-17));
#1078=ORIENTED_EDGE('',*,*,#1768,.F.);
#1079=ORIENTED_EDGE('',*,*,#1769,.T.);
#1080=ORIENTED_EDGE('',*,*,#1677,.F.);
#1081=ORIENTED_EDGE('',*,*,#1668,.F.);
#1082=ORIENTED_EDGE('',*,*,#1651,.T.);
#1083=ORIENTED_EDGE('',*,*,#1632,.F.);
#1084=ORIENTED_EDGE('',*,*,#1656,.T.);
#1085=ORIENTED_EDGE('',*,*,#1672,.F.);
#1086=ORIENTED_EDGE('',*,*,#1657,.T.);
#1087=ORIENTED_EDGE('',*,*,#1634,.F.);
#1088=ORIENTED_EDGE('',*,*,#1654,.T.);
#1089=ORIENTED_EDGE('',*,*,#1670,.T.);
#1090=ORIENTED_EDGE('',*,*,#1722,.F.);
#1091=ORIENTED_EDGE('',*,*,#1770,.F.);
#1092=ORIENTED_EDGE('',*,*,#1771,.F.);
#1093=ORIENTED_EDGE('',*,*,#1772,.T.);
#1094=CARTESIAN_POINT('',(-1.85,0.100000000000001,0.65));
#1095=DIRECTION('',(-5.5511151231258E-17,-3.5656469894309E-16,1.0));
#1096=DIRECTION('',(-1.0,4.1498227693477E-16,-5.55111512312578E-17));
#1097=ORIENTED_EDGE('',*,*,#1675,.F.);
#1098=ORIENTED_EDGE('',*,*,#1773,.F.);
#1099=ORIENTED_EDGE('',*,*,#1774,.T.);
#1100=ORIENTED_EDGE('',*,*,#1664,.T.);
#1101=CARTESIAN_POINT('',(1.4,0.0999999999999998,-1.15));
#1102=DIRECTION('',(1.0,-4.1498227693477E-16,2.52638818955895E-16));
#1103=DIRECTION('',(4.1498227693477E-16,1.0,3.5656469894309E-16));
#1104=ORIENTED_EDGE('',*,*,#1775,.T.);
#1105=ORIENTED_EDGE('',*,*,#1776,.F.);
#1106=ORIENTED_EDGE('',*,*,#1673,.F.);
#1107=ORIENTED_EDGE('',*,*,#1662,.T.);
#1108=CARTESIAN_POINT('',(-1.4,0.100000000000001,-1.15));
#1109=DIRECTION('',(-1.0,4.1498227693477E-16,-2.52638818955895E-16));
#1110=DIRECTION('',(2.52638818955895E-16,3.5656469894309E-16,-1.0));
#1111=ORIENTED_EDGE('',*,*,#1773,.T.);
#1112=ORIENTED_EDGE('',*,*,#1674,.T.);
#1113=ORIENTED_EDGE('',*,*,#1776,.T.);
#1114=ORIENTED_EDGE('',*,*,#1777,.T.);
#1115=CARTESIAN_POINT('',(-1.4,0.100000000000001,-2.25));
#1116=DIRECTION('',(-3.65856034294913E-16,-1.0,-3.5656469894309E-16));
#1117=DIRECTION('',(5.5511151231258E-17,3.5656469894309E-16,-1.0));
#1118=ORIENTED_EDGE('',*,*,#1660,.T.);
#1119=ORIENTED_EDGE('',*,*,#1778,.T.);
#1120=ORIENTED_EDGE('',*,*,#1779,.T.);
#1121=ORIENTED_EDGE('',*,*,#1780,.T.);
#1122=CARTESIAN_POINT('',(-2.15,2.65,-2.15));
#1123=DIRECTION('',(3.65856034294913E-16,1.0,3.5656469894309E-16));
#1124=DIRECTION('',(1.0,-3.65856034294913E-16,5.55111512312579E-17));
#1125=ORIENTED_EDGE('',*,*,#1769,.F.);
#1126=ORIENTED_EDGE('',*,*,#1781,.T.);
#1127=ORIENTED_EDGE('',*,*,#1648,.T.);
#1128=ORIENTED_EDGE('',*,*,#1676,.F.);
#1129=CARTESIAN_POINT('',(-1.85,0.100000000000001,-0.65));
#1130=DIRECTION('',(3.65856034294913E-16,1.0,3.5656469894309E-16));
#1131=DIRECTION('',(-1.0,3.65856034294913E-16,-5.55111512312579E-17));
#1132=ORIENTED_EDGE('',*,*,#1782,.F.);
#1133=ORIENTED_EDGE('',*,*,#1783,.T.);
#1134=ORIENTED_EDGE('',*,*,#1784,.F.);
#1135=ORIENTED_EDGE('',*,*,#1692,.T.);
#1136=CARTESIAN_POINT('',(-3.5,0.900000000000002,-1.15));
#1137=DIRECTION('',(3.65856034294913E-16,1.0,6.66336748224663E-16));
#1138=DIRECTION('',(5.55111512312581E-17,6.66336748224663E-16,-1.0));
#1139=ORIENTED_EDGE('',*,*,#1686,.T.);
#1140=ORIENTED_EDGE('',*,*,#1684,.T.);
#1141=ORIENTED_EDGE('',*,*,#1681,.T.);
#1142=ORIENTED_EDGE('',*,*,#1699,.T.);
#1143=ORIENTED_EDGE('',*,*,#1695,.T.);
#1144=ORIENTED_EDGE('',*,*,#1693,.T.);
#1145=ORIENTED_EDGE('',*,*,#1784,.T.);
#1146=ORIENTED_EDGE('',*,*,#1785,.T.);
#1147=ORIENTED_EDGE('',*,*,#1786,.F.);
#1148=ORIENTED_EDGE('',*,*,#1688,.T.);
#1149=CARTESIAN_POINT('',(-3.5,0.600000000000002,-1.85));
#1150=DIRECTION('',(-1.37235901655054E-16,3.5656469894309E-16,-1.0));
#1151=DIRECTION('',(-3.65856034294913E-16,-1.0,-3.5656469894309E-16));
#1152=ORIENTED_EDGE('',*,*,#1786,.T.);
#1153=ORIENTED_EDGE('',*,*,#1787,.T.);
#1154=ORIENTED_EDGE('',*,*,#1788,.F.);
#1155=ORIENTED_EDGE('',*,*,#1689,.T.);
#1156=CARTESIAN_POINT('',(-3.5,0.600000000000002,-1.15));
#1157=DIRECTION('',(-3.65856034294913E-16,-1.0,-5.11450723583876E-16));
#1158=DIRECTION('',(5.5511151231258E-17,5.11450723583876E-16,-1.0));
#1159=ORIENTED_EDGE('',*,*,#1697,.T.);
#1160=ORIENTED_EDGE('',*,*,#1698,.T.);
#1161=ORIENTED_EDGE('',*,*,#1679,.T.);
#1162=ORIENTED_EDGE('',*,*,#1683,.T.);
#1163=ORIENTED_EDGE('',*,*,#1685,.T.);
#1164=ORIENTED_EDGE('',*,*,#1690,.T.);
#1165=ORIENTED_EDGE('',*,*,#1788,.T.);
#1166=ORIENTED_EDGE('',*,*,#1789,.T.);
#1167=ORIENTED_EDGE('',*,*,#1782,.T.);
#1168=ORIENTED_EDGE('',*,*,#1691,.T.);
#1169=CARTESIAN_POINT('',(-3.5,0.600000000000002,-1.15));
#1170=DIRECTION('',(1.37235901655054E-16,3.6623674938058E-16,1.0));
#1171=DIRECTION('',(-3.65856034294913E-16,-1.0,3.6623674938058E-16));
#1172=ORIENTED_EDGE('',*,*,#1790,.F.);
#1173=ORIENTED_EDGE('',*,*,#1791,.T.);
#1174=ORIENTED_EDGE('',*,*,#1792,.F.);
#1175=ORIENTED_EDGE('',*,*,#1714,.T.);
#1176=CARTESIAN_POINT('',(-3.5,0.900000000000001,1.85));
#1177=DIRECTION('',(3.65856034294913E-16,1.0,5.11450723583876E-16));
#1178=DIRECTION('',(5.5511151231258E-17,5.11450723583876E-16,-1.0));
#1179=ORIENTED_EDGE('',*,*,#1708,.T.);
#1180=ORIENTED_EDGE('',*,*,#1706,.T.);
#1181=ORIENTED_EDGE('',*,*,#1703,.T.);
#1182=ORIENTED_EDGE('',*,*,#1721,.T.);
#1183=ORIENTED_EDGE('',*,*,#1717,.T.);
#1184=ORIENTED_EDGE('',*,*,#1715,.T.);
#1185=ORIENTED_EDGE('',*,*,#1792,.T.);
#1186=ORIENTED_EDGE('',*,*,#1793,.T.);
#1187=ORIENTED_EDGE('',*,*,#1794,.F.);
#1188=ORIENTED_EDGE('',*,*,#1710,.T.);
#1189=CARTESIAN_POINT('',(-3.5,0.600000000000001,1.15));
#1190=DIRECTION('',(-1.37235901655054E-16,-3.6623674938058E-16,-1.0));
#1191=DIRECTION('',(-3.65856034294913E-16,-1.0,3.6623674938058E-16));
#1192=ORIENTED_EDGE('',*,*,#1794,.T.);
#1193=ORIENTED_EDGE('',*,*,#1795,.T.);
#1194=ORIENTED_EDGE('',*,*,#1796,.F.);
#1195=ORIENTED_EDGE('',*,*,#1711,.T.);
#1196=CARTESIAN_POINT('',(-3.5,0.600000000000001,1.85));
#1197=DIRECTION('',(-3.65856034294913E-16,-1.0,-5.11450723583876E-16));
#1198=DIRECTION('',(5.5511151231258E-17,5.11450723583876E-16,-1.0));
#1199=ORIENTED_EDGE('',*,*,#1719,.T.);
#1200=ORIENTED_EDGE('',*,*,#1720,.T.);
#1201=ORIENTED_EDGE('',*,*,#1701,.T.);
#1202=ORIENTED_EDGE('',*,*,#1705,.T.);
#1203=ORIENTED_EDGE('',*,*,#1707,.T.);
#1204=ORIENTED_EDGE('',*,*,#1712,.T.);
#1205=ORIENTED_EDGE('',*,*,#1796,.T.);
#1206=ORIENTED_EDGE('',*,*,#1797,.T.);
#1207=ORIENTED_EDGE('',*,*,#1790,.T.);
#1208=ORIENTED_EDGE('',*,*,#1713,.T.);
#1209=CARTESIAN_POINT('',(-3.5,0.600000000000001,1.85));
#1210=DIRECTION('',(1.37235901655054E-16,-3.5656469894309E-16,1.0));
#1211=DIRECTION('',(-1.0,4.1498227693477E-16,1.37235901655054E-16));
#1212=ORIENTED_EDGE('',*,*,#1666,.T.);
#1213=ORIENTED_EDGE('',*,*,#1798,.T.);
#1214=ORIENTED_EDGE('',*,*,#1799,.T.);
#1215=ORIENTED_EDGE('',*,*,#1800,.T.);
#1216=CARTESIAN_POINT('',(2.15,2.65,-2.15));
#1217=DIRECTION('',(3.65856034294913E-16,1.0,3.5656469894309E-16));
#1218=DIRECTION('',(1.0,-3.65856034294913E-16,5.55111512312579E-17));
#1219=ORIENTED_EDGE('',*,*,#1801,.T.);
#1220=ORIENTED_EDGE('',*,*,#1770,.T.);
#1221=ORIENTED_EDGE('',*,*,#1723,.T.);
#1222=ORIENTED_EDGE('',*,*,#1638,.T.);
#1223=CARTESIAN_POINT('',(1.85,0.0999999999999995,-0.65));
#1224=DIRECTION('',(-3.65856034294913E-16,-1.0,-3.5656469894309E-16));
#1225=DIRECTION('',(5.5511151231258E-17,3.5656469894309E-16,-1.0));
#1226=ORIENTED_EDGE('',*,*,#1802,.F.);
#1227=ORIENTED_EDGE('',*,*,#1803,.T.);
#1228=ORIENTED_EDGE('',*,*,#1804,.F.);
#1229=ORIENTED_EDGE('',*,*,#1740,.T.);
#1230=CARTESIAN_POINT('',(-3.5,0.900000000000002,-1.15));
#1231=DIRECTION('',(3.65856034294913E-16,1.0,6.66336748224663E-16));
#1232=DIRECTION('',(5.55111512312581E-17,6.66336748224663E-16,-1.0));
#1233=ORIENTED_EDGE('',*,*,#1732,.T.);
#1234=ORIENTED_EDGE('',*,*,#1728,.T.);
#1235=ORIENTED_EDGE('',*,*,#1727,.T.);
#1236=ORIENTED_EDGE('',*,*,#1745,.T.);
#1237=ORIENTED_EDGE('',*,*,#1741,.T.);
#1238=ORIENTED_EDGE('',*,*,#1737,.T.);
#1239=ORIENTED_EDGE('',*,*,#1804,.T.);
#1240=ORIENTED_EDGE('',*,*,#1805,.T.);
#1241=ORIENTED_EDGE('',*,*,#1806,.F.);
#1242=ORIENTED_EDGE('',*,*,#1734,.T.);
#1243=CARTESIAN_POINT('',(-3.5,0.600000000000002,-1.15));
#1244=DIRECTION('',(1.37235901655054E-16,3.6623674938058E-16,1.0));
#1245=DIRECTION('',(-3.65856034294913E-16,-1.0,3.6623674938058E-16));
#1246=ORIENTED_EDGE('',*,*,#1806,.T.);
#1247=ORIENTED_EDGE('',*,*,#1807,.T.);
#1248=ORIENTED_EDGE('',*,*,#1808,.F.);
#1249=ORIENTED_EDGE('',*,*,#1735,.T.);
#1250=CARTESIAN_POINT('',(-3.5,0.600000000000002,-1.15));
#1251=DIRECTION('',(-3.65856034294913E-16,-1.0,-5.11450723583876E-16));
#1252=DIRECTION('',(5.5511151231258E-17,5.11450723583876E-16,-1.0));
#1253=ORIENTED_EDGE('',*,*,#1743,.T.);
#1254=ORIENTED_EDGE('',*,*,#1744,.T.);
#1255=ORIENTED_EDGE('',*,*,#1725,.T.);
#1256=ORIENTED_EDGE('',*,*,#1730,.T.);
#1257=ORIENTED_EDGE('',*,*,#1731,.T.);
#1258=ORIENTED_EDGE('',*,*,#1736,.T.);
#1259=ORIENTED_EDGE('',*,*,#1808,.T.);
#1260=ORIENTED_EDGE('',*,*,#1809,.T.);
#1261=ORIENTED_EDGE('',*,*,#1802,.T.);
#1262=ORIENTED_EDGE('',*,*,#1739,.T.);
#1263=CARTESIAN_POINT('',(-3.5,0.600000000000002,-1.85));
#1264=DIRECTION('',(-1.37235901655054E-16,3.5656469894309E-16,-1.0));
#1265=DIRECTION('',(-3.65856034294913E-16,-1.0,-3.5656469894309E-16));
#1266=ORIENTED_EDGE('',*,*,#1810,.F.);
#1267=ORIENTED_EDGE('',*,*,#1811,.T.);
#1268=ORIENTED_EDGE('',*,*,#1812,.F.);
#1269=ORIENTED_EDGE('',*,*,#1762,.T.);
#1270=CARTESIAN_POINT('',(-3.5,0.900000000000001,1.85));
#1271=DIRECTION('',(3.65856034294913E-16,1.0,5.11450723583876E-16));
#1272=DIRECTION('',(5.5511151231258E-17,5.11450723583876E-16,-1.0));
#1273=ORIENTED_EDGE('',*,*,#1754,.T.);
#1274=ORIENTED_EDGE('',*,*,#1750,.T.);
#1275=ORIENTED_EDGE('',*,*,#1749,.T.);
#1276=ORIENTED_EDGE('',*,*,#1767,.T.);
#1277=ORIENTED_EDGE('',*,*,#1763,.T.);
#1278=ORIENTED_EDGE('',*,*,#1759,.T.);
#1279=ORIENTED_EDGE('',*,*,#1812,.T.);
#1280=ORIENTED_EDGE('',*,*,#1813,.T.);
#1281=ORIENTED_EDGE('',*,*,#1814,.F.);
#1282=ORIENTED_EDGE('',*,*,#1756,.T.);
#1283=CARTESIAN_POINT('',(-3.5,0.600000000000001,1.85));
#1284=DIRECTION('',(1.37235901655054E-16,-3.5656469894309E-16,1.0));
#1285=DIRECTION('',(-1.0,4.1498227693477E-16,1.37235901655054E-16));
#1286=ORIENTED_EDGE('',*,*,#1814,.T.);
#1287=ORIENTED_EDGE('',*,*,#1815,.T.);
#1288=ORIENTED_EDGE('',*,*,#1816,.F.);
#1289=ORIENTED_EDGE('',*,*,#1757,.T.);
#1290=CARTESIAN_POINT('',(-3.5,0.600000000000001,1.85));
#1291=DIRECTION('',(-3.65856034294913E-16,-1.0,-5.11450723583876E-16));
#1292=DIRECTION('',(5.5511151231258E-17,5.11450723583876E-16,-1.0));
#1293=ORIENTED_EDGE('',*,*,#1765,.T.);
#1294=ORIENTED_EDGE('',*,*,#1766,.T.);
#1295=ORIENTED_EDGE('',*,*,#1747,.T.);
#1296=ORIENTED_EDGE('',*,*,#1752,.T.);
#1297=ORIENTED_EDGE('',*,*,#1753,.T.);
#1298=ORIENTED_EDGE('',*,*,#1758,.T.);
#1299=ORIENTED_EDGE('',*,*,#1816,.T.);
#1300=ORIENTED_EDGE('',*,*,#1817,.T.);
#1301=ORIENTED_EDGE('',*,*,#1810,.T.);
#1302=ORIENTED_EDGE('',*,*,#1761,.T.);
#1303=CARTESIAN_POINT('',(-3.5,0.600000000000001,1.15));
#1304=DIRECTION('',(-1.37235901655054E-16,-3.6623674938058E-16,-1.0));
#1305=DIRECTION('',(-3.65856034294913E-16,-1.0,3.6623674938058E-16));
#1306=ORIENTED_EDGE('',*,*,#1818,.T.);
#1307=ORIENTED_EDGE('',*,*,#1819,.F.);
#1308=ORIENTED_EDGE('',*,*,#1820,.F.);
#1309=ORIENTED_EDGE('',*,*,#1821,.F.);
#1310=ORIENTED_EDGE('',*,*,#1822,.T.);
#1311=ORIENTED_EDGE('',*,*,#1823,.F.);
#1312=ORIENTED_EDGE('',*,*,#1824,.F.);
#1313=ORIENTED_EDGE('',*,*,#1825,.F.);
#1314=ORIENTED_EDGE('',*,*,#1826,.T.);
#1315=ORIENTED_EDGE('',*,*,#1772,.F.);
#1316=CARTESIAN_POINT('',(2.25,-1.3143955048128E-16,-2.25));
#1317=DIRECTION('',(3.65856034294913E-16,1.0,3.5656469894309E-16));
#1318=DIRECTION('',(-1.0,3.65856034294913E-16,-5.55111512312579E-17));
#1319=ORIENTED_EDGE('',*,*,#1775,.F.);
#1320=ORIENTED_EDGE('',*,*,#1661,.T.);
#1321=ORIENTED_EDGE('',*,*,#1780,.F.);
#1322=ORIENTED_EDGE('',*,*,#1827,.F.);
#1323=ORIENTED_EDGE('',*,*,#1798,.F.);
#1324=ORIENTED_EDGE('',*,*,#1665,.T.);
#1325=ORIENTED_EDGE('',*,*,#1774,.F.);
#1326=ORIENTED_EDGE('',*,*,#1777,.F.);
#1327=CARTESIAN_POINT('',(2.25,2.65,-2.25));
#1328=DIRECTION('',(-1.51884677674414E-16,-3.5656469894309E-16,1.0));
#1329=DIRECTION('',(-1.0,4.1498227693477E-16,-1.51884677674414E-16));
#1330=ORIENTED_EDGE('',*,*,#1649,.T.);
#1331=ORIENTED_EDGE('',*,*,#1781,.F.);
#1332=ORIENTED_EDGE('',*,*,#1768,.T.);
#1333=ORIENTED_EDGE('',*,*,#1826,.F.);
#1334=ORIENTED_EDGE('',*,*,#1828,.F.);
#1335=ORIENTED_EDGE('',*,*,#1829,.F.);
#1336=ORIENTED_EDGE('',*,*,#1778,.F.);
#1337=ORIENTED_EDGE('',*,*,#1659,.T.);
#1338=ORIENTED_EDGE('',*,*,#1787,.F.);
#1339=ORIENTED_EDGE('',*,*,#1785,.F.);
#1340=ORIENTED_EDGE('',*,*,#1783,.F.);
#1341=ORIENTED_EDGE('',*,*,#1789,.F.);
#1342=ORIENTED_EDGE('',*,*,#1795,.F.);
#1343=ORIENTED_EDGE('',*,*,#1793,.F.);
#1344=ORIENTED_EDGE('',*,*,#1791,.F.);
#1345=ORIENTED_EDGE('',*,*,#1797,.F.);
#1346=CARTESIAN_POINT('',(-2.25,2.65,2.25));
#1347=DIRECTION('',(1.0,-4.1498227693477E-16,-4.08623752118981E-17));
#1348=DIRECTION('',(4.0862375211898E-17,-3.5656469894309E-16,1.0));
#1349=ORIENTED_EDGE('',*,*,#1771,.T.);
#1350=ORIENTED_EDGE('',*,*,#1801,.F.);
#1351=ORIENTED_EDGE('',*,*,#1637,.T.);
#1352=ORIENTED_EDGE('',*,*,#1667,.T.);
#1353=ORIENTED_EDGE('',*,*,#1800,.F.);
#1354=ORIENTED_EDGE('',*,*,#1830,.F.);
#1355=ORIENTED_EDGE('',*,*,#1831,.F.);
#1356=ORIENTED_EDGE('',*,*,#1818,.F.);
#1357=ORIENTED_EDGE('',*,*,#1807,.F.);
#1358=ORIENTED_EDGE('',*,*,#1805,.F.);
#1359=ORIENTED_EDGE('',*,*,#1803,.F.);
#1360=ORIENTED_EDGE('',*,*,#1809,.F.);
#1361=ORIENTED_EDGE('',*,*,#1815,.F.);
#1362=ORIENTED_EDGE('',*,*,#1813,.F.);
#1363=ORIENTED_EDGE('',*,*,#1811,.F.);
#1364=ORIENTED_EDGE('',*,*,#1817,.F.);
#1365=CARTESIAN_POINT('',(2.25,2.65,2.25));
#1366=DIRECTION('',(-1.0,4.1498227693477E-16,1.37235901655054E-16));
#1367=DIRECTION('',(1.37235901655054E-16,-3.5656469894309E-16,1.0));
#1368=ORIENTED_EDGE('',*,*,#1832,.T.);
#1369=ORIENTED_EDGE('',*,*,#1833,.F.);
#1370=ORIENTED_EDGE('',*,*,#1834,.F.);
#1371=ORIENTED_EDGE('',*,*,#1822,.F.);
#1372=CARTESIAN_POINT('',(-1.4,0.1,1.15));
#1373=DIRECTION('',(1.32954163551651E-16,3.5656469894309E-16,-1.0));
#1374=DIRECTION('',(1.0,-4.1498227693477E-16,1.32954163551651E-16));
#1375=ORIENTED_EDGE('',*,*,#1825,.T.);
#1376=ORIENTED_EDGE('',*,*,#1835,.T.);
#1377=ORIENTED_EDGE('',*,*,#1836,.F.);
#1378=ORIENTED_EDGE('',*,*,#1828,.T.);
#1379=CARTESIAN_POINT('',(-2.15,2.65,2.15));
#1380=DIRECTION('',(3.65856034294913E-16,1.0,3.5656469894309E-16));
#1381=DIRECTION('',(1.0,-3.65856034294913E-16,5.55111512312579E-17));
#1382=ORIENTED_EDGE('',*,*,#1837,.T.);
#1383=ORIENTED_EDGE('',*,*,#1838,.F.);
#1384=ORIENTED_EDGE('',*,*,#1830,.T.);
#1385=ORIENTED_EDGE('',*,*,#1799,.F.);
#1386=ORIENTED_EDGE('',*,*,#1827,.T.);
#1387=ORIENTED_EDGE('',*,*,#1779,.F.);
#1388=ORIENTED_EDGE('',*,*,#1829,.T.);
#1389=ORIENTED_EDGE('',*,*,#1836,.T.);
#1390=ORIENTED_EDGE('',*,*,#1626,.T.);
#1391=ORIENTED_EDGE('',*,*,#1628,.T.);
#1392=ORIENTED_EDGE('',*,*,#1619,.T.);
#1393=ORIENTED_EDGE('',*,*,#1623,.T.);
#1394=CARTESIAN_POINT('',(2.25,2.65,-2.25));
#1395=DIRECTION('',(3.65856034294913E-16,1.0,3.5656469894309E-16));
#1396=DIRECTION('',(-1.0,3.65856034294913E-16,-5.55111512312579E-17));
#1397=ORIENTED_EDGE('',*,*,#1819,.T.);
#1398=ORIENTED_EDGE('',*,*,#1831,.T.);
#1399=ORIENTED_EDGE('',*,*,#1838,.T.);
#1400=ORIENTED_EDGE('',*,*,#1839,.T.);
#1401=CARTESIAN_POINT('',(2.15,2.65,2.15));
#1402=DIRECTION('',(3.65856034294913E-16,1.0,3.5656469894309E-16));
#1403=DIRECTION('',(1.0,-3.65856034294913E-16,5.55111512312579E-17));
#1404=ORIENTED_EDGE('',*,*,#1840,.T.);
#1405=ORIENTED_EDGE('',*,*,#1841,.F.);
#1406=ORIENTED_EDGE('',*,*,#1832,.F.);
#1407=ORIENTED_EDGE('',*,*,#1821,.T.);
#1408=CARTESIAN_POINT('',(1.4,0.0999999999999986,2.25));
#1409=DIRECTION('',(1.0,-4.1498227693477E-16,5.55111512312578E-17));
#1410=DIRECTION('',(4.1498227693477E-16,1.0,3.5656469894309E-16));
#1411=ORIENTED_EDGE('',*,*,#1841,.T.);
#1412=ORIENTED_EDGE('',*,*,#1842,.T.);
#1413=ORIENTED_EDGE('',*,*,#1843,.T.);
#1414=ORIENTED_EDGE('',*,*,#1833,.T.);
#1415=CARTESIAN_POINT('',(-1.4,0.1,1.15));
#1416=DIRECTION('',(-3.65856034294913E-16,-1.0,-3.5656469894309E-16));
#1417=DIRECTION('',(5.5511151231258E-17,3.5656469894309E-16,-1.0));
#1418=ORIENTED_EDGE('',*,*,#1834,.T.);
#1419=ORIENTED_EDGE('',*,*,#1843,.F.);
#1420=ORIENTED_EDGE('',*,*,#1844,.T.);
#1421=ORIENTED_EDGE('',*,*,#1823,.T.);
#1422=CARTESIAN_POINT('',(-1.4,0.0999999999999998,2.25));
#1423=DIRECTION('',(-1.0,4.1498227693477E-16,-5.55111512312578E-17));
#1424=DIRECTION('',(-5.5511151231258E-17,-3.5656469894309E-16,1.0));
#1425=ORIENTED_EDGE('',*,*,#1844,.F.);
#1426=ORIENTED_EDGE('',*,*,#1842,.F.);
#1427=ORIENTED_EDGE('',*,*,#1840,.F.);
#1428=ORIENTED_EDGE('',*,*,#1820,.T.);
#1429=ORIENTED_EDGE('',*,*,#1839,.F.);
#1430=ORIENTED_EDGE('',*,*,#1837,.F.);
#1431=ORIENTED_EDGE('',*,*,#1835,.F.);
#1432=ORIENTED_EDGE('',*,*,#1824,.T.);
#1433=CARTESIAN_POINT('',(2.25,2.65,2.25));
#1434=DIRECTION('',(-4.0862375211898E-17,3.5656469894309E-16,-1.0));
#1435=DIRECTION('',(-3.65856034294913E-16,-1.0,-3.5656469894309E-16));
#1436=ORIENTED_EDGE('',*,*,#1617,.T.);
#1437=ORIENTED_EDGE('',*,*,#1627,.T.);
#1438=ORIENTED_EDGE('',*,*,#1624,.T.);
#1439=ORIENTED_EDGE('',*,*,#1621,.T.);
#1440=ORIENTED_EDGE('',*,*,#1601,.F.);
#1441=ORIENTED_EDGE('',*,*,#1845,.F.);
#1442=ORIENTED_EDGE('',*,*,#1605,.F.);
#1443=ORIENTED_EDGE('',*,*,#1846,.F.);
#1444=ORIENTED_EDGE('',*,*,#1609,.F.);
#1445=ORIENTED_EDGE('',*,*,#1847,.F.);
#1446=ORIENTED_EDGE('',*,*,#1613,.F.);
#1447=ORIENTED_EDGE('',*,*,#1848,.F.);
#1448=ORIENTED_EDGE('',*,*,#1849,.F.);
#1449=ORIENTED_EDGE('',*,*,#1577,.F.);
#1450=CARTESIAN_POINT('',(1.02439689602576E-15,2.8,9.98381157040652E-16));
#1451=DIRECTION('',(3.65856034294913E-16,1.0,3.5656469894309E-16));
#1452=DIRECTION('',(-1.0,3.65856034294913E-16,-5.55111512312579E-17));
#1453=ORIENTED_EDGE('',*,*,#1614,.F.);
#1454=ORIENTED_EDGE('',*,*,#1848,.T.);
#1455=ORIENTED_EDGE('',*,*,#1616,.T.);
#1456=ORIENTED_EDGE('',*,*,#1600,.F.);
#1457=ORIENTED_EDGE('',*,*,#1850,.F.);
#1458=CARTESIAN_POINT('',(1.6,2.8,-1.6));
#1459=DIRECTION('',(-3.65856034294913E-16,-1.0,-3.5656469894309E-16));
#1460=DIRECTION('',(-1.0,3.65856034294913E-16,-5.55111512312579E-17));
#1461=ORIENTED_EDGE('',*,*,#1610,.F.);
#1462=ORIENTED_EDGE('',*,*,#1847,.T.);
#1463=ORIENTED_EDGE('',*,*,#1612,.T.);
#1464=ORIENTED_EDGE('',*,*,#1595,.F.);
#1465=ORIENTED_EDGE('',*,*,#1851,.F.);
#1466=CARTESIAN_POINT('',(-1.6,2.8,-1.6));
#1467=DIRECTION('',(-3.65856034294913E-16,-1.0,-3.5656469894309E-16));
#1468=DIRECTION('',(-1.0,3.65856034294913E-16,-5.55111512312579E-17));
#1469=ORIENTED_EDGE('',*,*,#1606,.F.);
#1470=ORIENTED_EDGE('',*,*,#1846,.T.);
#1471=ORIENTED_EDGE('',*,*,#1608,.T.);
#1472=ORIENTED_EDGE('',*,*,#1590,.F.);
#1473=ORIENTED_EDGE('',*,*,#1852,.F.);
#1474=CARTESIAN_POINT('',(-1.6,2.8,1.6));
#1475=DIRECTION('',(-3.65856034294913E-16,-1.0,-3.5656469894309E-16));
#1476=DIRECTION('',(-1.0,3.65856034294913E-16,-5.55111512312579E-17));
#1477=ORIENTED_EDGE('',*,*,#1602,.F.);
#1478=ORIENTED_EDGE('',*,*,#1845,.T.);
#1479=ORIENTED_EDGE('',*,*,#1604,.T.);
#1480=ORIENTED_EDGE('',*,*,#1574,.F.);
#1481=ORIENTED_EDGE('',*,*,#1853,.F.);
#1482=CARTESIAN_POINT('',(1.6,2.8,1.6));
#1483=DIRECTION('',(-3.65856034294913E-16,-1.0,-3.5656469894309E-16));
#1484=DIRECTION('',(-1.0,3.65856034294913E-16,-5.55111512312579E-17));
#1485=ORIENTED_EDGE('',*,*,#1854,.F.);
#1486=ORIENTED_EDGE('',*,*,#1598,.F.);
#1487=CARTESIAN_POINT('',(1.6,3.05,-1.6));
#1488=DIRECTION('',(3.65856034294913E-16,1.0,3.5656469894309E-16));
#1489=DIRECTION('',(-1.0,3.65856034294913E-16,-5.55111512312579E-17));
#1490=ORIENTED_EDGE('',*,*,#1597,.F.);
#1491=ORIENTED_EDGE('',*,*,#1615,.T.);
#1492=ORIENTED_EDGE('',*,*,#1850,.T.);
#1493=ORIENTED_EDGE('',*,*,#1599,.T.);
#1494=ORIENTED_EDGE('',*,*,#1854,.T.);
#1495=CARTESIAN_POINT('',(1.6,2.85,-1.6));
#1496=DIRECTION('',(3.65856034294913E-16,1.0,3.24777049223777E-15));
#1497=DIRECTION('',(5.5511151231259E-17,3.24777049223777E-15,-1.0));
#1498=ORIENTED_EDGE('',*,*,#1855,.F.);
#1499=ORIENTED_EDGE('',*,*,#1593,.F.);
#1500=CARTESIAN_POINT('',(-1.6,3.05,-1.6));
#1501=DIRECTION('',(3.65856034294913E-16,1.0,3.5656469894309E-16));
#1502=DIRECTION('',(-1.0,3.65856034294913E-16,-5.55111512312579E-17));
#1503=ORIENTED_EDGE('',*,*,#1592,.F.);
#1504=ORIENTED_EDGE('',*,*,#1611,.T.);
#1505=ORIENTED_EDGE('',*,*,#1851,.T.);
#1506=ORIENTED_EDGE('',*,*,#1594,.T.);
#1507=ORIENTED_EDGE('',*,*,#1855,.T.);
#1508=CARTESIAN_POINT('',(-1.6,2.85,-1.6));
#1509=DIRECTION('',(3.65856034294913E-16,1.0,1.80216759559043E-15));
#1510=DIRECTION('',(5.55111512312585E-17,1.80216759559043E-15,-1.0));
#1511=ORIENTED_EDGE('',*,*,#1856,.F.);
#1512=ORIENTED_EDGE('',*,*,#1588,.F.);
#1513=CARTESIAN_POINT('',(-1.6,3.05,1.6));
#1514=DIRECTION('',(3.65856034294913E-16,1.0,3.5656469894309E-16));
#1515=DIRECTION('',(-1.0,3.65856034294913E-16,-5.55111512312579E-17));
#1516=ORIENTED_EDGE('',*,*,#1587,.F.);
#1517=ORIENTED_EDGE('',*,*,#1607,.T.);
#1518=ORIENTED_EDGE('',*,*,#1852,.T.);
#1519=ORIENTED_EDGE('',*,*,#1589,.T.);
#1520=ORIENTED_EDGE('',*,*,#1856,.T.);
#1521=CARTESIAN_POINT('',(-1.6,2.85,1.6));
#1522=DIRECTION('',(3.65856034294909E-16,1.0,1.80216759559043E-15));
#1523=DIRECTION('',(5.55111512312585E-17,1.80216759559043E-15,-1.0));
#1524=ORIENTED_EDGE('',*,*,#1584,.T.);
#1525=ORIENTED_EDGE('',*,*,#1857,.T.);
#1526=CARTESIAN_POINT('',(1.64635215432711E-15,4.5,1.60454114524391E-15));
#1527=DIRECTION('',(3.65856034294913E-16,1.0,3.5656469894309E-16));
#1528=DIRECTION('',(-1.0,3.65856034294913E-16,-5.55111512312579E-17));
#1529=ORIENTED_EDGE('',*,*,#1583,.F.);
#1530=ORIENTED_EDGE('',*,*,#1858,.F.);
#1531=ORIENTED_EDGE('',*,*,#1585,.T.);
#1532=ORIENTED_EDGE('',*,*,#1857,.F.);
#1533=CARTESIAN_POINT('',(1.60976655089762E-15,4.4,1.5688846753496E-15));
#1534=DIRECTION('',(3.65856034294913E-16,1.0,3.5656469894309E-16));
#1535=DIRECTION('',(-1.0,3.65856034294913E-16,-5.55111512312579E-17));
#1536=ORIENTED_EDGE('',*,*,#1580,.F.);
#1537=ORIENTED_EDGE('',*,*,#1859,.T.);
#1538=ORIENTED_EDGE('',*,*,#1582,.T.);
#1539=ORIENTED_EDGE('',*,*,#1858,.T.);
#1540=CARTESIAN_POINT('',(-3.0568512134349E-16,-0.835533905932737,-2.97921895625651E-16));
#1541=DIRECTION('',(-3.65856034294913E-16,-1.0,-3.5656469894309E-16));
#1542=DIRECTION('',(-1.0,3.65856034294913E-16,-5.55111512312579E-17));
#1543=ORIENTED_EDGE('',*,*,#1860,.T.);
#1544=ORIENTED_EDGE('',*,*,#1575,.T.);
#1545=ORIENTED_EDGE('',*,*,#1579,.F.);
#1546=ORIENTED_EDGE('',*,*,#1859,.F.);
#1547=CARTESIAN_POINT('',(9.87811292596266E-16,2.7,9.62724687146343E-16));
#1548=DIRECTION('',(3.65856034294913E-16,1.0,3.5656469894309E-16));
#1549=DIRECTION('',(-1.0,3.65856034294913E-16,-5.55111512312579E-17));
#1550=ORIENTED_EDGE('',*,*,#1576,.F.);
#1551=ORIENTED_EDGE('',*,*,#1860,.F.);
#1552=ORIENTED_EDGE('',*,*,#1578,.T.);
#1553=ORIENTED_EDGE('',*,*,#1849,.T.);
#1554=CARTESIAN_POINT('',(9.87811292596266E-16,2.7,9.62724687146343E-16));
#1555=DIRECTION('',(-3.65856034294913E-16,-1.0,-3.5656469894309E-16));
#1556=DIRECTION('',(-1.0,3.65856034294913E-16,-5.55111512312579E-17));
#1557=ORIENTED_EDGE('',*,*,#1861,.F.);
#1558=ORIENTED_EDGE('',*,*,#1572,.F.);
#1559=CARTESIAN_POINT('',(1.6,3.05,1.6));
#1560=DIRECTION('',(3.65856034294913E-16,1.0,3.5656469894309E-16));
#1561=DIRECTION('',(-1.0,3.65856034294913E-16,-5.55111512312579E-17));
#1562=ORIENTED_EDGE('',*,*,#1571,.F.);
#1563=ORIENTED_EDGE('',*,*,#1603,.T.);
#1564=ORIENTED_EDGE('',*,*,#1853,.T.);
#1565=ORIENTED_EDGE('',*,*,#1573,.T.);
#1566=ORIENTED_EDGE('',*,*,#1861,.T.);
#1567=CARTESIAN_POINT('',(1.6,2.85,1.6));
#1568=DIRECTION('',(3.65856034294906E-16,1.0,3.24777049223778E-15));
#1569=DIRECTION('',(5.5511151231259E-17,3.24777049223778E-15,-1.0));
#1570=EDGE_CURVE('',#1862,#1863,#1864,.T.);
#1571=EDGE_CURVE('',#1863,#1865,#1866,.T.);
#1572=EDGE_CURVE('',#1865,#1867,#1868,.T.);
#1573=EDGE_CURVE('',#1869,#1867,#1870,.T.);
#1574=EDGE_CURVE('',#1869,#1862,#1871,.T.);
#1575=EDGE_CURVE('',#1872,#1873,#1874,.T.);
#1576=EDGE_CURVE('',#1872,#1875,#1876,.T.);
#1577=EDGE_CURVE('',#1875,#1877,#1878,.T.);
#1578=EDGE_CURVE('',#1873,#1877,#1879,.T.);
#1579=EDGE_CURVE('',#1880,#1881,#1882,.T.);
#1580=EDGE_CURVE('',#1881,#1883,#1884,.T.);
#1581=EDGE_CURVE('',#1883,#1885,#1886,.T.);
#1582=EDGE_CURVE('',#1880,#1885,#1887,.T.);
#1583=EDGE_CURVE('',#1883,#1888,#1889,.T.);
#1584=EDGE_CURVE('',#1890,#1888,#1891,.T.);
#1585=EDGE_CURVE('',#1885,#1890,#1892,.T.);
#1586=EDGE_CURVE('',#1893,#1894,#1895,.T.);
#1587=EDGE_CURVE('',#1894,#1896,#1897,.T.);
#1588=EDGE_CURVE('',#1896,#1898,#1899,.T.);
#1589=EDGE_CURVE('',#1900,#1898,#1901,.T.);
#1590=EDGE_CURVE('',#1900,#1893,#1902,.T.);
#1591=EDGE_CURVE('',#1903,#1904,#1905,.T.);
#1592=EDGE_CURVE('',#1904,#1906,#1907,.T.);
#1593=EDGE_CURVE('',#1906,#1908,#1909,.T.);
#1594=EDGE_CURVE('',#1910,#1908,#1911,.T.);
#1595=EDGE_CURVE('',#1910,#1903,#1912,.T.);
#1596=EDGE_CURVE('',#1913,#1914,#1915,.T.);
#1597=EDGE_CURVE('',#1914,#1916,#1917,.T.);
#1598=EDGE_CURVE('',#1916,#1918,#1919,.T.);
#1599=EDGE_CURVE('',#1920,#1918,#1921,.T.);
#1600=EDGE_CURVE('',#1920,#1913,#1922,.T.);
#1601=EDGE_CURVE('',#1923,#1924,#1925,.T.);
#1602=EDGE_CURVE('',#1924,#1926,#1927,.T.);
#1603=EDGE_CURVE('',#1863,#1926,#1928,.T.);
#1604=EDGE_CURVE('',#1923,#1862,#1929,.T.);
#1605=EDGE_CURVE('',#1930,#1931,#1932,.T.);
#1606=EDGE_CURVE('',#1931,#1933,#1934,.T.);
#1607=EDGE_CURVE('',#1894,#1933,#1935,.T.);
#1608=EDGE_CURVE('',#1930,#1893,#1936,.T.);
#1609=EDGE_CURVE('',#1937,#1938,#1939,.T.);
#1610=EDGE_CURVE('',#1938,#1940,#1941,.T.);
#1611=EDGE_CURVE('',#1904,#1940,#1942,.T.);
#1612=EDGE_CURVE('',#1937,#1903,#1943,.T.);
#1613=EDGE_CURVE('',#1944,#1945,#1946,.T.);
#1614=EDGE_CURVE('',#1945,#1947,#1948,.T.);
#1615=EDGE_CURVE('',#1914,#1947,#1949,.T.);
#1616=EDGE_CURVE('',#1944,#1913,#1950,.T.);
#1617=EDGE_CURVE('',#1951,#1952,#1953,.T.);
#1618=EDGE_CURVE('',#1951,#1954,#1955,.T.);
#1619=EDGE_CURVE('',#1956,#1954,#1957,.T.);
#1620=EDGE_CURVE('',#1956,#1952,#1958,.T.);
#1621=EDGE_CURVE('',#1959,#1951,#1960,.T.);
#1622=EDGE_CURVE('',#1959,#1961,#1962,.T.);
#1623=EDGE_CURVE('',#1954,#1961,#1963,.T.);
#1624=EDGE_CURVE('',#1964,#1959,#1965,.T.);
#1625=EDGE_CURVE('',#1964,#1966,#1967,.T.);
#1626=EDGE_CURVE('',#1961,#1966,#1968,.T.);
#1627=EDGE_CURVE('',#1952,#1964,#1969,.T.);
#1628=EDGE_CURVE('',#1966,#1956,#1970,.T.);
#1629=EDGE_CURVE('',#1971,#1972,#1973,.T.);
#1630=EDGE_CURVE('',#1972,#1974,#1975,.T.);
#1631=EDGE_CURVE('',#1974,#1976,#1977,.T.);
#1632=EDGE_CURVE('',#1976,#1971,#1978,.T.);
#1633=EDGE_CURVE('',#1979,#1980,#1981,.T.);
#1634=EDGE_CURVE('',#1980,#1982,#1983,.T.);
#1635=EDGE_CURVE('',#1982,#1984,#1985,.T.);
#1636=EDGE_CURVE('',#1984,#1979,#1986,.T.);
#1637=EDGE_CURVE('',#1987,#1988,#1989,.T.);
#1638=EDGE_CURVE('',#1990,#1987,#1991,.T.);
#1639=EDGE_CURVE('',#1992,#1990,#1993,.T.);
#1640=EDGE_CURVE('',#1994,#1992,#1995,.T.);
#1641=EDGE_CURVE('',#1994,#1979,#1996,.T.);
#1642=EDGE_CURVE('',#1984,#1997,#1998,.T.);
#1643=EDGE_CURVE('',#1999,#1997,#2000,.T.);
#1644=EDGE_CURVE('',#1999,#1974,#2001,.T.);
#1645=EDGE_CURVE('',#1972,#2002,#2003,.T.);
#1646=EDGE_CURVE('',#2004,#2002,#2005,.T.);
#1647=EDGE_CURVE('',#2006,#2004,#2007,.T.);
#1648=EDGE_CURVE('',#2008,#2006,#2009,.T.);
#1649=EDGE_CURVE('',#2010,#2008,#2011,.T.);
#1650=EDGE_CURVE('',#2010,#1988,#2012,.T.);
#1651=EDGE_CURVE('',#2013,#1971,#2014,.T.);
#1652=EDGE_CURVE('',#2002,#2013,#2015,.T.);
#1653=EDGE_CURVE('',#1994,#2016,#2017,.T.);
#1654=EDGE_CURVE('',#1980,#2016,#2018,.T.);
#1655=EDGE_CURVE('',#2019,#1999,#2020,.T.);
#1656=EDGE_CURVE('',#1976,#2019,#2021,.T.);
#1657=EDGE_CURVE('',#2022,#1982,#2023,.T.);
#1658=EDGE_CURVE('',#1997,#2022,#2024,.T.);
#1659=EDGE_CURVE('',#2025,#2010,#2026,.T.);
#1660=EDGE_CURVE('',#2027,#2025,#2028,.T.);
#1661=EDGE_CURVE('',#2029,#2027,#2030,.T.);
#1662=EDGE_CURVE('',#2031,#2029,#2032,.T.);
#1663=EDGE_CURVE('',#2031,#2033,#2034,.T.);
#1664=EDGE_CURVE('',#2035,#2033,#2036,.T.);
#1665=EDGE_CURVE('',#2037,#2035,#2038,.T.);
#1666=EDGE_CURVE('',#2039,#2037,#2040,.T.);
#1667=EDGE_CURVE('',#1988,#2039,#2041,.T.);
#1668=EDGE_CURVE('',#2013,#2042,#2043,.T.);
#1669=EDGE_CURVE('',#2042,#2004,#2044,.T.);
#1670=EDGE_CURVE('',#2016,#2045,#2046,.T.);
#1671=EDGE_CURVE('',#1992,#2045,#2047,.T.);
#1672=EDGE_CURVE('',#2022,#2019,#2048,.T.);
#1673=EDGE_CURVE('',#2031,#2049,#2050,.T.);
#1674=EDGE_CURVE('',#2051,#2049,#2052,.T.);
#1675=EDGE_CURVE('',#2051,#2033,#2053,.T.);
#1676=EDGE_CURVE('',#2054,#2006,#2055,.T.);
#1677=EDGE_CURVE('',#2042,#2054,#2056,.T.);
#1678=EDGE_CURVE('',#2057,#2058,#2059,.T.);
#1679=EDGE_CURVE('',#2060,#2057,#2061,.T.);
#1680=EDGE_CURVE('',#2060,#2062,#2063,.T.);
#1681=EDGE_CURVE('',#2058,#2062,#2064,.T.);
#1682=EDGE_CURVE('',#2065,#2066,#2067,.T.);
#1683=EDGE_CURVE('',#2057,#2065,#2068,.T.);
#1684=EDGE_CURVE('',#2066,#2058,#2069,.T.);
#1685=EDGE_CURVE('',#2065,#2070,#2071,.T.);
#1686=EDGE_CURVE('',#2072,#2066,#2073,.T.);
#1687=EDGE_CURVE('',#2070,#2072,#2074,.T.);
#1688=EDGE_CURVE('',#2075,#2072,#2076,.T.);
#1689=EDGE_CURVE('',#2077,#2075,#2078,.T.);
#1690=EDGE_CURVE('',#2070,#2077,#2079,.T.);
#1691=EDGE_CURVE('',#2080,#2081,#2082,.T.);
#1692=EDGE_CURVE('',#2083,#2080,#2084,.T.);
#1693=EDGE_CURVE('',#2085,#2083,#2086,.T.);
#1694=EDGE_CURVE('',#2081,#2085,#2087,.T.);
#1695=EDGE_CURVE('',#2088,#2085,#2089,.T.);
#1696=EDGE_CURVE('',#2088,#2090,#2091,.T.);
#1697=EDGE_CURVE('',#2081,#2090,#2092,.T.);
#1698=EDGE_CURVE('',#2090,#2060,#2093,.T.);
#1699=EDGE_CURVE('',#2062,#2088,#2094,.T.);
#1700=EDGE_CURVE('',#2095,#2096,#2097,.T.);
#1701=EDGE_CURVE('',#2098,#2095,#2099,.T.);
#1702=EDGE_CURVE('',#2098,#2100,#2101,.T.);
#1703=EDGE_CURVE('',#2096,#2100,#2102,.T.);
#1704=EDGE_CURVE('',#2103,#2104,#2105,.T.);
#1705=EDGE_CURVE('',#2095,#2103,#2106,.T.);
#1706=EDGE_CURVE('',#2104,#2096,#2107,.T.);
#1707=EDGE_CURVE('',#2103,#2108,#2109,.T.);
#1708=EDGE_CURVE('',#2110,#2104,#2111,.T.);
#1709=EDGE_CURVE('',#2108,#2110,#2112,.T.);
#1710=EDGE_CURVE('',#2113,#2110,#2114,.T.);
#1711=EDGE_CURVE('',#2115,#2113,#2116,.T.);
#1712=EDGE_CURVE('',#2108,#2115,#2117,.T.);
#1713=EDGE_CURVE('',#2118,#2119,#2120,.T.);
#1714=EDGE_CURVE('',#2121,#2118,#2122,.T.);
#1715=EDGE_CURVE('',#2123,#2121,#2124,.T.);
#1716=EDGE_CURVE('',#2119,#2123,#2125,.T.);
#1717=EDGE_CURVE('',#2126,#2123,#2127,.T.);
#1718=EDGE_CURVE('',#2126,#2128,#2129,.T.);
#1719=EDGE_CURVE('',#2119,#2128,#2130,.T.);
#1720=EDGE_CURVE('',#2128,#2098,#2131,.T.);
#1721=EDGE_CURVE('',#2100,#2126,#2132,.T.);
#1722=EDGE_CURVE('',#2133,#2045,#2134,.T.);
#1723=EDGE_CURVE('',#2133,#1990,#2135,.T.);
#1724=EDGE_CURVE('',#2136,#2137,#2138,.T.);
#1725=EDGE_CURVE('',#2139,#2137,#2140,.T.);
#1726=EDGE_CURVE('',#2139,#2141,#2142,.T.);
#1727=EDGE_CURVE('',#2136,#2141,#2143,.T.);
#1728=EDGE_CURVE('',#2144,#2136,#2145,.T.);
#1729=EDGE_CURVE('',#2146,#2144,#2147,.T.);
#1730=EDGE_CURVE('',#2137,#2146,#2148,.T.);
#1731=EDGE_CURVE('',#2146,#2149,#2150,.T.);
#1732=EDGE_CURVE('',#2151,#2144,#2152,.T.);
#1733=EDGE_CURVE('',#2151,#2149,#2153,.T.);
#1734=EDGE_CURVE('',#2154,#2151,#2155,.T.);
#1735=EDGE_CURVE('',#2156,#2154,#2157,.T.);
#1736=EDGE_CURVE('',#2149,#2156,#2158,.T.);
#1737=EDGE_CURVE('',#2159,#2160,#2161,.T.);
#1738=EDGE_CURVE('',#2162,#2159,#2163,.T.);
#1739=EDGE_CURVE('',#2164,#2162,#2165,.T.);
#1740=EDGE_CURVE('',#2160,#2164,#2166,.T.);
#1741=EDGE_CURVE('',#2167,#2159,#2168,.T.);
#1742=EDGE_CURVE('',#2167,#2169,#2170,.T.);
#1743=EDGE_CURVE('',#2162,#2169,#2171,.T.);
#1744=EDGE_CURVE('',#2169,#2139,#2172,.T.);
#1745=EDGE_CURVE('',#2141,#2167,#2173,.T.);
#1746=EDGE_CURVE('',#2174,#2175,#2176,.T.);
#1747=EDGE_CURVE('',#2177,#2175,#2178,.T.);
#1748=EDGE_CURVE('',#2177,#2179,#2180,.T.);
#1749=EDGE_CURVE('',#2174,#2179,#2181,.T.);
#1750=EDGE_CURVE('',#2182,#2174,#2183,.T.);
#1751=EDGE_CURVE('',#2184,#2182,#2185,.T.);
#1752=EDGE_CURVE('',#2175,#2184,#2186,.T.);
#1753=EDGE_CURVE('',#2184,#2187,#2188,.T.);
#1754=EDGE_CURVE('',#2189,#2182,#2190,.T.);
#1755=EDGE_CURVE('',#2189,#2187,#2191,.T.);
#1756=EDGE_CURVE('',#2192,#2189,#2193,.T.);
#1757=EDGE_CURVE('',#2194,#2192,#2195,.T.);
#1758=EDGE_CURVE('',#2187,#2194,#2196,.T.);
#1759=EDGE_CURVE('',#2197,#2198,#2199,.T.);
#1760=EDGE_CURVE('',#2200,#2197,#2201,.T.);
#1761=EDGE_CURVE('',#2202,#2200,#2203,.T.);
#1762=EDGE_CURVE('',#2198,#2202,#2204,.T.);
#1763=EDGE_CURVE('',#2205,#2197,#2206,.T.);
#1764=EDGE_CURVE('',#2205,#2207,#2208,.T.);
#1765=EDGE_CURVE('',#2200,#2207,#2209,.T.);
#1766=EDGE_CURVE('',#2207,#2177,#2210,.T.);
#1767=EDGE_CURVE('',#2179,#2205,#2211,.T.);
#1768=EDGE_CURVE('',#2212,#2213,#2214,.T.);
#1769=EDGE_CURVE('',#2212,#2054,#2215,.T.);
#1770=EDGE_CURVE('',#2216,#2133,#2217,.T.);
#1771=EDGE_CURVE('',#2218,#2216,#2219,.T.);
#1772=EDGE_CURVE('',#2218,#2213,#2220,.T.);
#1773=EDGE_CURVE('',#2221,#2051,#2222,.T.);
#1774=EDGE_CURVE('',#2221,#2035,#2223,.T.);
#1775=EDGE_CURVE('',#2029,#2224,#2225,.T.);
#1776=EDGE_CURVE('',#2049,#2224,#2226,.T.);
#1777=EDGE_CURVE('',#2224,#2221,#2227,.T.);
#1778=EDGE_CURVE('',#2025,#2228,#2229,.T.);
#1779=EDGE_CURVE('',#2228,#2230,#2231,.T.);
#1780=EDGE_CURVE('',#2230,#2027,#2232,.T.);
#1781=EDGE_CURVE('',#2212,#2008,#2233,.T.);
#1782=EDGE_CURVE('',#2234,#2080,#2235,.T.);
#1783=EDGE_CURVE('',#2234,#2236,#2237,.T.);
#1784=EDGE_CURVE('',#2083,#2236,#2238,.T.);
#1785=EDGE_CURVE('',#2236,#2239,#2240,.T.);
#1786=EDGE_CURVE('',#2075,#2239,#2241,.T.);
#1787=EDGE_CURVE('',#2239,#2242,#2243,.T.);
#1788=EDGE_CURVE('',#2077,#2242,#2244,.T.);
#1789=EDGE_CURVE('',#2242,#2234,#2245,.T.);
#1790=EDGE_CURVE('',#2246,#2118,#2247,.T.);
#1791=EDGE_CURVE('',#2246,#2248,#2249,.T.);
#1792=EDGE_CURVE('',#2121,#2248,#2250,.T.);
#1793=EDGE_CURVE('',#2248,#2251,#2252,.T.);
#1794=EDGE_CURVE('',#2113,#2251,#2253,.T.);
#1795=EDGE_CURVE('',#2251,#2254,#2255,.T.);
#1796=EDGE_CURVE('',#2115,#2254,#2256,.T.);
#1797=EDGE_CURVE('',#2254,#2246,#2257,.T.);
#1798=EDGE_CURVE('',#2037,#2258,#2259,.T.);
#1799=EDGE_CURVE('',#2258,#2260,#2261,.T.);
#1800=EDGE_CURVE('',#2260,#2039,#2262,.T.);
#1801=EDGE_CURVE('',#1987,#2216,#2263,.T.);
#1802=EDGE_CURVE('',#2264,#2164,#2265,.T.);
#1803=EDGE_CURVE('',#2264,#2266,#2267,.T.);
#1804=EDGE_CURVE('',#2160,#2266,#2268,.T.);
#1805=EDGE_CURVE('',#2266,#2269,#2270,.T.);
#1806=EDGE_CURVE('',#2154,#2269,#2271,.T.);
#1807=EDGE_CURVE('',#2269,#2272,#2273,.T.);
#1808=EDGE_CURVE('',#2156,#2272,#2274,.T.);
#1809=EDGE_CURVE('',#2272,#2264,#2275,.T.);
#1810=EDGE_CURVE('',#2276,#2202,#2277,.T.);
#1811=EDGE_CURVE('',#2276,#2278,#2279,.T.);
#1812=EDGE_CURVE('',#2198,#2278,#2280,.T.);
#1813=EDGE_CURVE('',#2278,#2281,#2282,.T.);
#1814=EDGE_CURVE('',#2192,#2281,#2283,.T.);
#1815=EDGE_CURVE('',#2281,#2284,#2285,.T.);
#1816=EDGE_CURVE('',#2194,#2284,#2286,.T.);
#1817=EDGE_CURVE('',#2284,#2276,#2287,.T.);
#1818=EDGE_CURVE('',#2218,#2288,#2289,.T.);
#1819=EDGE_CURVE('',#2290,#2288,#2291,.T.);
#1820=EDGE_CURVE('',#2292,#2290,#2293,.T.);
#1821=EDGE_CURVE('',#2294,#2292,#2295,.T.);
#1822=EDGE_CURVE('',#2294,#2296,#2297,.T.);
#1823=EDGE_CURVE('',#2298,#2296,#2299,.T.);
#1824=EDGE_CURVE('',#2300,#2298,#2301,.T.);
#1825=EDGE_CURVE('',#2302,#2300,#2303,.T.);
#1826=EDGE_CURVE('',#2302,#2213,#2304,.T.);
#1827=EDGE_CURVE('',#2258,#2230,#2305,.T.);
#1828=EDGE_CURVE('',#2306,#2302,#2307,.T.);
#1829=EDGE_CURVE('',#2228,#2306,#2308,.T.);
#1830=EDGE_CURVE('',#2309,#2260,#2310,.T.);
#1831=EDGE_CURVE('',#2288,#2309,#2311,.T.);
#1832=EDGE_CURVE('',#2294,#2312,#2313,.T.);
#1833=EDGE_CURVE('',#2314,#2312,#2315,.T.);
#1834=EDGE_CURVE('',#2296,#2314,#2316,.T.);
#1835=EDGE_CURVE('',#2300,#2317,#2318,.T.);
#1836=EDGE_CURVE('',#2306,#2317,#2319,.T.);
#1837=EDGE_CURVE('',#2317,#2320,#2321,.T.);
#1838=EDGE_CURVE('',#2309,#2320,#2322,.T.);
#1839=EDGE_CURVE('',#2320,#2290,#2323,.T.);
#1840=EDGE_CURVE('',#2292,#2324,#2325,.T.);
#1841=EDGE_CURVE('',#2312,#2324,#2326,.T.);
#1842=EDGE_CURVE('',#2324,#2327,#2328,.T.);
#1843=EDGE_CURVE('',#2327,#2314,#2329,.T.);
#1844=EDGE_CURVE('',#2327,#2298,#2330,.T.);
#1845=EDGE_CURVE('',#1924,#1923,#2331,.T.);
#1846=EDGE_CURVE('',#1931,#1930,#2332,.T.);
#1847=EDGE_CURVE('',#1938,#1937,#2333,.T.);
#1848=EDGE_CURVE('',#1945,#1944,#2334,.T.);
#1849=EDGE_CURVE('',#1877,#1875,#2335,.T.);
#1850=EDGE_CURVE('',#1947,#1920,#2336,.T.);
#1851=EDGE_CURVE('',#1940,#1910,#2337,.T.);
#1852=EDGE_CURVE('',#1933,#1900,#2338,.T.);
#1853=EDGE_CURVE('',#1926,#1869,#2339,.T.);
#1854=EDGE_CURVE('',#1918,#1916,#2340,.T.);
#1855=EDGE_CURVE('',#1908,#1906,#2341,.T.);
#1856=EDGE_CURVE('',#1898,#1896,#2342,.T.);
#1857=EDGE_CURVE('',#1888,#1890,#2343,.T.);
#1858=EDGE_CURVE('',#1885,#1883,#2344,.T.);
#1859=EDGE_CURVE('',#1881,#1880,#2345,.T.);
#1860=EDGE_CURVE('',#1873,#1872,#2346,.T.);
#1861=EDGE_CURVE('',#1867,#1865,#2347,.T.);
#1862=VERTEX_POINT('',#2348);
#1863=VERTEX_POINT('',#2349);
#1864=CIRCLE('',#2350,0.5);
#1865=VERTEX_POINT('',#2351);
#1866=CIRCLE('',#2352,0.2);
#1867=VERTEX_POINT('',#2353);
#1868=CIRCLE('',#2354,0.3);
#1869=VERTEX_POINT('',#2355);
#1870=CIRCLE('',#2356,0.2);
#1871=CIRCLE('',#2357,0.5);
#1872=VERTEX_POINT('',#2358);
#1873=VERTEX_POINT('',#2359);
#1874=CIRCLE('',#2360,1.3);
#1875=VERTEX_POINT('',#2361);
#1876=LINE('',#2362,#2363);
#1877=VERTEX_POINT('',#2364);
#1878=CIRCLE('',#2365,1.3);
#1879=LINE('',#2366,#2367);
#1880=VERTEX_POINT('',#2368);
#1881=VERTEX_POINT('',#2369);
#1882=CIRCLE('',#2370,1.25);
#1883=VERTEX_POINT('',#2371);
#1884=LINE('',#2372,#2373);
#1885=VERTEX_POINT('',#2374);
#1886=CIRCLE('',#2375,1.25);
#1887=LINE('',#2376,#2377);
#1888=VERTEX_POINT('',#2378);
#1889=CIRCLE('',#2379,0.1);
#1890=VERTEX_POINT('',#2380);
#1891=CIRCLE('',#2381,1.15);
#1892=CIRCLE('',#2382,0.1);
#1893=VERTEX_POINT('',#2383);
#1894=VERTEX_POINT('',#2384);
#1895=CIRCLE('',#2385,0.5);
#1896=VERTEX_POINT('',#2386);
#1897=CIRCLE('',#2387,0.199999999999999);
#1898=VERTEX_POINT('',#2388);
#1899=CIRCLE('',#2389,0.3);
#1900=VERTEX_POINT('',#2390);
#1901=CIRCLE('',#2391,0.199999999999999);
#1902=CIRCLE('',#2392,0.5);
#1903=VERTEX_POINT('',#2393);
#1904=VERTEX_POINT('',#2394);
#1905=CIRCLE('',#2395,0.5);
#1906=VERTEX_POINT('',#2396);
#1907=CIRCLE('',#2397,0.199999999999999);
#1908=VERTEX_POINT('',#2398);
#1909=CIRCLE('',#2399,0.3);
#1910=VERTEX_POINT('',#2400);
#1911=CIRCLE('',#2401,0.199999999999999);
#1912=CIRCLE('',#2402,0.5);
#1913=VERTEX_POINT('',#2403);
#1914=VERTEX_POINT('',#2404);
#1915=CIRCLE('',#2405,0.5);
#1916=VERTEX_POINT('',#2406);
#1917=CIRCLE('',#2407,0.2);
#1918=VERTEX_POINT('',#2408);
#1919=CIRCLE('',#2409,0.3);
#1920=VERTEX_POINT('',#2410);
#1921=CIRCLE('',#2411,0.2);
#1922=CIRCLE('',#2412,0.5);
#1923=VERTEX_POINT('',#2413);
#1924=VERTEX_POINT('',#2414);
#1925=CIRCLE('',#2415,0.5);
#1926=VERTEX_POINT('',#2416);
#1927=LINE('',#2417,#2418);
#1928=CIRCLE('',#2419,0.5);
#1929=LINE('',#2420,#2421);
#1930=VERTEX_POINT('',#2422);
#1931=VERTEX_POINT('',#2423);
#1932=CIRCLE('',#2424,0.5);
#1933=VERTEX_POINT('',#2425);
#1934=LINE('',#2426,#2427);
#1935=CIRCLE('',#2428,0.5);
#1936=LINE('',#2429,#2430);
#1937=VERTEX_POINT('',#2431);
#1938=VERTEX_POINT('',#2432);
#1939=CIRCLE('',#2433,0.5);
#1940=VERTEX_POINT('',#2434);
#1941=LINE('',#2435,#2436);
#1942=CIRCLE('',#2437,0.5);
#1943=LINE('',#2438,#2439);
#1944=VERTEX_POINT('',#2440);
#1945=VERTEX_POINT('',#2441);
#1946=CIRCLE('',#2442,0.5);
#1947=VERTEX_POINT('',#2443);
#1948=LINE('',#2444,#2445);
#1949=CIRCLE('',#2446,0.5);
#1950=LINE('',#2447,#2448);
#1951=VERTEX_POINT('',#2449);
#1952=VERTEX_POINT('',#2450);
#1953=LINE('',#2451,#2452);
#1954=VERTEX_POINT('',#2453);
#1955=LINE('',#2454,#2455);
#1956=VERTEX_POINT('',#2456);
#1957=LINE('',#2457,#2458);
#1958=LINE('',#2459,#2460);
#1959=VERTEX_POINT('',#2461);
#1960=LINE('',#2462,#2463);
#1961=VERTEX_POINT('',#2464);
#1962=LINE('',#2465,#2466);
#1963=LINE('',#2467,#2468);
#1964=VERTEX_POINT('',#2469);
#1965=LINE('',#2470,#2471);
#1966=VERTEX_POINT('',#2472);
#1967=LINE('',#2473,#2474);
#1968=LINE('',#2475,#2476);
#1969=LINE('',#2477,#2478);
#1970=LINE('',#2479,#2480);
#1971=VERTEX_POINT('',#2481);
#1972=VERTEX_POINT('',#2482);
#1973=LINE('',#2483,#2484);
#1974=VERTEX_POINT('',#2485);
#1975=LINE('',#2486,#2487);
#1976=VERTEX_POINT('',#2488);
#1977=LINE('',#2489,#2490);
#1978=LINE('',#2491,#2492);
#1979=VERTEX_POINT('',#2493);
#1980=VERTEX_POINT('',#2494);
#1981=LINE('',#2495,#2496);
#1982=VERTEX_POINT('',#2497);
#1983=LINE('',#2498,#2499);
#1984=VERTEX_POINT('',#2500);
#1985=LINE('',#2501,#2502);
#1986=LINE('',#2503,#2504);
#1987=VERTEX_POINT('',#2505);
#1988=VERTEX_POINT('',#2506);
#1989=LINE('',#2507,#2508);
#1990=VERTEX_POINT('',#2509);
#1991=LINE('',#2510,#2511);
#1992=VERTEX_POINT('',#2512);
#1993=LINE('',#2513,#2514);
#1994=VERTEX_POINT('',#2515);
#1995=LINE('',#2516,#2517);
#1996=LINE('',#2518,#2519);
#1997=VERTEX_POINT('',#2520);
#1998=LINE('',#2521,#2522);
#1999=VERTEX_POINT('',#2523);
#2000=LINE('',#2524,#2525);
#2001=LINE('',#2526,#2527);
#2002=VERTEX_POINT('',#2528);
#2003=LINE('',#2529,#2530);
#2004=VERTEX_POINT('',#2531);
#2005=LINE('',#2532,#2533);
#2006=VERTEX_POINT('',#2534);
#2007=LINE('',#2535,#2536);
#2008=VERTEX_POINT('',#2537);
#2009=LINE('',#2538,#2539);
#2010=VERTEX_POINT('',#2540);
#2011=LINE('',#2541,#2542);
#2012=LINE('',#2543,#2544);
#2013=VERTEX_POINT('',#2545);
#2014=LINE('',#2546,#2547);
#2015=LINE('',#2548,#2549);
#2016=VERTEX_POINT('',#2550);
#2017=LINE('',#2551,#2552);
#2018=LINE('',#2553,#2554);
#2019=VERTEX_POINT('',#2555);
#2020=LINE('',#2556,#2557);
#2021=LINE('',#2558,#2559);
#2022=VERTEX_POINT('',#2560);
#2023=LINE('',#2561,#2562);
#2024=LINE('',#2563,#2564);
#2025=VERTEX_POINT('',#2565);
#2026=LINE('',#2566,#2567);
#2027=VERTEX_POINT('',#2568);
#2028=CIRCLE('',#2569,0.0999999999999998);
#2029=VERTEX_POINT('',#2570);
#2030=LINE('',#2571,#2572);
#2031=VERTEX_POINT('',#2573);
#2032=LINE('',#2574,#2575);
#2033=VERTEX_POINT('',#2576);
#2034=LINE('',#2577,#2578);
#2035=VERTEX_POINT('',#2579);
#2036=LINE('',#2580,#2581);
#2037=VERTEX_POINT('',#2582);
#2038=LINE('',#2583,#2584);
#2039=VERTEX_POINT('',#2585);
#2040=CIRCLE('',#2586,0.0999999999999998);
#2041=LINE('',#2587,#2588);
#2042=VERTEX_POINT('',#2589);
#2043=LINE('',#2590,#2591);
#2044=LINE('',#2592,#2593);
#2045=VERTEX_POINT('',#2594);
#2046=LINE('',#2595,#2596);
#2047=LINE('',#2597,#2598);
#2048=LINE('',#2599,#2600);
#2049=VERTEX_POINT('',#2601);
#2050=LINE('',#2602,#2603);
#2051=VERTEX_POINT('',#2604);
#2052=LINE('',#2605,#2606);
#2053=LINE('',#2607,#2608);
#2054=VERTEX_POINT('',#2609);
#2055=LINE('',#2610,#2611);
#2056=LINE('',#2612,#2613);
#2057=VERTEX_POINT('',#2614);
#2058=VERTEX_POINT('',#2615);
#2059=LINE('',#2616,#2617);
#2060=VERTEX_POINT('',#2618);
#2061=LINE('',#2619,#2620);
#2062=VERTEX_POINT('',#2621);
#2063=LINE('',#2622,#2623);
#2064=LINE('',#2624,#2625);
#2065=VERTEX_POINT('',#2626);
#2066=VERTEX_POINT('',#2627);
#2067=LINE('',#2628,#2629);
#2068=LINE('',#2630,#2631);
#2069=LINE('',#2632,#2633);
#2070=VERTEX_POINT('',#2634);
#2071=CIRCLE('',#2635,0.3);
#2072=VERTEX_POINT('',#2636);
#2073=CIRCLE('',#2637,0.3);
#2074=LINE('',#2638,#2639);
#2075=VERTEX_POINT('',#2640);
#2076=LINE('',#2641,#2642);
#2077=VERTEX_POINT('',#2643);
#2078=LINE('',#2644,#2645);
#2079=LINE('',#2646,#2647);
#2080=VERTEX_POINT('',#2648);
#2081=VERTEX_POINT('',#2649);
#2082=CIRCLE('',#2650,0.3);
#2083=VERTEX_POINT('',#2651);
#2084=LINE('',#2652,#2653);
#2085=VERTEX_POINT('',#2654);
#2086=CIRCLE('',#2655,0.3);
#2087=LINE('',#2656,#2657);
#2088=VERTEX_POINT('',#2658);
#2089=LINE('',#2659,#2660);
#2090=VERTEX_POINT('',#2661);
#2091=LINE('',#2662,#2663);
#2092=LINE('',#2664,#2665);
#2093=LINE('',#2666,#2667);
#2094=LINE('',#2668,#2669);
#2095=VERTEX_POINT('',#2670);
#2096=VERTEX_POINT('',#2671);
#2097=LINE('',#2672,#2673);
#2098=VERTEX_POINT('',#2674);
#2099=LINE('',#2675,#2676);
#2100=VERTEX_POINT('',#2677);
#2101=LINE('',#2678,#2679);
#2102=LINE('',#2680,#2681);
#2103=VERTEX_POINT('',#2682);
#2104=VERTEX_POINT('',#2683);
#2105=LINE('',#2684,#2685);
#2106=LINE('',#2686,#2687);
#2107=LINE('',#2688,#2689);
#2108=VERTEX_POINT('',#2690);
#2109=CIRCLE('',#2691,0.3);
#2110=VERTEX_POINT('',#2692);
#2111=CIRCLE('',#2693,0.3);
#2112=LINE('',#2694,#2695);
#2113=VERTEX_POINT('',#2696);
#2114=LINE('',#2697,#2698);
#2115=VERTEX_POINT('',#2699);
#2116=LINE('',#2700,#2701);
#2117=LINE('',#2702,#2703);
#2118=VERTEX_POINT('',#2704);
#2119=VERTEX_POINT('',#2705);
#2120=CIRCLE('',#2706,0.3);
#2121=VERTEX_POINT('',#2707);
#2122=LINE('',#2708,#2709);
#2123=VERTEX_POINT('',#2710);
#2124=CIRCLE('',#2711,0.3);
#2125=LINE('',#2712,#2713);
#2126=VERTEX_POINT('',#2714);
#2127=LINE('',#2715,#2716);
#2128=VERTEX_POINT('',#2717);
#2129=LINE('',#2718,#2719);
#2130=LINE('',#2720,#2721);
#2131=LINE('',#2722,#2723);
#2132=LINE('',#2724,#2725);
#2133=VERTEX_POINT('',#2726);
#2134=LINE('',#2727,#2728);
#2135=LINE('',#2729,#2730);
#2136=VERTEX_POINT('',#2731);
#2137=VERTEX_POINT('',#2732);
#2138=LINE('',#2733,#2734);
#2139=VERTEX_POINT('',#2735);
#2140=LINE('',#2736,#2737);
#2141=VERTEX_POINT('',#2738);
#2142=LINE('',#2739,#2740);
#2143=LINE('',#2741,#2742);
#2144=VERTEX_POINT('',#2743);
#2145=LINE('',#2744,#2745);
#2146=VERTEX_POINT('',#2746);
#2147=LINE('',#2747,#2748);
#2148=LINE('',#2749,#2750);
#2149=VERTEX_POINT('',#2751);
#2150=CIRCLE('',#2752,0.3);
#2151=VERTEX_POINT('',#2753);
#2152=CIRCLE('',#2754,0.3);
#2153=LINE('',#2755,#2756);
#2154=VERTEX_POINT('',#2757);
#2155=LINE('',#2758,#2759);
#2156=VERTEX_POINT('',#2760);
#2157=LINE('',#2761,#2762);
#2158=LINE('',#2763,#2764);
#2159=VERTEX_POINT('',#2765);
#2160=VERTEX_POINT('',#2766);
#2161=CIRCLE('',#2767,0.3);
#2162=VERTEX_POINT('',#2768);
#2163=LINE('',#2769,#2770);
#2164=VERTEX_POINT('',#2771);
#2165=CIRCLE('',#2772,0.3);
#2166=LINE('',#2773,#2774);
#2167=VERTEX_POINT('',#2775);
#2168=LINE('',#2776,#2777);
#2169=VERTEX_POINT('',#2778);
#2170=LINE('',#2779,#2780);
#2171=LINE('',#2781,#2782);
#2172=LINE('',#2783,#2784);
#2173=LINE('',#2785,#2786);
#2174=VERTEX_POINT('',#2787);
#2175=VERTEX_POINT('',#2788);
#2176=LINE('',#2789,#2790);
#2177=VERTEX_POINT('',#2791);
#2178=LINE('',#2792,#2793);
#2179=VERTEX_POINT('',#2794);
#2180=LINE('',#2795,#2796);
#2181=LINE('',#2797,#2798);
#2182=VERTEX_POINT('',#2799);
#2183=LINE('',#2800,#2801);
#2184=VERTEX_POINT('',#2802);
#2185=LINE('',#2803,#2804);
#2186=LINE('',#2805,#2806);
#2187=VERTEX_POINT('',#2807);
#2188=CIRCLE('',#2808,0.3);
#2189=VERTEX_POINT('',#2809);
#2190=CIRCLE('',#2810,0.3);
#2191=LINE('',#2811,#2812);
#2192=VERTEX_POINT('',#2813);
#2193=LINE('',#2814,#2815);
#2194=VERTEX_POINT('',#2816);
#2195=LINE('',#2817,#2818);
#2196=LINE('',#2819,#2820);
#2197=VERTEX_POINT('',#2821);
#2198=VERTEX_POINT('',#2822);
#2199=CIRCLE('',#2823,0.3);
#2200=VERTEX_POINT('',#2824);
#2201=LINE('',#2825,#2826);
#2202=VERTEX_POINT('',#2827);
#2203=CIRCLE('',#2828,0.3);
#2204=LINE('',#2829,#2830);
#2205=VERTEX_POINT('',#2831);
#2206=LINE('',#2832,#2833);
#2207=VERTEX_POINT('',#2834);
#2208=LINE('',#2835,#2836);
#2209=LINE('',#2837,#2838);
#2210=LINE('',#2839,#2840);
#2211=LINE('',#2841,#2842);
#2212=VERTEX_POINT('',#2843);
#2213=VERTEX_POINT('',#2844);
#2214=LINE('',#2845,#2846);
#2215=LINE('',#2847,#2848);
#2216=VERTEX_POINT('',#2849);
#2217=LINE('',#2850,#2851);
#2218=VERTEX_POINT('',#2852);
#2219=LINE('',#2853,#2854);
#2220=LINE('',#2855,#2856);
#2221=VERTEX_POINT('',#2857);
#2222=LINE('',#2858,#2859);
#2223=LINE('',#2860,#2861);
#2224=VERTEX_POINT('',#2862);
#2225=LINE('',#2863,#2864);
#2226=LINE('',#2865,#2866);
#2227=LINE('',#2867,#2868);
#2228=VERTEX_POINT('',#2869);
#2229=LINE('',#2870,#2871);
#2230=VERTEX_POINT('',#2872);
#2231=CIRCLE('',#2873,0.0999999999999998);
#2232=LINE('',#2874,#2875);
#2233=LINE('',#2876,#2877);
#2234=VERTEX_POINT('',#2878);
#2235=LINE('',#2879,#2880);
#2236=VERTEX_POINT('',#2881);
#2237=LINE('',#2882,#2883);
#2238=LINE('',#2884,#2885);
#2239=VERTEX_POINT('',#2886);
#2240=LINE('',#2887,#2888);
#2241=LINE('',#2889,#2890);
#2242=VERTEX_POINT('',#2891);
#2243=LINE('',#2892,#2893);
#2244=LINE('',#2894,#2895);
#2245=LINE('',#2896,#2897);
#2246=VERTEX_POINT('',#2898);
#2247=LINE('',#2899,#2900);
#2248=VERTEX_POINT('',#2901);
#2249=LINE('',#2902,#2903);
#2250=LINE('',#2904,#2905);
#2251=VERTEX_POINT('',#2906);
#2252=LINE('',#2907,#2908);
#2253=LINE('',#2909,#2910);
#2254=VERTEX_POINT('',#2911);
#2255=LINE('',#2912,#2913);
#2256=LINE('',#2914,#2915);
#2257=LINE('',#2916,#2917);
#2258=VERTEX_POINT('',#2918);
#2259=LINE('',#2919,#2920);
#2260=VERTEX_POINT('',#2921);
#2261=CIRCLE('',#2922,0.0999999999999998);
#2262=LINE('',#2923,#2924);
#2263=LINE('',#2925,#2926);
#2264=VERTEX_POINT('',#2927);
#2265=LINE('',#2928,#2929);
#2266=VERTEX_POINT('',#2930);
#2267=LINE('',#2931,#2932);
#2268=LINE('',#2933,#2934);
#2269=VERTEX_POINT('',#2935);
#2270=LINE('',#2936,#2937);
#2271=LINE('',#2938,#2939);
#2272=VERTEX_POINT('',#2940);
#2273=LINE('',#2941,#2942);
#2274=LINE('',#2943,#2944);
#2275=LINE('',#2945,#2946);
#2276=VERTEX_POINT('',#2947);
#2277=LINE('',#2948,#2949);
#2278=VERTEX_POINT('',#2950);
#2279=LINE('',#2951,#2952);
#2280=LINE('',#2953,#2954);
#2281=VERTEX_POINT('',#2955);
#2282=LINE('',#2956,#2957);
#2283=LINE('',#2958,#2959);
#2284=VERTEX_POINT('',#2960);
#2285=LINE('',#2961,#2962);
#2286=LINE('',#2963,#2964);
#2287=LINE('',#2965,#2966);
#2288=VERTEX_POINT('',#2967);
#2289=LINE('',#2968,#2969);
#2290=VERTEX_POINT('',#2970);
#2291=CIRCLE('',#2971,0.0999999999999998);
#2292=VERTEX_POINT('',#2972);
#2293=LINE('',#2973,#2974);
#2294=VERTEX_POINT('',#2975);
#2295=LINE('',#2976,#2977);
#2296=VERTEX_POINT('',#2978);
#2297=LINE('',#2979,#2980);
#2298=VERTEX_POINT('',#2981);
#2299=LINE('',#2982,#2983);
#2300=VERTEX_POINT('',#2984);
#2301=LINE('',#2985,#2986);
#2302=VERTEX_POINT('',#2987);
#2303=CIRCLE('',#2988,0.0999999999999998);
#2304=LINE('',#2989,#2990);
#2305=LINE('',#2991,#2992);
#2306=VERTEX_POINT('',#2993);
#2307=LINE('',#2994,#2995);
#2308=LINE('',#2996,#2997);
#2309=VERTEX_POINT('',#2998);
#2310=LINE('',#2999,#3000);
#2311=LINE('',#3001,#3002);
#2312=VERTEX_POINT('',#3003);
#2313=LINE('',#3004,#3005);
#2314=VERTEX_POINT('',#3006);
#2315=LINE('',#3007,#3008);
#2316=LINE('',#3009,#3010);
#2317=VERTEX_POINT('',#3011);
#2318=LINE('',#3012,#3013);
#2319=CIRCLE('',#3014,0.0999999999999998);
#2320=VERTEX_POINT('',#3015);
#2321=LINE('',#3016,#3017);
#2322=CIRCLE('',#3018,0.0999999999999998);
#2323=LINE('',#3019,#3020);
#2324=VERTEX_POINT('',#3021);
#2325=LINE('',#3022,#3023);
#2326=LINE('',#3024,#3025);
#2327=VERTEX_POINT('',#3026);
#2328=LINE('',#3027,#3028);
#2329=LINE('',#3029,#3030);
#2330=LINE('',#3031,#3032);
#2331=CIRCLE('',#3033,0.5);
#2332=CIRCLE('',#3034,0.5);
#2333=CIRCLE('',#3035,0.5);
#2334=CIRCLE('',#3036,0.5);
#2335=CIRCLE('',#3037,1.3);
#2336=CIRCLE('',#3038,0.5);
#2337=CIRCLE('',#3039,0.5);
#2338=CIRCLE('',#3040,0.5);
#2339=CIRCLE('',#3041,0.5);
#2340=CIRCLE('',#3042,0.3);
#2341=CIRCLE('',#3043,0.3);
#2342=CIRCLE('',#3044,0.3);
#2343=CIRCLE('',#3045,1.15);
#2344=CIRCLE('',#3046,1.25);
#2345=CIRCLE('',#3047,1.25);
#2346=CIRCLE('',#3048,1.3);
#2347=CIRCLE('',#3049,0.3);
#2348=CARTESIAN_POINT('',(1.1,2.85,1.6));
#2349=CARTESIAN_POINT('',(1.6,2.85,2.1));
#2350=AXIS2_PLACEMENT_3D('',#3050,#3051,#3052);
#2351=CARTESIAN_POINT('',(1.6,3.05,1.9));
#2352=AXIS2_PLACEMENT_3D('',#3053,#3054,#3055);
#2353=CARTESIAN_POINT('',(1.6,3.05,1.3));
#2354=AXIS2_PLACEMENT_3D('',#3056,#3057,#3058);
#2355=CARTESIAN_POINT('',(1.6,2.85,1.1));
#2356=AXIS2_PLACEMENT_3D('',#3059,#3060,#3061);
#2357=AXIS2_PLACEMENT_3D('',#3062,#3063,#3064);
#2358=CARTESIAN_POINT('',(1.3,2.7,1.19409326763613E-15));
#2359=CARTESIAN_POINT('',(-1.3,2.7,8.90560190545708E-16));
#2360=AXIS2_PLACEMENT_3D('',#3065,#3066,#3067);
#2361=CARTESIAN_POINT('',(1.3,2.8,1.22974973753044E-15));
#2362=CARTESIAN_POINT('',(1.3,2.7,1.19409326763613E-15));
#2363=VECTOR('',#3068,1000.0);
#2364=CARTESIAN_POINT('',(-1.3,2.8,9.26216660440017E-16));
#2365=AXIS2_PLACEMENT_3D('',#3069,#3070,#3071);
#2366=CARTESIAN_POINT('',(-1.3,2.7,8.90560190545708E-16));
#2367=VECTOR('',#3072,1000.0);
#2368=CARTESIAN_POINT('',(-1.25,2.7,8.93335748107271E-16));
#2369=CARTESIAN_POINT('',(1.25,2.7,1.18519447607883E-15));
#2370=AXIS2_PLACEMENT_3D('',#3073,#3074,#3075);
#2371=CARTESIAN_POINT('',(1.25,4.4,1.79135446428209E-15));
#2372=CARTESIAN_POINT('',(1.25,-0.835533905932738,-7.54521066931591E-17));
#2373=VECTOR('',#3076,1000.0);
#2374=CARTESIAN_POINT('',(-1.25,4.4,1.49949573631052E-15));
#2375=AXIS2_PLACEMENT_3D('',#3077,#3078,#3079);
#2376=CARTESIAN_POINT('',(-1.25,-0.835533905932737,-3.67310834664723E-16));
#2377=VECTOR('',#3080,1000.0);
#2378=CARTESIAN_POINT('',(1.15,4.5,1.81533658505753E-15));
#2379=AXIS2_PLACEMENT_3D('',#3081,#3082,#3083);
#2380=CARTESIAN_POINT('',(-1.15,4.5,1.54070332132796E-15));
#2381=AXIS2_PLACEMENT_3D('',#3084,#3085,#3086);
#2382=AXIS2_PLACEMENT_3D('',#3087,#3088,#3089);
#2383=CARTESIAN_POINT('',(-2.1,2.85,1.6));
#2384=CARTESIAN_POINT('',(-1.6,2.85,2.1));
#2385=AXIS2_PLACEMENT_3D('',#3090,#3091,#3092);
#2386=CARTESIAN_POINT('',(-1.6,3.05,1.9));
#2387=AXIS2_PLACEMENT_3D('',#3093,#3094,#3095);
#2388=CARTESIAN_POINT('',(-1.6,3.05,1.3));
#2389=AXIS2_PLACEMENT_3D('',#3096,#3097,#3098);
#2390=CARTESIAN_POINT('',(-1.6,2.85,1.1));
#2391=AXIS2_PLACEMENT_3D('',#3099,#3100,#3101);
#2392=AXIS2_PLACEMENT_3D('',#3102,#3103,#3104);
#2393=CARTESIAN_POINT('',(-2.1,2.85,-1.6));
#2394=CARTESIAN_POINT('',(-1.6,2.85,-1.1));
#2395=AXIS2_PLACEMENT_3D('',#3105,#3106,#3107);
#2396=CARTESIAN_POINT('',(-1.6,3.05,-1.3));
#2397=AXIS2_PLACEMENT_3D('',#3108,#3109,#3110);
#2398=CARTESIAN_POINT('',(-1.6,3.05,-1.9));
#2399=AXIS2_PLACEMENT_3D('',#3111,#3112,#3113);
#2400=CARTESIAN_POINT('',(-1.6,2.85,-2.1));
#2401=AXIS2_PLACEMENT_3D('',#3114,#3115,#3116);
#2402=AXIS2_PLACEMENT_3D('',#3117,#3118,#3119);
#2403=CARTESIAN_POINT('',(1.1,2.85,-1.6));
#2404=CARTESIAN_POINT('',(1.6,2.85,-1.1));
#2405=AXIS2_PLACEMENT_3D('',#3120,#3121,#3122);
#2406=CARTESIAN_POINT('',(1.6,3.05,-1.3));
#2407=AXIS2_PLACEMENT_3D('',#3123,#3124,#3125);
#2408=CARTESIAN_POINT('',(1.6,3.05,-1.9));
#2409=AXIS2_PLACEMENT_3D('',#3126,#3127,#3128);
#2410=CARTESIAN_POINT('',(1.6,2.85,-2.1));
#2411=AXIS2_PLACEMENT_3D('',#3129,#3130,#3131);
#2412=AXIS2_PLACEMENT_3D('',#3132,#3133,#3134);
#2413=CARTESIAN_POINT('',(1.1,2.8,1.6));
#2414=CARTESIAN_POINT('',(2.1,2.8,1.6));
#2415=AXIS2_PLACEMENT_3D('',#3135,#3136,#3137);
#2416=CARTESIAN_POINT('',(2.1,2.85,1.6));
#2417=CARTESIAN_POINT('',(2.1,2.8,1.6));
#2418=VECTOR('',#3138,1000.0);
#2419=AXIS2_PLACEMENT_3D('',#3139,#3140,#3141);
#2420=CARTESIAN_POINT('',(1.1,2.8,1.6));
#2421=VECTOR('',#3142,1000.0);
#2422=CARTESIAN_POINT('',(-2.1,2.8,1.6));
#2423=CARTESIAN_POINT('',(-1.1,2.8,1.6));
#2424=AXIS2_PLACEMENT_3D('',#3143,#3144,#3145);
#2425=CARTESIAN_POINT('',(-1.1,2.85,1.6));
#2426=CARTESIAN_POINT('',(-1.1,2.8,1.6));
#2427=VECTOR('',#3146,1000.0);
#2428=AXIS2_PLACEMENT_3D('',#3147,#3148,#3149);
#2429=CARTESIAN_POINT('',(-2.1,2.8,1.6));
#2430=VECTOR('',#3150,1000.0);
#2431=CARTESIAN_POINT('',(-2.1,2.8,-1.6));
#2432=CARTESIAN_POINT('',(-1.1,2.8,-1.6));
#2433=AXIS2_PLACEMENT_3D('',#3151,#3152,#3153);
#2434=CARTESIAN_POINT('',(-1.1,2.85,-1.6));
#2435=CARTESIAN_POINT('',(-1.1,2.8,-1.6));
#2436=VECTOR('',#3154,1000.0);
#2437=AXIS2_PLACEMENT_3D('',#3155,#3156,#3157);
#2438=CARTESIAN_POINT('',(-2.1,2.8,-1.6));
#2439=VECTOR('',#3158,1000.0);
#2440=CARTESIAN_POINT('',(1.1,2.8,-1.6));
#2441=CARTESIAN_POINT('',(2.1,2.8,-1.6));
#2442=AXIS2_PLACEMENT_3D('',#3159,#3160,#3161);
#2443=CARTESIAN_POINT('',(2.1,2.85,-1.6));
#2444=CARTESIAN_POINT('',(2.1,2.8,-1.6));
#2445=VECTOR('',#3162,1000.0);
#2446=AXIS2_PLACEMENT_3D('',#3163,#3164,#3165);
#2447=CARTESIAN_POINT('',(1.1,2.8,-1.6));
#2448=VECTOR('',#3166,1000.0);
#2449=CARTESIAN_POINT('',(2.2,2.8,-2.2));
#2450=CARTESIAN_POINT('',(-2.2,2.8,-2.2));
#2451=CARTESIAN_POINT('',(2.2,2.8,-2.2));
#2452=VECTOR('',#3167,1000.0);
#2453=CARTESIAN_POINT('',(2.2,2.65,-2.2));
#2454=CARTESIAN_POINT('',(2.2,2.85,-2.2));
#2455=VECTOR('',#3168,1000.0);
#2456=CARTESIAN_POINT('',(-2.2,2.65,-2.2));
#2457=CARTESIAN_POINT('',(2.25,2.65,-2.2));
#2458=VECTOR('',#3169,1000.0);
#2459=CARTESIAN_POINT('',(-2.2,2.85,-2.2));
#2460=VECTOR('',#3170,1000.0);
#2461=CARTESIAN_POINT('',(2.2,2.8,2.2));
#2462=CARTESIAN_POINT('',(2.2,2.8,2.2));
#2463=VECTOR('',#3171,1000.0);
#2464=CARTESIAN_POINT('',(2.2,2.65,2.2));
#2465=CARTESIAN_POINT('',(2.2,2.85,2.2));
#2466=VECTOR('',#3172,1000.0);
#2467=CARTESIAN_POINT('',(2.2,2.65,-2.25));
#2468=VECTOR('',#3173,1000.0);
#2469=CARTESIAN_POINT('',(-2.2,2.8,2.2));
#2470=CARTESIAN_POINT('',(-2.2,2.8,2.2));
#2471=VECTOR('',#3174,1000.0);
#2472=CARTESIAN_POINT('',(-2.2,2.65,2.2));
#2473=CARTESIAN_POINT('',(-2.2,2.85,2.2));
#2474=VECTOR('',#3175,1000.0);
#2475=CARTESIAN_POINT('',(2.25,2.65,2.2));
#2476=VECTOR('',#3176,1000.0);
#2477=CARTESIAN_POINT('',(-2.2,2.8,-2.2));
#2478=VECTOR('',#3177,1000.0);
#2479=CARTESIAN_POINT('',(-2.2,2.65,-2.25));
#2480=VECTOR('',#3178,1000.0);
#2481=CARTESIAN_POINT('',(-1.35,0.1,0.65));
#2482=CARTESIAN_POINT('',(-1.35,0.100000000000001,-0.65));
#2483=CARTESIAN_POINT('',(-1.35,0.1,0.65));
#2484=VECTOR('',#3179,1000.0);
#2485=CARTESIAN_POINT('',(-0.75,0.100000000000001,-0.65));
#2486=CARTESIAN_POINT('',(-1.85,0.100000000000001,-0.65));
#2487=VECTOR('',#3180,1000.0);
#2488=CARTESIAN_POINT('',(-0.75,0.1,0.65));
#2489=CARTESIAN_POINT('',(-0.75,0.1,0.65));
#2490=VECTOR('',#3181,1000.0);
#2491=CARTESIAN_POINT('',(-1.85,0.100000000000001,0.65));
#2492=VECTOR('',#3182,1000.0);
#2493=CARTESIAN_POINT('',(1.35,0.0999999999999997,-0.65));
#2494=CARTESIAN_POINT('',(1.35,0.0999999999999992,0.65));
#2495=CARTESIAN_POINT('',(1.35,0.0999999999999992,0.65));
#2496=VECTOR('',#3183,1000.0);
#2497=CARTESIAN_POINT('',(0.75,0.0999999999999995,0.65));
#2498=CARTESIAN_POINT('',(-1.85,0.100000000000001,0.65));
#2499=VECTOR('',#3184,1000.0);
#2500=CARTESIAN_POINT('',(0.75,0.0999999999999999,-0.65));
#2501=CARTESIAN_POINT('',(0.75,0.0999999999999995,0.65));
#2502=VECTOR('',#3185,1000.0);
#2503=CARTESIAN_POINT('',(-1.85,0.100000000000001,-0.65));
#2504=VECTOR('',#3186,1000.0);
#2505=CARTESIAN_POINT('',(2.25,0.0999999999999993,-0.65));
#2506=CARTESIAN_POINT('',(2.25,-7.01943068790224E-16,-0.65));
#2507=CARTESIAN_POINT('',(2.25,0.0999999999999993,-0.65));
#2508=VECTOR('',#3187,1000.0);
#2509=CARTESIAN_POINT('',(1.85,0.0999999999999995,-0.65));
#2510=CARTESIAN_POINT('',(-1.85,0.100000000000001,-0.65));
#2511=VECTOR('',#3188,1000.0);
#2512=CARTESIAN_POINT('',(1.85,0.249999999999999,-0.65));
#2513=CARTESIAN_POINT('',(1.85,0.0999999999999995,-0.65));
#2514=VECTOR('',#3189,1000.0);
#2515=CARTESIAN_POINT('',(1.35,0.25,-0.65));
#2516=CARTESIAN_POINT('',(-1.85,0.250000000000001,-0.65));
#2517=VECTOR('',#3190,1000.0);
#2518=CARTESIAN_POINT('',(1.35,0.25,-0.65));
#2519=VECTOR('',#3191,1000.0);
#2520=CARTESIAN_POINT('',(0.75,0.15,-0.65));
#2521=CARTESIAN_POINT('',(0.75,0.15,-0.65));
#2522=VECTOR('',#3192,1000.0);
#2523=CARTESIAN_POINT('',(-0.75,0.150000000000001,-0.65));
#2524=CARTESIAN_POINT('',(-1.85,0.150000000000001,-0.65));
#2525=VECTOR('',#3193,1000.0);
#2526=CARTESIAN_POINT('',(-0.75,0.150000000000001,-0.65));
#2527=VECTOR('',#3194,1000.0);
#2528=CARTESIAN_POINT('',(-1.35,0.250000000000001,-0.65));
#2529=CARTESIAN_POINT('',(-1.35,0.250000000000001,-0.65));
#2530=VECTOR('',#3195,1000.0);
#2531=CARTESIAN_POINT('',(-1.85,0.250000000000001,-0.65));
#2532=CARTESIAN_POINT('',(-1.85,0.250000000000001,-0.65));
#2533=VECTOR('',#3196,1000.0);
#2534=CARTESIAN_POINT('',(-1.85,0.100000000000001,-0.65));
#2535=CARTESIAN_POINT('',(-1.85,0.100000000000001,-0.65));
#2536=VECTOR('',#3197,1000.0);
#2537=CARTESIAN_POINT('',(-2.25,0.100000000000001,-0.65));
#2538=CARTESIAN_POINT('',(-1.85,0.100000000000001,-0.65));
#2539=VECTOR('',#3198,1000.0);
#2540=CARTESIAN_POINT('',(-2.25,1.16547717741624E-15,-0.65));
#2541=CARTESIAN_POINT('',(-2.25,0.100000000000001,-0.65));
#2542=VECTOR('',#3199,1000.0);
#2543=CARTESIAN_POINT('',(2.25,-7.01943068790224E-16,-0.65));
#2544=VECTOR('',#3200,1000.0);
#2545=CARTESIAN_POINT('',(-1.35,0.25,0.65));
#2546=CARTESIAN_POINT('',(-1.35,0.25,0.65));
#2547=VECTOR('',#3201,1000.0);
#2548=CARTESIAN_POINT('',(-1.35,0.250000000000001,-0.65));
#2549=VECTOR('',#3202,1000.0);
#2550=CARTESIAN_POINT('',(1.35,0.249999999999999,0.65));
#2551=CARTESIAN_POINT('',(1.35,0.25,-0.65));
#2552=VECTOR('',#3203,1000.0);
#2553=CARTESIAN_POINT('',(1.35,0.249999999999999,0.65));
#2554=VECTOR('',#3204,1000.0);
#2555=CARTESIAN_POINT('',(-0.75,0.15,0.65));
#2556=CARTESIAN_POINT('',(-0.75,0.150000000000001,-0.65));
#2557=VECTOR('',#3205,1000.0);
#2558=CARTESIAN_POINT('',(-0.75,0.15,0.65));
#2559=VECTOR('',#3206,1000.0);
#2560=CARTESIAN_POINT('',(0.75,0.149999999999999,0.65));
#2561=CARTESIAN_POINT('',(0.75,0.149999999999999,0.65));
#2562=VECTOR('',#3207,1000.0);
#2563=CARTESIAN_POINT('',(0.75,0.15,-0.65));
#2564=VECTOR('',#3208,1000.0);
#2565=CARTESIAN_POINT('',(-2.25,1.70032422583088E-15,-2.15));
#2566=CARTESIAN_POINT('',(-2.25,1.73598069572518E-15,-2.25));
#2567=VECTOR('',#3209,1000.0);
#2568=CARTESIAN_POINT('',(-2.15,1.69448246803171E-15,-2.25));
#2569=AXIS2_PLACEMENT_3D('',#3210,#3211,#3212);
#2570=CARTESIAN_POINT('',(-1.4,1.38324576033063E-15,-2.25));
#2571=CARTESIAN_POINT('',(2.25,-1.3143955048128E-16,-2.25));
#2572=VECTOR('',#3213,1000.0);
#2573=CARTESIAN_POINT('',(-1.4,9.91024591493231E-16,-1.15));
#2574=CARTESIAN_POINT('',(-1.4,1.38324576033063E-15,-2.25));
#2575=VECTOR('',#3214,1000.0);
#2576=CARTESIAN_POINT('',(1.4,-1.70925783924124E-16,-1.15));
#2577=CARTESIAN_POINT('',(-1.4,9.91024591493231E-16,-1.15));
#2578=VECTOR('',#3215,1000.0);
#2579=CARTESIAN_POINT('',(1.4,2.21295384913275E-16,-2.25));
#2580=CARTESIAN_POINT('',(1.4,2.21295384913275E-16,-2.25));
#2581=VECTOR('',#3216,1000.0);
#2582=CARTESIAN_POINT('',(2.15,-8.99413227878025E-17,-2.25));
#2583=CARTESIAN_POINT('',(2.25,-1.3143955048128E-16,-2.25));
#2584=VECTOR('',#3217,1000.0);
#2585=CARTESIAN_POINT('',(2.25,-1.67096020375589E-16,-2.15));
#2586=AXIS2_PLACEMENT_3D('',#3218,#3219,#3220);
#2587=CARTESIAN_POINT('',(2.25,-1.3143955048128E-16,-2.25));
#2588=VECTOR('',#3221,1000.0);
#2589=CARTESIAN_POINT('',(-1.85,0.250000000000001,0.65));
#2590=CARTESIAN_POINT('',(-1.85,0.250000000000001,0.65));
#2591=VECTOR('',#3222,1000.0);
#2592=CARTESIAN_POINT('',(-1.85,0.250000000000001,0.65));
#2593=VECTOR('',#3223,1000.0);
#2594=CARTESIAN_POINT('',(1.85,0.249999999999999,0.65));
#2595=CARTESIAN_POINT('',(1.85,0.249999999999999,0.65));
#2596=VECTOR('',#3224,1000.0);
#2597=CARTESIAN_POINT('',(1.85,0.249999999999999,0.65));
#2598=VECTOR('',#3225,1000.0);
#2599=CARTESIAN_POINT('',(-1.85,0.150000000000001,0.65));
#2600=VECTOR('',#3226,1000.0);
#2601=CARTESIAN_POINT('',(-1.4,0.100000000000001,-1.15));
#2602=CARTESIAN_POINT('',(-1.4,0.100000000000001,-1.15));
#2603=VECTOR('',#3227,1000.0);
#2604=CARTESIAN_POINT('',(1.4,0.0999999999999998,-1.15));
#2605=CARTESIAN_POINT('',(-1.4,0.100000000000001,-1.15));
#2606=VECTOR('',#3228,1000.0);
#2607=CARTESIAN_POINT('',(1.4,0.0999999999999998,-1.15));
#2608=VECTOR('',#3229,1000.0);
#2609=CARTESIAN_POINT('',(-1.85,0.100000000000001,0.65));
#2610=CARTESIAN_POINT('',(-1.85,0.100000000000001,-0.65));
#2611=VECTOR('',#3230,1000.0);
#2612=CARTESIAN_POINT('',(-1.85,0.100000000000001,0.65));
#2613=VECTOR('',#3231,1000.0);
#2614=CARTESIAN_POINT('',(-3.4,-0.0499999999999982,-1.15));
#2615=CARTESIAN_POINT('',(-3.4,-0.0499999999999973,-1.85));
#2616=CARTESIAN_POINT('',(-3.4,-0.0499999999999973,-1.85));
#2617=VECTOR('',#3232,1000.0);
#2618=CARTESIAN_POINT('',(-3.4,0.250000000000002,-1.15));
#2619=CARTESIAN_POINT('',(-3.4,0.600000000000002,-1.15));
#2620=VECTOR('',#3233,1000.0);
#2621=CARTESIAN_POINT('',(-3.4,0.250000000000002,-1.85));
#2622=CARTESIAN_POINT('',(-3.4,0.250000000000002,-1.85));
#2623=VECTOR('',#3234,1000.0);
#2624=CARTESIAN_POINT('',(-3.4,0.600000000000002,-1.85));
#2625=VECTOR('',#3235,1000.0);
#2626=CARTESIAN_POINT('',(-2.85737568702998,-0.0499999999999978,-1.15));
#2627=CARTESIAN_POINT('',(-2.85737568702998,-0.0499999999999972,-1.85));
#2628=CARTESIAN_POINT('',(-2.85737568702998,-0.0499999999999972,-1.85));
#2629=VECTOR('',#3236,1000.0);
#2630=CARTESIAN_POINT('',(-3.5,-0.0499999999999981,-1.15));
#2631=VECTOR('',#3237,1000.0);
#2632=CARTESIAN_POINT('',(-3.5,-0.0499999999999973,-1.85));
#2633=VECTOR('',#3238,1000.0);
#2634=CARTESIAN_POINT('',(-2.5608641777348,0.204382844723819,-1.15));
#2635=AXIS2_PLACEMENT_3D('',#3239,#3240,#3241);
#2636=CARTESIAN_POINT('',(-2.5608641777348,0.20438284472382,-1.85));
#2637=AXIS2_PLACEMENT_3D('',#3242,#3243,#3244);
#2638=CARTESIAN_POINT('',(-2.5608641777348,0.204382844723821,-1.85));
#2639=VECTOR('',#3245,1000.0);
#2640=CARTESIAN_POINT('',(-2.5,0.600000000000002,-1.85));
#2641=CARTESIAN_POINT('',(-2.5,0.600000000000002,-1.85));
#2642=VECTOR('',#3246,1000.0);
#2643=CARTESIAN_POINT('',(-2.5,0.600000000000001,-1.15));
#2644=CARTESIAN_POINT('',(-2.5,0.600000000000001,-1.15));
#2645=VECTOR('',#3247,1000.0);
#2646=CARTESIAN_POINT('',(-2.5608641777348,0.20438284472382,-1.15));
#2647=VECTOR('',#3248,1000.0);
#2648=CARTESIAN_POINT('',(-2.54262431297002,0.900000000000001,-1.15));
#2649=CARTESIAN_POINT('',(-2.8391358222652,0.645617155276185,-1.15));
#2650=AXIS2_PLACEMENT_3D('',#3249,#3250,#3251);
#2651=CARTESIAN_POINT('',(-2.54262431297002,0.900000000000002,-1.85));
#2652=CARTESIAN_POINT('',(-2.54262431297002,0.900000000000001,-1.15));
#2653=VECTOR('',#3252,1000.0);
#2654=CARTESIAN_POINT('',(-2.8391358222652,0.645617155276185,-1.85));
#2655=AXIS2_PLACEMENT_3D('',#3253,#3254,#3255);
#2656=CARTESIAN_POINT('',(-2.8391358222652,0.645617155276185,-1.85));
#2657=VECTOR('',#3256,1000.0);
#2658=CARTESIAN_POINT('',(-2.9,0.250000000000002,-1.85));
#2659=CARTESIAN_POINT('',(-2.9,0.250000000000002,-1.85));
#2660=VECTOR('',#3257,1000.0);
#2661=CARTESIAN_POINT('',(-2.9,0.250000000000002,-1.15));
#2662=CARTESIAN_POINT('',(-2.9,0.250000000000002,-1.85));
#2663=VECTOR('',#3258,1000.0);
#2664=CARTESIAN_POINT('',(-2.8391358222652,0.645617155276185,-1.15));
#2665=VECTOR('',#3259,1000.0);
#2666=CARTESIAN_POINT('',(-3.5,0.250000000000002,-1.15));
#2667=VECTOR('',#3260,1000.0);
#2668=CARTESIAN_POINT('',(-3.5,0.250000000000002,-1.85));
#2669=VECTOR('',#3261,1000.0);
#2670=CARTESIAN_POINT('',(-3.4,-0.0499999999999993,1.85));
#2671=CARTESIAN_POINT('',(-3.4,-0.049999999999999,1.15));
#2672=CARTESIAN_POINT('',(-3.4,-0.049999999999999,1.15));
#2673=VECTOR('',#3262,1000.0);
#2674=CARTESIAN_POINT('',(-3.4,0.250000000000001,1.85));
#2675=CARTESIAN_POINT('',(-3.4,0.600000000000001,1.85));
#2676=VECTOR('',#3263,1000.0);
#2677=CARTESIAN_POINT('',(-3.4,0.250000000000001,1.15));
#2678=CARTESIAN_POINT('',(-3.4,0.250000000000002,-1.85));
#2679=VECTOR('',#3264,1000.0);
#2680=CARTESIAN_POINT('',(-3.4,0.600000000000001,1.15));
#2681=VECTOR('',#3265,1000.0);
#2682=CARTESIAN_POINT('',(-2.85737568702998,-0.0499999999999995,1.85));
#2683=CARTESIAN_POINT('',(-2.85737568702998,-0.0499999999999992,1.15));
#2684=CARTESIAN_POINT('',(-2.85737568702998,-0.0499999999999992,1.15));
#2685=VECTOR('',#3266,1000.0);
#2686=CARTESIAN_POINT('',(-3.5,-0.0499999999999992,1.85));
#2687=VECTOR('',#3267,1000.0);
#2688=CARTESIAN_POINT('',(-3.5,-0.049999999999999,1.15));
#2689=VECTOR('',#3268,1000.0);
#2690=CARTESIAN_POINT('',(-2.5608641777348,0.204382844723817,1.85));
#2691=AXIS2_PLACEMENT_3D('',#3269,#3270,#3271);
#2692=CARTESIAN_POINT('',(-2.5608641777348,0.204382844723818,1.15));
#2693=AXIS2_PLACEMENT_3D('',#3272,#3273,#3274);
#2694=CARTESIAN_POINT('',(-2.5608641777348,0.204382844723818,1.15));
#2695=VECTOR('',#3275,1000.0);
#2696=CARTESIAN_POINT('',(-2.5,0.600000000000001,1.15));
#2697=CARTESIAN_POINT('',(-2.5,0.600000000000001,1.15));
#2698=VECTOR('',#3276,1000.0);
#2699=CARTESIAN_POINT('',(-2.5,0.6,1.85));
#2700=CARTESIAN_POINT('',(-2.5,0.6,1.85));
#2701=VECTOR('',#3277,1000.0);
#2702=CARTESIAN_POINT('',(-2.5608641777348,0.204382844723818,1.85));
#2703=VECTOR('',#3278,1000.0);
#2704=CARTESIAN_POINT('',(-2.54262431297002,0.9,1.85));
#2705=CARTESIAN_POINT('',(-2.8391358222652,0.645617155276185,1.85));
#2706=AXIS2_PLACEMENT_3D('',#3279,#3280,#3281);
#2707=CARTESIAN_POINT('',(-2.54262431297002,0.900000000000001,1.15));
#2708=CARTESIAN_POINT('',(-2.54262431297002,0.9,1.85));
#2709=VECTOR('',#3282,1000.0);
#2710=CARTESIAN_POINT('',(-2.8391358222652,0.645617155276185,1.15));
#2711=AXIS2_PLACEMENT_3D('',#3283,#3284,#3285);
#2712=CARTESIAN_POINT('',(-2.8391358222652,0.645617155276186,-1.85));
#2713=VECTOR('',#3286,1000.0);
#2714=CARTESIAN_POINT('',(-2.9,0.250000000000001,1.15));
#2715=CARTESIAN_POINT('',(-2.9,0.250000000000001,1.15));
#2716=VECTOR('',#3287,1000.0);
#2717=CARTESIAN_POINT('',(-2.9,0.250000000000001,1.85));
#2718=CARTESIAN_POINT('',(-2.9,0.250000000000002,-1.85));
#2719=VECTOR('',#3288,1000.0);
#2720=CARTESIAN_POINT('',(-2.8391358222652,0.645617155276185,1.85));
#2721=VECTOR('',#3289,1000.0);
#2722=CARTESIAN_POINT('',(-3.5,0.250000000000001,1.85));
#2723=VECTOR('',#3290,1000.0);
#2724=CARTESIAN_POINT('',(-3.5,0.250000000000001,1.15));
#2725=VECTOR('',#3291,1000.0);
#2726=CARTESIAN_POINT('',(1.85,0.099999999999999,0.65));
#2727=CARTESIAN_POINT('',(1.85,0.099999999999999,0.65));
#2728=VECTOR('',#3292,1000.0);
#2729=CARTESIAN_POINT('',(1.85,0.0999999999999995,-0.65));
#2730=VECTOR('',#3293,1000.0);
#2731=CARTESIAN_POINT('',(3.4,-0.050000000000001,-1.15));
#2732=CARTESIAN_POINT('',(3.4,-0.0500000000000001,-1.85));
#2733=CARTESIAN_POINT('',(3.4,-0.0500000000000001,-1.85));
#2734=VECTOR('',#3294,1000.0);
#2735=CARTESIAN_POINT('',(3.4,0.249999999999999,-1.85));
#2736=CARTESIAN_POINT('',(3.4,0.599999999999999,-1.85));
#2737=VECTOR('',#3295,1000.0);
#2738=CARTESIAN_POINT('',(3.4,0.249999999999999,-1.15));
#2739=CARTESIAN_POINT('',(3.4,0.249999999999999,-1.85));
#2740=VECTOR('',#3296,1000.0);
#2741=CARTESIAN_POINT('',(3.4,0.599999999999999,-1.15));
#2742=VECTOR('',#3297,1000.0);
#2743=CARTESIAN_POINT('',(2.85737568702998,-0.05,-1.15));
#2744=CARTESIAN_POINT('',(-3.5,-0.0499999999999981,-1.15));
#2745=VECTOR('',#3298,1000.0);
#2746=CARTESIAN_POINT('',(2.85737568702998,-0.0499999999999998,-1.85));
#2747=CARTESIAN_POINT('',(2.85737568702998,-0.0499999999999995,-1.85));
#2748=VECTOR('',#3299,1000.0);
#2749=CARTESIAN_POINT('',(-3.5,-0.0499999999999973,-1.85));
#2750=VECTOR('',#3300,1000.0);
#2751=CARTESIAN_POINT('',(2.5608641777348,0.204382844723818,-1.85));
#2752=AXIS2_PLACEMENT_3D('',#3301,#3302,#3303);
#2753=CARTESIAN_POINT('',(2.5608641777348,0.204382844723817,-1.15));
#2754=AXIS2_PLACEMENT_3D('',#3304,#3305,#3306);
#2755=CARTESIAN_POINT('',(2.5608641777348,0.204382844723819,-1.85));
#2756=VECTOR('',#3307,1000.0);
#2757=CARTESIAN_POINT('',(2.5,0.599999999999999,-1.15));
#2758=CARTESIAN_POINT('',(2.5,0.599999999999999,-1.15));
#2759=VECTOR('',#3308,1000.0);
#2760=CARTESIAN_POINT('',(2.5,0.6,-1.85));
#2761=CARTESIAN_POINT('',(2.5,0.599999999999999,-1.15));
#2762=VECTOR('',#3309,1000.0);
#2763=CARTESIAN_POINT('',(2.5608641777348,0.204382844723819,-1.85));
#2764=VECTOR('',#3310,1000.0);
#2765=CARTESIAN_POINT('',(2.8391358222652,0.645617155276182,-1.15));
#2766=CARTESIAN_POINT('',(2.54262431297002,0.899999999999999,-1.15));
#2767=AXIS2_PLACEMENT_3D('',#3311,#3312,#3313);
#2768=CARTESIAN_POINT('',(2.8391358222652,0.645617155276183,-1.85));
#2769=CARTESIAN_POINT('',(2.8391358222652,0.645617155276183,-1.85));
#2770=VECTOR('',#3314,1000.0);
#2771=CARTESIAN_POINT('',(2.54262431297002,0.9,-1.85));
#2772=AXIS2_PLACEMENT_3D('',#3315,#3316,#3317);
#2773=CARTESIAN_POINT('',(2.54262431297002,0.899999999999999,-1.15));
#2774=VECTOR('',#3318,1000.0);
#2775=CARTESIAN_POINT('',(2.9,0.249999999999999,-1.15));
#2776=CARTESIAN_POINT('',(2.9,0.249999999999999,-1.15));
#2777=VECTOR('',#3319,1000.0);
#2778=CARTESIAN_POINT('',(2.9,0.249999999999999,-1.85));
#2779=CARTESIAN_POINT('',(2.9,0.249999999999999,-1.85));
#2780=VECTOR('',#3320,1000.0);
#2781=CARTESIAN_POINT('',(2.8391358222652,0.645617155276183,-1.85));
#2782=VECTOR('',#3321,1000.0);
#2783=CARTESIAN_POINT('',(-3.5,0.250000000000002,-1.85));
#2784=VECTOR('',#3322,1000.0);
#2785=CARTESIAN_POINT('',(-3.5,0.250000000000002,-1.15));
#2786=VECTOR('',#3323,1000.0);
#2787=CARTESIAN_POINT('',(3.4,-0.0500000000000021,1.85));
#2788=CARTESIAN_POINT('',(3.4,-0.0500000000000018,1.15));
#2789=CARTESIAN_POINT('',(3.4,-0.0500000000000018,1.15));
#2790=VECTOR('',#3324,1000.0);
#2791=CARTESIAN_POINT('',(3.4,0.249999999999998,1.15));
#2792=CARTESIAN_POINT('',(3.4,0.599999999999998,1.15));
#2793=VECTOR('',#3325,1000.0);
#2794=CARTESIAN_POINT('',(3.4,0.249999999999998,1.85));
#2795=CARTESIAN_POINT('',(3.4,0.249999999999999,-1.85));
#2796=VECTOR('',#3326,1000.0);
#2797=CARTESIAN_POINT('',(3.4,0.599999999999998,1.85));
#2798=VECTOR('',#3327,1000.0);
#2799=CARTESIAN_POINT('',(2.85737568702998,-0.0500000000000018,1.85));
#2800=CARTESIAN_POINT('',(-3.5,-0.0499999999999992,1.85));
#2801=VECTOR('',#3328,1000.0);
#2802=CARTESIAN_POINT('',(2.85737568702998,-0.0500000000000016,1.15));
#2803=CARTESIAN_POINT('',(2.85737568702998,-0.0500000000000016,1.15));
#2804=VECTOR('',#3329,1000.0);
#2805=CARTESIAN_POINT('',(-3.5,-0.049999999999999,1.15));
#2806=VECTOR('',#3330,1000.0);
#2807=CARTESIAN_POINT('',(2.5608641777348,0.204382844723815,1.15));
#2808=AXIS2_PLACEMENT_3D('',#3331,#3332,#3333);
#2809=CARTESIAN_POINT('',(2.5608641777348,0.204382844723815,1.85));
#2810=AXIS2_PLACEMENT_3D('',#3334,#3335,#3336);
#2811=CARTESIAN_POINT('',(2.5608641777348,0.204382844723816,1.15));
#2812=VECTOR('',#3337,1000.0);
#2813=CARTESIAN_POINT('',(2.5,0.599999999999998,1.85));
#2814=CARTESIAN_POINT('',(2.5,0.599999999999998,1.85));
#2815=VECTOR('',#3338,1000.0);
#2816=CARTESIAN_POINT('',(2.5,0.599999999999999,1.15));
#2817=CARTESIAN_POINT('',(2.5,0.599999999999998,1.85));
#2818=VECTOR('',#3339,1000.0);
#2819=CARTESIAN_POINT('',(2.5608641777348,0.204382844723817,1.15));
#2820=VECTOR('',#3340,1000.0);
#2821=CARTESIAN_POINT('',(2.8391358222652,0.645617155276182,1.85));
#2822=CARTESIAN_POINT('',(2.54262431297002,0.899999999999998,1.85));
#2823=AXIS2_PLACEMENT_3D('',#3341,#3342,#3343);
#2824=CARTESIAN_POINT('',(2.8391358222652,0.645617155276183,1.15));
#2825=CARTESIAN_POINT('',(2.8391358222652,0.645617155276184,-1.85));
#2826=VECTOR('',#3344,1000.0);
#2827=CARTESIAN_POINT('',(2.54262431297002,0.899999999999999,1.15));
#2828=AXIS2_PLACEMENT_3D('',#3345,#3346,#3347);
#2829=CARTESIAN_POINT('',(2.54262431297002,0.899999999999998,1.85));
#2830=VECTOR('',#3348,1000.0);
#2831=CARTESIAN_POINT('',(2.9,0.249999999999998,1.85));
#2832=CARTESIAN_POINT('',(2.9,0.249999999999998,1.85));
#2833=VECTOR('',#3349,1000.0);
#2834=CARTESIAN_POINT('',(2.9,0.249999999999998,1.15));
#2835=CARTESIAN_POINT('',(2.9,0.249999999999999,-1.85));
#2836=VECTOR('',#3350,1000.0);
#2837=CARTESIAN_POINT('',(2.8391358222652,0.645617155276183,1.15));
#2838=VECTOR('',#3351,1000.0);
#2839=CARTESIAN_POINT('',(-3.5,0.250000000000001,1.15));
#2840=VECTOR('',#3352,1000.0);
#2841=CARTESIAN_POINT('',(-3.5,0.250000000000001,1.85));
#2842=VECTOR('',#3353,1000.0);
#2843=CARTESIAN_POINT('',(-2.25,0.100000000000001,0.65));
#2844=CARTESIAN_POINT('',(-2.25,7.01943068790224E-16,0.65));
#2845=CARTESIAN_POINT('',(-2.25,0.100000000000001,0.65));
#2846=VECTOR('',#3354,1000.0);
#2847=CARTESIAN_POINT('',(-1.85,0.100000000000001,0.65));
#2848=VECTOR('',#3355,1000.0);
#2849=CARTESIAN_POINT('',(2.25,0.0999999999999988,0.65));
#2850=CARTESIAN_POINT('',(1.85,0.099999999999999,0.65));
#2851=VECTOR('',#3356,1000.0);
#2852=CARTESIAN_POINT('',(2.25,-1.16547717741624E-15,0.65));
#2853=CARTESIAN_POINT('',(2.25,0.0999999999999988,0.65));
#2854=VECTOR('',#3357,1000.0);
#2855=CARTESIAN_POINT('',(2.25,-1.16547717741624E-15,0.65));
#2856=VECTOR('',#3358,1000.0);
#2857=CARTESIAN_POINT('',(1.4,0.1,-2.25));
#2858=CARTESIAN_POINT('',(1.4,0.1,-2.25));
#2859=VECTOR('',#3359,1000.0);
#2860=CARTESIAN_POINT('',(1.4,2.65,-2.25));
#2861=VECTOR('',#3360,1000.0);
#2862=CARTESIAN_POINT('',(-1.4,0.100000000000001,-2.25));
#2863=CARTESIAN_POINT('',(-1.4,2.65,-2.25));
#2864=VECTOR('',#3361,1000.0);
#2865=CARTESIAN_POINT('',(-1.4,0.100000000000001,-2.25));
#2866=VECTOR('',#3362,1000.0);
#2867=CARTESIAN_POINT('',(2.25,0.0999999999999999,-2.25));
#2868=VECTOR('',#3363,1000.0);
#2869=CARTESIAN_POINT('',(-2.25,2.65,-2.15));
#2870=CARTESIAN_POINT('',(-2.25,2.65,-2.15));
#2871=VECTOR('',#3364,1000.0);
#2872=CARTESIAN_POINT('',(-2.15,2.65,-2.25));
#2873=AXIS2_PLACEMENT_3D('',#3365,#3366,#3367);
#2874=CARTESIAN_POINT('',(-2.15,2.65,-2.25));
#2875=VECTOR('',#3368,1000.0);
#2876=CARTESIAN_POINT('',(-2.25,0.1,2.25));
#2877=VECTOR('',#3369,1000.0);
#2878=CARTESIAN_POINT('',(-2.25,0.900000000000001,-1.15));
#2879=CARTESIAN_POINT('',(-3.5,0.900000000000002,-1.15));
#2880=VECTOR('',#3370,1000.0);
#2881=CARTESIAN_POINT('',(-2.25,0.900000000000002,-1.85));
#2882=CARTESIAN_POINT('',(-2.25,0.9,2.25));
#2883=VECTOR('',#3371,1000.0);
#2884=CARTESIAN_POINT('',(-3.5,0.900000000000002,-1.85));
#2885=VECTOR('',#3372,1000.0);
#2886=CARTESIAN_POINT('',(-2.25,0.600000000000002,-1.85));
#2887=CARTESIAN_POINT('',(-2.25,2.65,-1.85));
#2888=VECTOR('',#3373,1000.0);
#2889=CARTESIAN_POINT('',(-3.5,0.600000000000002,-1.85));
#2890=VECTOR('',#3374,1000.0);
#2891=CARTESIAN_POINT('',(-2.25,0.600000000000001,-1.15));
#2892=CARTESIAN_POINT('',(-2.25,0.6,2.25));
#2893=VECTOR('',#3375,1000.0);
#2894=CARTESIAN_POINT('',(-3.5,0.600000000000002,-1.15));
#2895=VECTOR('',#3376,1000.0);
#2896=CARTESIAN_POINT('',(-2.25,2.65,-1.15));
#2897=VECTOR('',#3377,1000.0);
#2898=CARTESIAN_POINT('',(-2.25,0.9,1.85));
#2899=CARTESIAN_POINT('',(-3.5,0.900000000000001,1.85));
#2900=VECTOR('',#3378,1000.0);
#2901=CARTESIAN_POINT('',(-2.25,0.900000000000001,1.15));
#2902=CARTESIAN_POINT('',(-2.25,0.9,2.25));
#2903=VECTOR('',#3379,1000.0);
#2904=CARTESIAN_POINT('',(-3.5,0.900000000000001,1.15));
#2905=VECTOR('',#3380,1000.0);
#2906=CARTESIAN_POINT('',(-2.25,0.600000000000001,1.15));
#2907=CARTESIAN_POINT('',(-2.25,2.65,1.15));
#2908=VECTOR('',#3381,1000.0);
#2909=CARTESIAN_POINT('',(-3.5,0.600000000000001,1.15));
#2910=VECTOR('',#3382,1000.0);
#2911=CARTESIAN_POINT('',(-2.25,0.6,1.85));
#2912=CARTESIAN_POINT('',(-2.25,0.6,2.25));
#2913=VECTOR('',#3383,1000.0);
#2914=CARTESIAN_POINT('',(-3.5,0.600000000000001,1.85));
#2915=VECTOR('',#3384,1000.0);
#2916=CARTESIAN_POINT('',(-2.25,2.65,1.85));
#2917=VECTOR('',#3385,1000.0);
#2918=CARTESIAN_POINT('',(2.15,2.65,-2.25));
#2919=CARTESIAN_POINT('',(2.15,2.65,-2.25));
#2920=VECTOR('',#3386,1000.0);
#2921=CARTESIAN_POINT('',(2.25,2.65,-2.15));
#2922=AXIS2_PLACEMENT_3D('',#3387,#3388,#3389);
#2923=CARTESIAN_POINT('',(2.25,2.65,-2.15));
#2924=VECTOR('',#3390,1000.0);
#2925=CARTESIAN_POINT('',(2.25,0.0999999999999983,2.25));
#2926=VECTOR('',#3391,1000.0);
#2927=CARTESIAN_POINT('',(2.25,0.9,-1.85));
#2928=CARTESIAN_POINT('',(-3.5,0.900000000000002,-1.85));
#2929=VECTOR('',#3392,1000.0);
#2930=CARTESIAN_POINT('',(2.25,0.899999999999999,-1.15));
#2931=CARTESIAN_POINT('',(2.25,0.899999999999998,2.25));
#2932=VECTOR('',#3393,1000.0);
#2933=CARTESIAN_POINT('',(-3.5,0.900000000000002,-1.15));
#2934=VECTOR('',#3394,1000.0);
#2935=CARTESIAN_POINT('',(2.25,0.599999999999999,-1.15));
#2936=CARTESIAN_POINT('',(2.25,2.65,-1.15));
#2937=VECTOR('',#3395,1000.0);
#2938=CARTESIAN_POINT('',(-3.5,0.600000000000002,-1.15));
#2939=VECTOR('',#3396,1000.0);
#2940=CARTESIAN_POINT('',(2.25,0.6,-1.85));
#2941=CARTESIAN_POINT('',(2.25,0.599999999999998,2.25));
#2942=VECTOR('',#3397,1000.0);
#2943=CARTESIAN_POINT('',(-3.5,0.600000000000002,-1.85));
#2944=VECTOR('',#3398,1000.0);
#2945=CARTESIAN_POINT('',(2.25,2.65,-1.85));
#2946=VECTOR('',#3399,1000.0);
#2947=CARTESIAN_POINT('',(2.25,0.899999999999999,1.15));
#2948=CARTESIAN_POINT('',(-3.5,0.900000000000001,1.15));
#2949=VECTOR('',#3400,1000.0);
#2950=CARTESIAN_POINT('',(2.25,0.899999999999998,1.85));
#2951=CARTESIAN_POINT('',(2.25,0.899999999999998,2.25));
#2952=VECTOR('',#3401,1000.0);
#2953=CARTESIAN_POINT('',(-3.5,0.900000000000001,1.85));
#2954=VECTOR('',#3402,1000.0);
#2955=CARTESIAN_POINT('',(2.25,0.599999999999998,1.85));
#2956=CARTESIAN_POINT('',(2.25,2.65,1.85));
#2957=VECTOR('',#3403,1000.0);
#2958=CARTESIAN_POINT('',(-3.5,0.600000000000001,1.85));
#2959=VECTOR('',#3404,1000.0);
#2960=CARTESIAN_POINT('',(2.25,0.599999999999999,1.15));
#2961=CARTESIAN_POINT('',(2.25,0.599999999999998,2.25));
#2962=VECTOR('',#3405,1000.0);
#2963=CARTESIAN_POINT('',(-3.5,0.600000000000001,1.15));
#2964=VECTOR('',#3406,1000.0);
#2965=CARTESIAN_POINT('',(2.25,2.65,1.15));
#2966=VECTOR('',#3407,1000.0);
#2967=CARTESIAN_POINT('',(2.25,-1.70032422583088E-15,2.15));
#2968=CARTESIAN_POINT('',(2.25,-1.73598069572518E-15,2.25));
#2969=VECTOR('',#3408,1000.0);
#2970=CARTESIAN_POINT('',(2.15,-1.69448246803171E-15,2.25));
#2971=AXIS2_PLACEMENT_3D('',#3409,#3410,#3411);
#2972=CARTESIAN_POINT('',(1.4,-1.38324576033063E-15,2.25));
#2973=CARTESIAN_POINT('',(2.25,-1.73598069572518E-15,2.25));
#2974=VECTOR('',#3412,1000.0);
#2975=CARTESIAN_POINT('',(1.4,-9.91024591493231E-16,1.15));
#2976=CARTESIAN_POINT('',(1.4,2.21295384913275E-16,-2.25));
#2977=VECTOR('',#3413,1000.0);
#2978=CARTESIAN_POINT('',(-1.4,1.70925783924124E-16,1.15));
#2979=CARTESIAN_POINT('',(-1.4,1.70925783924124E-16,1.15));
#2980=VECTOR('',#3414,1000.0);
#2981=CARTESIAN_POINT('',(-1.4,-2.21295384913275E-16,2.25));
#2982=CARTESIAN_POINT('',(-1.4,1.38324576033063E-15,-2.25));
#2983=VECTOR('',#3415,1000.0);
#2984=CARTESIAN_POINT('',(-2.15,8.99413227878025E-17,2.25));
#2985=CARTESIAN_POINT('',(2.25,-1.73598069572518E-15,2.25));
#2986=VECTOR('',#3416,1000.0);
#2987=CARTESIAN_POINT('',(-2.25,1.67096020375589E-16,2.15));
#2988=AXIS2_PLACEMENT_3D('',#3417,#3418,#3419);
#2989=CARTESIAN_POINT('',(-2.25,1.3143955048128E-16,2.25));
#2990=VECTOR('',#3420,1000.0);
#2991=CARTESIAN_POINT('',(2.25,2.65,-2.25));
#2992=VECTOR('',#3421,1000.0);
#2993=CARTESIAN_POINT('',(-2.25,2.65,2.15));
#2994=CARTESIAN_POINT('',(-2.25,2.65,2.15));
#2995=VECTOR('',#3422,1000.0);
#2996=CARTESIAN_POINT('',(-2.25,2.65,-2.25));
#2997=VECTOR('',#3423,1000.0);
#2998=CARTESIAN_POINT('',(2.25,2.65,2.15));
#2999=CARTESIAN_POINT('',(2.25,2.65,-2.25));
#3000=VECTOR('',#3424,1000.0);
#3001=CARTESIAN_POINT('',(2.25,2.65,2.15));
#3002=VECTOR('',#3425,1000.0);
#3003=CARTESIAN_POINT('',(1.4,0.099999999999999,1.15));
#3004=CARTESIAN_POINT('',(1.4,0.099999999999999,1.15));
#3005=VECTOR('',#3426,1000.0);
#3006=CARTESIAN_POINT('',(-1.4,0.1,1.15));
#3007=CARTESIAN_POINT('',(-1.4,0.1,1.15));
#3008=VECTOR('',#3427,1000.0);
#3009=CARTESIAN_POINT('',(-1.4,0.1,1.15));
#3010=VECTOR('',#3428,1000.0);
#3011=CARTESIAN_POINT('',(-2.15,2.65,2.25));
#3012=CARTESIAN_POINT('',(-2.15,2.65,2.25));
#3013=VECTOR('',#3429,1000.0);
#3014=AXIS2_PLACEMENT_3D('',#3430,#3431,#3432);
#3015=CARTESIAN_POINT('',(2.15,2.65,2.25));
#3016=CARTESIAN_POINT('',(2.25,2.65,2.25));
#3017=VECTOR('',#3433,1000.0);
#3018=AXIS2_PLACEMENT_3D('',#3434,#3435,#3436);
#3019=CARTESIAN_POINT('',(2.15,2.65,2.25));
#3020=VECTOR('',#3437,1000.0);
#3021=CARTESIAN_POINT('',(1.4,0.0999999999999986,2.25));
#3022=CARTESIAN_POINT('',(1.4,2.65,2.25));
#3023=VECTOR('',#3438,1000.0);
#3024=CARTESIAN_POINT('',(1.4,0.099999999999999,1.15));
#3025=VECTOR('',#3439,1000.0);
#3026=CARTESIAN_POINT('',(-1.4,0.0999999999999998,2.25));
#3027=CARTESIAN_POINT('',(2.25,0.0999999999999983,2.25));
#3028=VECTOR('',#3440,1000.0);
#3029=CARTESIAN_POINT('',(-1.4,0.0999999999999998,2.25));
#3030=VECTOR('',#3441,1000.0);
#3031=CARTESIAN_POINT('',(-1.4,2.65,2.25));
#3032=VECTOR('',#3442,1000.0);
#3033=AXIS2_PLACEMENT_3D('',#3443,#3444,#3445);
#3034=AXIS2_PLACEMENT_3D('',#3446,#3447,#3448);
#3035=AXIS2_PLACEMENT_3D('',#3449,#3450,#3451);
#3036=AXIS2_PLACEMENT_3D('',#3452,#3453,#3454);
#3037=AXIS2_PLACEMENT_3D('',#3455,#3456,#3457);
#3038=AXIS2_PLACEMENT_3D('',#3458,#3459,#3460);
#3039=AXIS2_PLACEMENT_3D('',#3461,#3462,#3463);
#3040=AXIS2_PLACEMENT_3D('',#3464,#3465,#3466);
#3041=AXIS2_PLACEMENT_3D('',#3467,#3468,#3469);
#3042=AXIS2_PLACEMENT_3D('',#3470,#3471,#3472);
#3043=AXIS2_PLACEMENT_3D('',#3473,#3474,#3475);
#3044=AXIS2_PLACEMENT_3D('',#3476,#3477,#3478);
#3045=AXIS2_PLACEMENT_3D('',#3479,#3480,#3481);
#3046=AXIS2_PLACEMENT_3D('',#3482,#3483,#3484);
#3047=AXIS2_PLACEMENT_3D('',#3485,#3486,#3487);
#3048=AXIS2_PLACEMENT_3D('',#3488,#3489,#3490);
#3049=AXIS2_PLACEMENT_3D('',#3491,#3492,#3493);
#3050=CARTESIAN_POINT('',(1.6,2.85,1.6));
#3051=DIRECTION('',(3.65856034294913E-16,1.0,3.5656469894309E-16));
#3052=DIRECTION('',(-1.0,3.65856034294913E-16,-5.55111512312579E-17));
#3053=CARTESIAN_POINT('',(1.6,2.84999999999999,1.9));
#3054=DIRECTION('',(-1.0,4.14982276934763E-16,-5.55111512312578E-17));
#3055=DIRECTION('',(-5.5511151231258E-17,-3.5656469894309E-16,1.0));
#3056=CARTESIAN_POINT('',(1.6,3.05,1.6));
#3057=DIRECTION('',(-3.65856034294914E-16,-1.0,6.8714497842936E-15));
#3058=DIRECTION('',(-1.0,3.65856034294913E-16,-5.55111512312575E-17));
#3059=CARTESIAN_POINT('',(1.6,2.85,1.3));
#3060=DIRECTION('',(1.0,-4.1498227693477E-16,5.55111512312579E-17));
#3061=DIRECTION('',(4.1498227693477E-16,1.0,3.5656469894309E-16));
#3062=CARTESIAN_POINT('',(1.6,2.85,1.6));
#3063=DIRECTION('',(3.65856034294913E-16,1.0,3.5656469894309E-16));
#3064=DIRECTION('',(-1.0,3.65856034294913E-16,-5.55111512312579E-17));
#3065=CARTESIAN_POINT('',(9.87811292596266E-16,2.7,9.62724687146343E-16));
#3066=DIRECTION('',(3.65856034294913E-16,1.0,3.5656469894309E-16));
#3067=DIRECTION('',(-1.0,3.65856034294913E-16,-5.55111512312579E-17));
#3068=DIRECTION('',(3.65856034294913E-16,1.0,3.5656469894309E-16));
#3069=CARTESIAN_POINT('',(1.02439689602576E-15,2.8,9.98381157040652E-16));
#3070=DIRECTION('',(3.65856034294913E-16,1.0,3.5656469894309E-16));
#3071=DIRECTION('',(-1.0,3.65856034294913E-16,-5.55111512312579E-17));
#3072=DIRECTION('',(3.65856034294913E-16,1.0,3.5656469894309E-16));
#3073=CARTESIAN_POINT('',(9.87811292596266E-16,2.7,9.62724687146343E-16));
#3074=DIRECTION('',(3.65856034294913E-16,1.0,3.5656469894309E-16));
#3075=DIRECTION('',(-1.0,3.65856034294913E-16,-5.55111512312579E-17));
#3076=DIRECTION('',(3.65856034294913E-16,1.0,3.5656469894309E-16));
#3077=CARTESIAN_POINT('',(1.60976655089762E-15,4.4,1.5688846753496E-15));
#3078=DIRECTION('',(-3.65856034294913E-16,-1.0,-3.5656469894309E-16));
#3079=DIRECTION('',(-1.0,3.65856034294913E-16,-5.55111512312579E-17));
#3080=DIRECTION('',(3.65856034294913E-16,1.0,3.5656469894309E-16));
#3081=CARTESIAN_POINT('',(1.15,4.4,1.77355688116749E-15));
#3082=DIRECTION('',(-1.77975831145993E-16,-3.5656469894309E-16,1.0));
#3083=DIRECTION('',(1.0,-4.1498227693477E-16,1.77975831145993E-16));
#3084=CARTESIAN_POINT('',(1.64635215432711E-15,4.5,1.60454114524391E-15));
#3085=DIRECTION('',(3.65856034294913E-16,1.0,3.5656469894309E-16));
#3086=DIRECTION('',(-1.0,3.65856034294913E-16,-5.55111512312579E-17));
#3087=CARTESIAN_POINT('',(-1.15,4.4,1.50504685143365E-15));
#3088=DIRECTION('',(5.5511151231258E-17,3.5656469894309E-16,-1.0));
#3089=DIRECTION('',(-3.65856034294913E-16,-1.0,-3.5656469894309E-16));
#3090=CARTESIAN_POINT('',(-1.6,2.85,1.6));
#3091=DIRECTION('',(3.65856034294913E-16,1.0,3.5656469894309E-16));
#3092=DIRECTION('',(-1.0,3.65856034294913E-16,-5.55111512312579E-17));
#3093=CARTESIAN_POINT('',(-1.6,2.85,1.9));
#3094=DIRECTION('',(-1.0,4.14982276934766E-16,-5.55111512312579E-17));
#3095=DIRECTION('',(-5.5511151231258E-17,-3.5656469894309E-16,1.0));
#3096=CARTESIAN_POINT('',(-1.6,3.05,1.6));
#3097=DIRECTION('',(-3.65856034294913E-16,-1.0,-1.80216759559043E-15));
#3098=DIRECTION('',(-1.0,3.65856034294913E-16,-5.55111512312579E-17));
#3099=CARTESIAN_POINT('',(-1.6,2.85,1.3));
#3100=DIRECTION('',(1.0,-4.1498227693477E-16,5.55111512312579E-17));
#3101=DIRECTION('',(4.1498227693477E-16,1.0,3.5656469894309E-16));
#3102=CARTESIAN_POINT('',(-1.6,2.85,1.6));
#3103=DIRECTION('',(3.65856034294913E-16,1.0,3.5656469894309E-16));
#3104=DIRECTION('',(-1.0,3.65856034294913E-16,-5.55111512312579E-17));
#3105=CARTESIAN_POINT('',(-1.6,2.85,-1.6));
#3106=DIRECTION('',(3.65856034294913E-16,1.0,3.5656469894309E-16));
#3107=DIRECTION('',(-1.0,3.65856034294913E-16,-5.55111512312579E-17));
#3108=CARTESIAN_POINT('',(-1.6,2.85,-1.3));
#3109=DIRECTION('',(-1.0,4.1498227693477E-16,-5.55111512312579E-17));
#3110=DIRECTION('',(-5.5511151231258E-17,-3.5656469894309E-16,1.0));
#3111=CARTESIAN_POINT('',(-1.6,3.05,-1.6));
#3112=DIRECTION('',(-3.65856034294913E-16,-1.0,-1.80216759559043E-15));
#3113=DIRECTION('',(-1.0,3.65856034294913E-16,-5.55111512312579E-17));
#3114=CARTESIAN_POINT('',(-1.6,2.85,-1.9));
#3115=DIRECTION('',(1.0,-4.1498227693477E-16,5.55111512312579E-17));
#3116=DIRECTION('',(4.1498227693477E-16,1.0,3.5656469894309E-16));
#3117=CARTESIAN_POINT('',(-1.6,2.85,-1.6));
#3118=DIRECTION('',(3.65856034294913E-16,1.0,3.5656469894309E-16));
#3119=DIRECTION('',(-1.0,3.65856034294913E-16,-5.55111512312579E-17));
#3120=CARTESIAN_POINT('',(1.6,2.85,-1.6));
#3121=DIRECTION('',(3.65856034294913E-16,1.0,3.5656469894309E-16));
#3122=DIRECTION('',(-1.0,3.65856034294913E-16,-5.55111512312579E-17));
#3123=CARTESIAN_POINT('',(1.6,2.85,-1.3));
#3124=DIRECTION('',(-1.0,4.1498227693477E-16,-5.55111512312578E-17));
#3125=DIRECTION('',(-5.5511151231258E-17,-3.5656469894309E-16,1.0));
#3126=CARTESIAN_POINT('',(1.6,3.05,-1.6));
#3127=DIRECTION('',(-3.65856034294914E-16,-1.0,6.87144978429364E-15));
#3128=DIRECTION('',(-1.0,3.65856034294913E-16,-5.55111512312575E-17));
#3129=CARTESIAN_POINT('',(1.6,2.85,-1.9));
#3130=DIRECTION('',(1.0,-4.1498227693477E-16,5.55111512312579E-17));
#3131=DIRECTION('',(4.1498227693477E-16,1.0,3.5656469894309E-16));
#3132=CARTESIAN_POINT('',(1.6,2.85,-1.6));
#3133=DIRECTION('',(3.65856034294913E-16,1.0,3.5656469894309E-16));
#3134=DIRECTION('',(-1.0,3.65856034294913E-16,-5.55111512312579E-17));
#3135=CARTESIAN_POINT('',(1.6,2.8,1.6));
#3136=DIRECTION('',(3.65856034294913E-16,1.0,3.5656469894309E-16));
#3137=DIRECTION('',(-1.0,3.65856034294913E-16,-5.55111512312579E-17));
#3138=DIRECTION('',(3.65856034294913E-16,1.0,3.5656469894309E-16));
#3139=CARTESIAN_POINT('',(1.6,2.85,1.6));
#3140=DIRECTION('',(3.65856034294913E-16,1.0,3.5656469894309E-16));
#3141=DIRECTION('',(-1.0,3.65856034294913E-16,-5.55111512312579E-17));
#3142=DIRECTION('',(3.65856034294913E-16,1.0,3.5656469894309E-16));
#3143=CARTESIAN_POINT('',(-1.6,2.8,1.6));
#3144=DIRECTION('',(3.65856034294913E-16,1.0,3.5656469894309E-16));
#3145=DIRECTION('',(-1.0,3.65856034294913E-16,-5.55111512312579E-17));
#3146=DIRECTION('',(3.65856034294913E-16,1.0,3.5656469894309E-16));
#3147=CARTESIAN_POINT('',(-1.6,2.85,1.6));
#3148=DIRECTION('',(3.65856034294913E-16,1.0,3.5656469894309E-16));
#3149=DIRECTION('',(-1.0,3.65856034294913E-16,-5.55111512312579E-17));
#3150=DIRECTION('',(3.65856034294913E-16,1.0,3.5656469894309E-16));
#3151=CARTESIAN_POINT('',(-1.6,2.8,-1.6));
#3152=DIRECTION('',(3.65856034294913E-16,1.0,3.5656469894309E-16));
#3153=DIRECTION('',(-1.0,3.65856034294913E-16,-5.55111512312579E-17));
#3154=DIRECTION('',(3.65856034294913E-16,1.0,3.5656469894309E-16));
#3155=CARTESIAN_POINT('',(-1.6,2.85,-1.6));
#3156=DIRECTION('',(3.65856034294913E-16,1.0,3.5656469894309E-16));
#3157=DIRECTION('',(-1.0,3.65856034294913E-16,-5.55111512312579E-17));
#3158=DIRECTION('',(3.65856034294913E-16,1.0,3.5656469894309E-16));
#3159=CARTESIAN_POINT('',(1.6,2.8,-1.6));
#3160=DIRECTION('',(3.65856034294913E-16,1.0,3.5656469894309E-16));
#3161=DIRECTION('',(-1.0,3.65856034294913E-16,-5.55111512312579E-17));
#3162=DIRECTION('',(3.65856034294913E-16,1.0,3.5656469894309E-16));
#3163=CARTESIAN_POINT('',(1.6,2.85,-1.6));
#3164=DIRECTION('',(3.65856034294913E-16,1.0,3.5656469894309E-16));
#3165=DIRECTION('',(-1.0,3.65856034294913E-16,-5.55111512312579E-17));
#3166=DIRECTION('',(3.65856034294913E-16,1.0,3.5656469894309E-16));
#3167=DIRECTION('',(-1.0,4.1498227693477E-16,-5.55111512312578E-17));
#3168=DIRECTION('',(-3.65856034294913E-16,-1.0,-3.5656469894309E-16));
#3169=DIRECTION('',(1.0,-4.1498227693477E-16,5.55111512312578E-17));
#3170=DIRECTION('',(3.65856034294913E-16,1.0,3.5656469894309E-16));
#3171=DIRECTION('',(5.5511151231258E-17,3.5656469894309E-16,-1.0));
#3172=DIRECTION('',(-3.65856034294913E-16,-1.0,-3.5656469894309E-16));
#3173=DIRECTION('',(-5.5511151231258E-17,-3.5656469894309E-16,1.0));
#3174=DIRECTION('',(1.0,-4.1498227693477E-16,5.55111512312578E-17));
#3175=DIRECTION('',(-3.65856034294913E-16,-1.0,-3.5656469894309E-16));
#3176=DIRECTION('',(-1.0,4.1498227693477E-16,-5.55111512312578E-17));
#3177=DIRECTION('',(-5.5511151231258E-17,-3.5656469894309E-16,1.0));
#3178=DIRECTION('',(5.5511151231258E-17,3.5656469894309E-16,-1.0));
#3179=DIRECTION('',(5.5511151231258E-17,3.5656469894309E-16,-1.0));
#3180=DIRECTION('',(1.0,-4.1498227693477E-16,5.55111512312578E-17));
#3181=DIRECTION('',(-1.38911318345528E-16,-3.5656469894309E-16,1.0));
#3182=DIRECTION('',(-1.0,4.1498227693477E-16,-5.55111512312578E-17));
#3183=DIRECTION('',(-5.5511151231258E-17,-3.5656469894309E-16,1.0));
#3184=DIRECTION('',(-1.0,4.1498227693477E-16,-5.55111512312578E-17));
#3185=DIRECTION('',(5.5511151231258E-17,3.5656469894309E-16,-1.0));
#3186=DIRECTION('',(1.0,-4.1498227693477E-16,5.55111512312578E-17));
#3187=DIRECTION('',(-3.65856034294913E-16,-1.0,-3.5656469894309E-16));
#3188=DIRECTION('',(1.0,-4.1498227693477E-16,5.55111512312578E-17));
#3189=DIRECTION('',(-3.65856034294913E-16,-1.0,-3.5656469894309E-16));
#3190=DIRECTION('',(1.0,-4.1498227693477E-16,5.55111512312578E-17));
#3191=DIRECTION('',(-3.65856034294913E-16,-1.0,-3.5656469894309E-16));
#3192=DIRECTION('',(3.65856034294913E-16,1.0,3.5656469894309E-16));
#3193=DIRECTION('',(1.0,-4.1498227693477E-16,5.55111512312578E-17));
#3194=DIRECTION('',(-3.65856034294913E-16,-1.0,-3.5656469894309E-16));
#3195=DIRECTION('',(3.65856034294913E-16,1.0,3.5656469894309E-16));
#3196=DIRECTION('',(1.0,-4.1498227693477E-16,5.55111512312578E-17));
#3197=DIRECTION('',(3.65856034294913E-16,1.0,3.5656469894309E-16));
#3198=DIRECTION('',(1.0,-4.1498227693477E-16,5.55111512312578E-17));
#3199=DIRECTION('',(3.65856034294913E-16,1.0,3.5656469894309E-16));
#3200=DIRECTION('',(1.0,-4.1498227693477E-16,5.55111512312578E-17));
#3201=DIRECTION('',(-3.65856034294913E-16,-1.0,-3.5656469894309E-16));
#3202=DIRECTION('',(-5.5511151231258E-17,-3.5656469894309E-16,1.0));
#3203=DIRECTION('',(-5.5511151231258E-17,-3.5656469894309E-16,1.0));
#3204=DIRECTION('',(3.65856034294913E-16,1.0,3.5656469894309E-16));
#3205=DIRECTION('',(5.5511151231258E-17,3.5656469894309E-16,-1.0));
#3206=DIRECTION('',(3.65856034294913E-16,1.0,3.5656469894309E-16));
#3207=DIRECTION('',(-3.65856034294913E-16,-1.0,-3.5656469894309E-16));
#3208=DIRECTION('',(-5.5511151231258E-17,-3.5656469894309E-16,1.0));
#3209=DIRECTION('',(-5.5511151231258E-17,-3.5656469894309E-16,1.0));
#3210=CARTESIAN_POINT('',(-2.15,1.6588259981374E-15,-2.15));
#3211=DIRECTION('',(3.65856034294913E-16,1.0,3.5656469894309E-16));
#3212=DIRECTION('',(1.0,-3.65856034294913E-16,5.55111512312579E-17));
#3213=DIRECTION('',(-1.0,4.1498227693477E-16,-5.55111512312578E-17));
#3214=DIRECTION('',(5.5511151231258E-17,3.5656469894309E-16,-1.0));
#3215=DIRECTION('',(1.0,-4.1498227693477E-16,1.32954163551651E-16));
#3216=DIRECTION('',(-5.5511151231258E-17,-3.5656469894309E-16,1.0));
#3217=DIRECTION('',(-1.0,4.1498227693477E-16,-5.55111512312578E-17));
#3218=CARTESIAN_POINT('',(2.15,-1.25597792682112E-16,-2.15));
#3219=DIRECTION('',(3.65856034294913E-16,1.0,3.5656469894309E-16));
#3220=DIRECTION('',(1.0,-3.65856034294913E-16,5.55111512312579E-17));
#3221=DIRECTION('',(5.5511151231258E-17,3.5656469894309E-16,-1.0));
#3222=DIRECTION('',(-1.0,4.1498227693477E-16,-5.55111512312578E-17));
#3223=DIRECTION('',(2.22311485459797E-16,3.5656469894309E-16,-1.0));
#3224=DIRECTION('',(1.0,-4.1498227693477E-16,5.55111512312578E-17));
#3225=DIRECTION('',(-2.22311485459797E-16,-3.5656469894309E-16,1.0));
#3226=DIRECTION('',(-1.0,4.1498227693477E-16,-5.55111512312578E-17));
#3227=DIRECTION('',(3.65856034294913E-16,1.0,3.5656469894309E-16));
#3228=DIRECTION('',(-1.0,4.1498227693477E-16,-5.55111512312578E-17));
#3229=DIRECTION('',(-3.65856034294913E-16,-1.0,-3.5656469894309E-16));
#3230=DIRECTION('',(5.5511151231258E-17,3.5656469894309E-16,-1.0));
#3231=DIRECTION('',(-3.65856034294913E-16,-1.0,-3.5656469894309E-16));
#3232=DIRECTION('',(5.5511151231258E-17,5.11450723583876E-16,-1.0));
#3233=DIRECTION('',(-3.65856034294913E-16,-1.0,3.6623674938058E-16));
#3234=DIRECTION('',(5.5511151231258E-17,3.5656469894309E-16,-1.0));
#3235=DIRECTION('',(3.65856034294913E-16,1.0,3.5656469894309E-16));
#3236=DIRECTION('',(5.5511151231258E-17,5.11450723583876E-16,-1.0));
#3237=DIRECTION('',(1.0,-4.1498227693477E-16,-1.37235901655054E-16));
#3238=DIRECTION('',(-1.0,4.1498227693477E-16,1.37235901655054E-16));
#3239=CARTESIAN_POINT('',(-2.85737568702998,0.250000000000002,-1.15));
#3240=DIRECTION('',(-5.5511151231258E-17,-3.5656469894309E-16,1.0));
#3241=DIRECTION('',(3.65856034294913E-16,1.0,3.5656469894309E-16));
#3242=CARTESIAN_POINT('',(-2.85737568702998,0.250000000000002,-1.85));
#3243=DIRECTION('',(5.55111512312582E-17,3.5656469894309E-16,-1.0));
#3244=DIRECTION('',(-1.07974686235243E-15,1.0,3.5656469894309E-16));
#3245=DIRECTION('',(3.22334827881344E-17,3.60145878703571E-16,-1.0));
#3246=DIRECTION('',(-0.152057184253948,-0.988371697650616,-3.60859326167583E-16));
#3247=DIRECTION('',(5.5511151231258E-17,5.11450723583876E-16,-1.0));
#3248=DIRECTION('',(0.152057184253948,0.988371697650616,-1.80873876007587E-16));
#3249=CARTESIAN_POINT('',(-2.54262431297002,0.600000000000001,-1.15));
#3250=DIRECTION('',(8.9578663304042E-17,-3.5656469894309E-16,1.0));
#3251=DIRECTION('',(3.65856034294913E-16,1.0,3.5656469894309E-16));
#3252=DIRECTION('',(-5.55111512312581E-17,-6.66336748224663E-16,1.0));
#3253=CARTESIAN_POINT('',(-2.54262431297002,0.600000000000002,-1.85));
#3254=DIRECTION('',(-8.95786633040424E-17,3.5656469894309E-16,-1.0));
#3255=DIRECTION('',(1.81145893094225E-15,1.0,3.5656469894309E-16));
#3256=DIRECTION('',(-1.32779322397566E-16,3.85532464116756E-16,-1.0));
#3257=DIRECTION('',(0.152057184253946,0.988371697650616,3.60859326167583E-16));
#3258=DIRECTION('',(-5.5511151231258E-17,-3.5656469894309E-16,1.0));
#3259=DIRECTION('',(-0.152057184253946,-0.988371697650616,1.80873876007584E-16));
#3260=DIRECTION('',(-1.0,4.1498227693477E-16,1.37235901655054E-16));
#3261=DIRECTION('',(1.0,-4.1498227693477E-16,-1.37235901655054E-16));
#3262=DIRECTION('',(5.5511151231258E-17,5.11450723583876E-16,-1.0));
#3263=DIRECTION('',(-3.65856034294913E-16,-1.0,-3.5656469894309E-16));
#3264=DIRECTION('',(5.5511151231258E-17,3.5656469894309E-16,-1.0));
#3265=DIRECTION('',(3.65856034294913E-16,1.0,-3.6623674938058E-16));
#3266=DIRECTION('',(5.5511151231258E-17,5.11450723583876E-16,-1.0));
#3267=DIRECTION('',(1.0,-4.1498227693477E-16,-1.37235901655054E-16));
#3268=DIRECTION('',(-1.0,4.1498227693477E-16,1.37235901655054E-16));
#3269=CARTESIAN_POINT('',(-2.85737568702998,0.25,1.85));
#3270=DIRECTION('',(-5.5511151231258E-17,-3.5656469894309E-16,1.0));
#3271=DIRECTION('',(3.65856034294913E-16,1.0,3.5656469894309E-16));
#3272=CARTESIAN_POINT('',(-2.85737568702998,0.250000000000001,1.15));
#3273=DIRECTION('',(5.55111512312582E-17,3.5656469894309E-16,-1.0));
#3274=DIRECTION('',(-1.07974686235243E-15,1.0,3.5656469894309E-16));
#3275=DIRECTION('',(3.22334827881344E-17,3.60145878703571E-16,-1.0));
#3276=DIRECTION('',(-0.152057184253948,-0.988371697650616,1.80873876007585E-16));
#3277=DIRECTION('',(5.5511151231258E-17,5.11450723583876E-16,-1.0));
#3278=DIRECTION('',(0.152057184253948,0.988371697650616,3.60859326167583E-16));
#3279=CARTESIAN_POINT('',(-2.54262431297002,0.6,1.85));
#3280=DIRECTION('',(-5.55111512312581E-17,-5.11450723583876E-16,1.0));
#3281=DIRECTION('',(1.0,-4.1498227693477E-16,5.55111512312578E-17));
#3282=DIRECTION('',(-5.5511151231258E-17,-5.11450723583876E-16,1.0));
#3283=CARTESIAN_POINT('',(-2.54262431297002,0.600000000000001,1.15));
#3284=DIRECTION('',(5.55111512312581E-17,5.11450723583876E-16,-1.0));
#3285=DIRECTION('',(1.0,-4.1498227693477E-16,5.55111512312578E-17));
#3286=DIRECTION('',(-1.32779322397566E-16,3.85532464116756E-16,-1.0));
#3287=DIRECTION('',(0.152057184253946,0.988371697650616,-1.80873876007583E-16));
#3288=DIRECTION('',(-5.5511151231258E-17,-3.5656469894309E-16,1.0));
#3289=DIRECTION('',(-0.152057184253946,-0.988371697650616,-3.60859326167583E-16));
#3290=DIRECTION('',(-1.0,4.1498227693477E-16,1.37235901655054E-16));
#3291=DIRECTION('',(1.0,-4.1498227693477E-16,-1.37235901655054E-16));
#3292=DIRECTION('',(3.65856034294913E-16,1.0,3.5656469894309E-16));
#3293=DIRECTION('',(5.5511151231258E-17,3.5656469894309E-16,-1.0));
#3294=DIRECTION('',(5.5511151231258E-17,5.11450723583876E-16,-1.0));
#3295=DIRECTION('',(-3.65856034294913E-16,-1.0,-3.5656469894309E-16));
#3296=DIRECTION('',(-5.5511151231258E-17,-3.5656469894309E-16,1.0));
#3297=DIRECTION('',(3.65856034294913E-16,1.0,-3.6623674938058E-16));
#3298=DIRECTION('',(1.0,-4.1498227693477E-16,-1.37235901655054E-16));
#3299=DIRECTION('',(-5.5511151231258E-17,-5.11450723583876E-16,1.0));
#3300=DIRECTION('',(-1.0,4.1498227693477E-16,1.37235901655054E-16));
#3301=CARTESIAN_POINT('',(2.85737568702998,0.249999999999999,-1.85));
#3302=DIRECTION('',(5.5511151231258E-17,3.5656469894309E-16,-1.0));
#3303=DIRECTION('',(-3.65856034294913E-16,-1.0,-3.5656469894309E-16));
#3304=CARTESIAN_POINT('',(2.85737568702998,0.249999999999999,-1.15));
#3305=DIRECTION('',(-5.55111512312582E-17,-3.5656469894309E-16,1.0));
#3306=DIRECTION('',(1.07974686235243E-15,-1.0,-3.5656469894309E-16));
#3307=DIRECTION('',(7.87888196743815E-17,3.60145878703571E-16,-1.0));
#3308=DIRECTION('',(0.152057184253947,-0.988371697650616,1.97755614709425E-16));
#3309=DIRECTION('',(-5.5511151231258E-17,-5.11450723583876E-16,1.0));
#3310=DIRECTION('',(-0.152057184253947,0.988371697650616,3.43977587465743E-16));
#3311=CARTESIAN_POINT('',(2.54262431297002,0.599999999999999,-1.15));
#3312=DIRECTION('',(1.84893140006066E-16,-3.5656469894309E-16,1.0));
#3313=DIRECTION('',(3.65856034294913E-16,1.0,3.5656469894309E-16));
#3314=DIRECTION('',(1.32779322397566E-16,-3.27596933769424E-16,1.0));
#3315=CARTESIAN_POINT('',(2.54262431297002,0.6,-1.85));
#3316=DIRECTION('',(-1.84893140006066E-16,3.5656469894309E-16,-1.0));
#3317=DIRECTION('',(3.65856034294913E-16,1.0,3.5656469894309E-16));
#3318=DIRECTION('',(5.55111512312581E-17,6.66336748224663E-16,-1.0));
#3319=DIRECTION('',(-0.152057184253945,0.988371697650617,-1.97755614709424E-16));
#3320=DIRECTION('',(5.5511151231258E-17,3.5656469894309E-16,-1.0));
#3321=DIRECTION('',(0.152057184253945,-0.988371697650617,-3.43977587465743E-16));
#3322=DIRECTION('',(1.0,-4.1498227693477E-16,-1.37235901655054E-16));
#3323=DIRECTION('',(-1.0,4.1498227693477E-16,1.37235901655054E-16));
#3324=DIRECTION('',(5.5511151231258E-17,5.11450723583876E-16,-1.0));
#3325=DIRECTION('',(-3.65856034294913E-16,-1.0,3.6623674938058E-16));
#3326=DIRECTION('',(-5.5511151231258E-17,-3.5656469894309E-16,1.0));
#3327=DIRECTION('',(3.65856034294913E-16,1.0,3.5656469894309E-16));
#3328=DIRECTION('',(1.0,-4.1498227693477E-16,-1.37235901655054E-16));
#3329=DIRECTION('',(-5.5511151231258E-17,-5.11450723583876E-16,1.0));
#3330=DIRECTION('',(-1.0,4.1498227693477E-16,1.37235901655054E-16));
#3331=CARTESIAN_POINT('',(2.85737568702998,0.249999999999998,1.15));
#3332=DIRECTION('',(5.5511151231258E-17,3.5656469894309E-16,-1.0));
#3333=DIRECTION('',(-3.65856034294913E-16,-1.0,-3.5656469894309E-16));
#3334=CARTESIAN_POINT('',(2.85737568702998,0.249999999999998,1.85));
#3335=DIRECTION('',(-5.55111512312582E-17,-3.5656469894309E-16,1.0));
#3336=DIRECTION('',(1.07974686235243E-15,-1.0,-3.5656469894309E-16));
#3337=DIRECTION('',(7.87888196743815E-17,3.60145878703571E-16,-1.0));
#3338=DIRECTION('',(0.152057184253947,-0.988371697650616,-3.43977587465743E-16));
#3339=DIRECTION('',(-5.5511151231258E-17,-5.11450723583876E-16,1.0));
#3340=DIRECTION('',(-0.152057184253947,0.988371697650616,-1.97755614709425E-16));
#3341=CARTESIAN_POINT('',(2.54262431297002,0.599999999999998,1.85));
#3342=DIRECTION('',(-5.55111512312581E-17,-5.11450723583876E-16,1.0));
#3343=DIRECTION('',(1.0,-4.1498227693477E-16,5.55111512312578E-17));
#3344=DIRECTION('',(1.32779322397566E-16,-3.27596933769424E-16,1.0));
#3345=CARTESIAN_POINT('',(2.54262431297002,0.599999999999999,1.15));
#3346=DIRECTION('',(5.55111512312581E-17,5.11450723583876E-16,-1.0));
#3347=DIRECTION('',(1.0,-1.13778372525844E-15,5.55111512312576E-17));
#3348=DIRECTION('',(5.5511151231258E-17,5.11450723583876E-16,-1.0));
#3349=DIRECTION('',(-0.152057184253945,0.988371697650617,3.43977587465743E-16));
#3350=DIRECTION('',(5.5511151231258E-17,3.5656469894309E-16,-1.0));
#3351=DIRECTION('',(0.152057184253944,-0.988371697650617,1.97755614709423E-16));
#3352=DIRECTION('',(1.0,-4.1498227693477E-16,-1.37235901655054E-16));
#3353=DIRECTION('',(-1.0,4.1498227693477E-16,1.37235901655054E-16));
#3354=DIRECTION('',(-3.65856034294913E-16,-1.0,-3.5656469894309E-16));
#3355=DIRECTION('',(1.0,-4.1498227693477E-16,5.55111512312578E-17));
#3356=DIRECTION('',(-1.0,4.1498227693477E-16,-5.55111512312578E-17));
#3357=DIRECTION('',(3.65856034294913E-16,1.0,3.5656469894309E-16));
#3358=DIRECTION('',(-1.0,4.1498227693477E-16,-5.55111512312578E-17));
#3359=DIRECTION('',(-5.5511151231258E-17,-3.5656469894309E-16,1.0));
#3360=DIRECTION('',(-3.65856034294913E-16,-1.0,-3.5656469894309E-16));
#3361=DIRECTION('',(3.65856034294913E-16,1.0,3.5656469894309E-16));
#3362=DIRECTION('',(5.5511151231258E-17,3.5656469894309E-16,-1.0));
#3363=DIRECTION('',(1.0,-4.1498227693477E-16,1.51884677674414E-16));
#3364=DIRECTION('',(3.65856034294913E-16,1.0,3.5656469894309E-16));
#3365=CARTESIAN_POINT('',(-2.15,2.65,-2.15));
#3366=DIRECTION('',(-3.65856034294913E-16,-1.0,-3.5656469894309E-16));
#3367=DIRECTION('',(1.0,-3.65856034294913E-16,5.55111512312579E-17));
#3368=DIRECTION('',(-3.65856034294913E-16,-1.0,-3.5656469894309E-16));
#3369=DIRECTION('',(-4.0862375211898E-17,3.5656469894309E-16,-1.0));
#3370=DIRECTION('',(-1.0,4.1498227693477E-16,1.37235901655054E-16));
#3371=DIRECTION('',(-4.0862375211898E-17,3.5656469894309E-16,-1.0));
#3372=DIRECTION('',(1.0,-4.1498227693477E-16,-1.37235901655054E-16));
#3373=DIRECTION('',(-3.65856034294913E-16,-1.0,-3.5656469894309E-16));
#3374=DIRECTION('',(1.0,-4.1498227693477E-16,5.55111512312578E-17));
#3375=DIRECTION('',(4.0862375211898E-17,-3.5656469894309E-16,1.0));
#3376=DIRECTION('',(1.0,-4.1498227693477E-16,-1.37235901655054E-16));
#3377=DIRECTION('',(3.65856034294913E-16,1.0,3.5656469894309E-16));
#3378=DIRECTION('',(-1.0,4.1498227693477E-16,1.37235901655054E-16));
#3379=DIRECTION('',(-4.0862375211898E-17,3.5656469894309E-16,-1.0));
#3380=DIRECTION('',(1.0,-4.1498227693477E-16,-1.37235901655054E-16));
#3381=DIRECTION('',(-3.65856034294913E-16,-1.0,-3.5656469894309E-16));
#3382=DIRECTION('',(1.0,-4.1498227693477E-16,5.55111512312578E-17));
#3383=DIRECTION('',(4.0862375211898E-17,-3.5656469894309E-16,1.0));
#3384=DIRECTION('',(1.0,-4.1498227693477E-16,-1.37235901655054E-16));
#3385=DIRECTION('',(3.65856034294913E-16,1.0,3.5656469894309E-16));
#3386=DIRECTION('',(3.65856034294913E-16,1.0,3.5656469894309E-16));
#3387=CARTESIAN_POINT('',(2.15,2.65,-2.15));
#3388=DIRECTION('',(-3.65856034294913E-16,-1.0,-3.5656469894309E-16));
#3389=DIRECTION('',(1.0,-3.65856034294913E-16,5.55111512312579E-17));
#3390=DIRECTION('',(-3.65856034294913E-16,-1.0,-3.5656469894309E-16));
#3391=DIRECTION('',(1.37235901655054E-16,-3.5656469894309E-16,1.0));
#3392=DIRECTION('',(1.0,-4.1498227693477E-16,-1.37235901655054E-16));
#3393=DIRECTION('',(1.37235901655054E-16,-3.5656469894309E-16,1.0));
#3394=DIRECTION('',(-1.0,4.1498227693477E-16,1.37235901655054E-16));
#3395=DIRECTION('',(-3.65856034294913E-16,-1.0,-3.5656469894309E-16));
#3396=DIRECTION('',(-1.0,4.1498227693477E-16,-5.55111512312578E-17));
#3397=DIRECTION('',(-1.37235901655054E-16,3.5656469894309E-16,-1.0));
#3398=DIRECTION('',(-1.0,4.1498227693477E-16,1.37235901655054E-16));
#3399=DIRECTION('',(3.65856034294913E-16,1.0,3.5656469894309E-16));
#3400=DIRECTION('',(1.0,-4.1498227693477E-16,-1.37235901655054E-16));
#3401=DIRECTION('',(1.37235901655054E-16,-3.5656469894309E-16,1.0));
#3402=DIRECTION('',(-1.0,4.1498227693477E-16,1.37235901655054E-16));
#3403=DIRECTION('',(-3.65856034294913E-16,-1.0,-3.5656469894309E-16));
#3404=DIRECTION('',(-1.0,4.1498227693477E-16,-5.55111512312578E-17));
#3405=DIRECTION('',(-1.37235901655054E-16,3.5656469894309E-16,-1.0));
#3406=DIRECTION('',(-1.0,4.1498227693477E-16,1.37235901655054E-16));
#3407=DIRECTION('',(3.65856034294913E-16,1.0,3.5656469894309E-16));
#3408=DIRECTION('',(1.37235901655054E-16,-3.5656469894309E-16,1.0));
#3409=CARTESIAN_POINT('',(2.15,-1.6588259981374E-15,2.15));
#3410=DIRECTION('',(3.65856034294913E-16,1.0,3.5656469894309E-16));
#3411=DIRECTION('',(1.0,-3.65856034294913E-16,5.55111512312579E-17));
#3412=DIRECTION('',(1.0,-4.1498227693477E-16,5.55111512312578E-17));
#3413=DIRECTION('',(-5.5511151231258E-17,-3.5656469894309E-16,1.0));
#3414=DIRECTION('',(-1.0,4.1498227693477E-16,-1.32954163551651E-16));
#3415=DIRECTION('',(5.5511151231258E-17,3.5656469894309E-16,-1.0));
#3416=DIRECTION('',(1.0,-4.1498227693477E-16,5.55111512312578E-17));
#3417=CARTESIAN_POINT('',(-2.15,1.25597792682112E-16,2.15));
#3418=DIRECTION('',(3.65856034294913E-16,1.0,3.5656469894309E-16));
#3419=DIRECTION('',(1.0,-3.65856034294913E-16,5.55111512312579E-17));
#3420=DIRECTION('',(-4.0862375211898E-17,3.5656469894309E-16,-1.0));
#3421=DIRECTION('',(-1.0,4.1498227693477E-16,-5.55111512312578E-17));
#3422=DIRECTION('',(-3.65856034294913E-16,-1.0,-3.5656469894309E-16));
#3423=DIRECTION('',(-5.5511151231258E-17,-3.5656469894309E-16,1.0));
#3424=DIRECTION('',(5.5511151231258E-17,3.5656469894309E-16,-1.0));
#3425=DIRECTION('',(3.65856034294913E-16,1.0,3.5656469894309E-16));
#3426=DIRECTION('',(3.65856034294913E-16,1.0,3.5656469894309E-16));
#3427=DIRECTION('',(1.0,-4.1498227693477E-16,5.55111512312578E-17));
#3428=DIRECTION('',(3.65856034294913E-16,1.0,3.5656469894309E-16));
#3429=DIRECTION('',(3.65856034294913E-16,1.0,3.5656469894309E-16));
#3430=CARTESIAN_POINT('',(-2.15,2.65,2.15));
#3431=DIRECTION('',(3.65856034294913E-16,1.0,3.5656469894309E-16));
#3432=DIRECTION('',(1.0,-3.65856034294913E-16,5.55111512312579E-17));
#3433=DIRECTION('',(1.0,-4.1498227693477E-16,-4.08623752118981E-17));
#3434=CARTESIAN_POINT('',(2.15,2.65,2.15));
#3435=DIRECTION('',(-3.65856034294913E-16,-1.0,-3.5656469894309E-16));
#3436=DIRECTION('',(1.0,-3.65856034294913E-16,5.55111512312579E-17));
#3437=DIRECTION('',(-3.65856034294913E-16,-1.0,-3.5656469894309E-16));
#3438=DIRECTION('',(3.65856034294913E-16,1.0,3.5656469894309E-16));
#3439=DIRECTION('',(-5.5511151231258E-17,-3.5656469894309E-16,1.0));
#3440=DIRECTION('',(-1.0,4.1498227693477E-16,4.08623752118981E-17));
#3441=DIRECTION('',(5.5511151231258E-17,3.5656469894309E-16,-1.0));
#3442=DIRECTION('',(-3.65856034294913E-16,-1.0,-3.5656469894309E-16));
#3443=CARTESIAN_POINT('',(1.6,2.8,1.6));
#3444=DIRECTION('',(3.65856034294913E-16,1.0,3.5656469894309E-16));
#3445=DIRECTION('',(-1.0,3.65856034294913E-16,-5.55111512312579E-17));
#3446=CARTESIAN_POINT('',(-1.6,2.8,1.6));
#3447=DIRECTION('',(3.65856034294913E-16,1.0,3.5656469894309E-16));
#3448=DIRECTION('',(-1.0,3.65856034294913E-16,-5.55111512312579E-17));
#3449=CARTESIAN_POINT('',(-1.6,2.8,-1.6));
#3450=DIRECTION('',(3.65856034294913E-16,1.0,3.5656469894309E-16));
#3451=DIRECTION('',(-1.0,3.65856034294913E-16,-5.55111512312579E-17));
#3452=CARTESIAN_POINT('',(1.6,2.8,-1.6));
#3453=DIRECTION('',(3.65856034294913E-16,1.0,3.5656469894309E-16));
#3454=DIRECTION('',(-1.0,3.65856034294913E-16,-5.55111512312579E-17));
#3455=CARTESIAN_POINT('',(1.02439689602576E-15,2.8,9.98381157040652E-16));
#3456=DIRECTION('',(3.65856034294913E-16,1.0,3.5656469894309E-16));
#3457=DIRECTION('',(-1.0,3.65856034294913E-16,-5.55111512312579E-17));
#3458=CARTESIAN_POINT('',(1.6,2.85,-1.6));
#3459=DIRECTION('',(3.65856034294913E-16,1.0,3.5656469894309E-16));
#3460=DIRECTION('',(-1.0,3.65856034294913E-16,-5.55111512312579E-17));
#3461=CARTESIAN_POINT('',(-1.6,2.85,-1.6));
#3462=DIRECTION('',(3.65856034294913E-16,1.0,3.5656469894309E-16));
#3463=DIRECTION('',(-1.0,3.65856034294913E-16,-5.55111512312579E-17));
#3464=CARTESIAN_POINT('',(-1.6,2.85,1.6));
#3465=DIRECTION('',(3.65856034294913E-16,1.0,3.5656469894309E-16));
#3466=DIRECTION('',(-1.0,3.65856034294913E-16,-5.55111512312579E-17));
#3467=CARTESIAN_POINT('',(1.6,2.85,1.6));
#3468=DIRECTION('',(3.65856034294913E-16,1.0,3.5656469894309E-16));
#3469=DIRECTION('',(-1.0,3.65856034294913E-16,-5.55111512312579E-17));
#3470=CARTESIAN_POINT('',(1.6,3.05,-1.6));
#3471=DIRECTION('',(-3.65856034294914E-16,-1.0,6.87144978429364E-15));
#3472=DIRECTION('',(-1.0,3.65856034294913E-16,-5.55111512312575E-17));
#3473=CARTESIAN_POINT('',(-1.6,3.05,-1.6));
#3474=DIRECTION('',(-3.65856034294913E-16,-1.0,-1.80216759559043E-15));
#3475=DIRECTION('',(-1.0,3.65856034294913E-16,-5.55111512312579E-17));
#3476=CARTESIAN_POINT('',(-1.6,3.05,1.6));
#3477=DIRECTION('',(-3.65856034294913E-16,-1.0,-1.80216759559043E-15));
#3478=DIRECTION('',(-1.0,3.65856034294913E-16,-5.55111512312579E-17));
#3479=CARTESIAN_POINT('',(1.64635215432711E-15,4.5,1.60454114524391E-15));
#3480=DIRECTION('',(3.65856034294913E-16,1.0,3.5656469894309E-16));
#3481=DIRECTION('',(-1.0,3.65856034294913E-16,-5.55111512312579E-17));
#3482=CARTESIAN_POINT('',(1.60976655089762E-15,4.4,1.5688846753496E-15));
#3483=DIRECTION('',(-3.65856034294913E-16,-1.0,-3.5656469894309E-16));
#3484=DIRECTION('',(-1.0,3.65856034294913E-16,-5.55111512312579E-17));
#3485=CARTESIAN_POINT('',(9.87811292596266E-16,2.7,9.62724687146343E-16));
#3486=DIRECTION('',(3.65856034294913E-16,1.0,3.5656469894309E-16));
#3487=DIRECTION('',(-1.0,3.65856034294913E-16,-5.55111512312579E-17));
#3488=CARTESIAN_POINT('',(9.87811292596266E-16,2.7,9.62724687146343E-16));
#3489=DIRECTION('',(3.65856034294913E-16,1.0,3.5656469894309E-16));
#3490=DIRECTION('',(-1.0,3.65856034294913E-16,-5.55111512312579E-17));
#3491=CARTESIAN_POINT('',(1.6,3.05,1.6));
#3492=DIRECTION('',(-3.65856034294914E-16,-1.0,6.8714497842936E-15));
#3493=DIRECTION('',(-1.0,3.65856034294913E-16,-5.55111512312575E-17));
ENDSEC;
END-ISO-10303-21;
