ISO-10303-21;
HEADER;
FILE_DESCRIPTION (( 'STEP AP214' ),
    '1' );
FILE_NAME ('Same_Sky_PJ-073.step',
    '2025-07-30T21:24:45',
    ( '' ),
    ( '' ),
    'SwSTEP 2.0',
    'SolidWorks 2025',
    '' );
FILE_SCHEMA (( 'AUTOMOTIVE_DESIGN' ));
ENDSEC;

DATA;
#1 = LINE ( 'NONE', #1860, #4904 ) ;
#2 = ORIENTED_EDGE ( 'NONE', *, *, #4200, .F. ) ;
#3 = VECTOR ( 'NONE', #966, 39.37007874015748143 ) ;
#4 = CARTESIAN_POINT ( 'NONE',  ( -0.02362204724409448786, 0.08333074995479035352, -0.3248031496062992463 ) ) ;
#5 = EDGE_CURVE ( 'NONE', #4928, #486, #2862, .T. ) ;
#6 = LINE ( 'NONE', #1807, #5491 ) ;
#7 = ORIENTED_EDGE ( 'NONE', *, *, #2326, .F. ) ;
#8 = ORIENTED_EDGE ( 'NONE', *, *, #4267, .T. ) ;
#9 = CARTESIAN_POINT ( 'NONE',  ( -0.02362204724409448786, 0.07874015748031495954, -0.5118110236220472231 ) ) ;
#10 = ORIENTED_EDGE ( 'NONE', *, *, #2382, .F. ) ;
#11 = CARTESIAN_POINT ( 'NONE',  ( -0.1574812992125984301, -0.03937007874015747977, -0.4271653543307086798 ) ) ;
#12 = EDGE_CURVE ( 'NONE', #3813, #2416, #2197, .T. ) ;
#13 = CARTESIAN_POINT ( 'NONE',  ( -0.04527559055118110520, 0.07086614173228346358, -0.5039370078740157410 ) ) ;
#14 = B_SPLINE_CURVE_WITH_KNOTS ( 'NONE', 3,
 ( #1161, #4884, #3436, #2992 ),
 .UNSPECIFIED., .F., .F.,
 ( 4, 4 ),
 ( 0.000000000000000000, 0.0001631267714319214177 ),
 .UNSPECIFIED. ) ;
#15 = CIRCLE ( 'NONE', #3321, 0.007874015748031499423 ) ;
#16 = EDGE_CURVE ( 'NONE', #3737, #4402, #4188, .T. ) ;
#17 = LINE ( 'NONE', #2377, #3588 ) ;
#18 = VERTEX_POINT ( 'NONE', #5079 ) ;
#19 = VERTEX_POINT ( 'NONE', #5464 ) ;
#20 = ORIENTED_EDGE ( 'NONE', *, *, #1711, .T. ) ;
#21 = CARTESIAN_POINT ( 'NONE',  ( -0.1535433070866141780, -0.3385826771653543399, -0.3248031496062992463 ) ) ;
#22 = CARTESIAN_POINT ( 'NONE',  ( -0.02657480314960630058, -0.2559055118110236116, -0.5039370078740157410 ) ) ;
#23 = DIRECTION ( 'NONE',  ( 0.000000000000000000, 0.000000000000000000, 1.000000000000000000 ) ) ;
#24 = CARTESIAN_POINT ( 'NONE',  ( 0.01377952755905511792, -0.3818897637795276023, -0.4291338582677165503 ) ) ;
#25 = ADVANCED_FACE ( 'NONE', ( #2751 ), #2581, .T. ) ;
#26 = CARTESIAN_POINT ( 'NONE',  ( -0.1574803149606299191, -0.2559055118110236116, -0.4251968503937008093 ) ) ;
#27 = LINE ( 'NONE', #474, #2651 ) ;
#28 = ORIENTED_EDGE ( 'NONE', *, *, #1376, .F. ) ;
#29 = VERTEX_POINT ( 'NONE', #3613 ) ;
#30 = ORIENTED_EDGE ( 'NONE', *, *, #2695, .F. ) ;
#31 = VERTEX_POINT ( 'NONE', #505 ) ;
#32 = LINE ( 'NONE', #1833, #1794 ) ;
#33 = CARTESIAN_POINT ( 'NONE',  ( 0.02148175020107590330, -0.2362204724409449064, -0.4276843467665850107 ) ) ;
#34 = ORIENTED_EDGE ( 'NONE', *, *, #3729, .T. ) ;
#35 = CARTESIAN_POINT ( 'NONE',  ( -0.1574803149606299191, -0.2559055118110236116, -0.04724409448818897572 ) ) ;
#36 = FACE_OUTER_BOUND ( 'NONE', #5733, .T. ) ;
#37 = EDGE_LOOP ( 'NONE', ( #4459, #5056, #3101, #4318 ) ) ;
#38 = VERTEX_POINT ( 'NONE', #2840 ) ;
#39 = CARTESIAN_POINT ( 'NONE',  ( 0.07874015748031495954, -0.1456692913385826960, -0.3838582677165354173 ) ) ;
#40 = VERTEX_POINT ( 'NONE', #4636 ) ;
#41 = DIMENSIONAL_EXPONENTS ( 1.000000000000000000, 0.000000000000000000, 0.000000000000000000, 0.000000000000000000, 0.000000000000000000, 0.000000000000000000, 0.000000000000000000 ) ;
#42 = DIRECTION ( 'NONE',  ( 0.000000000000000000, 1.000000000000000000, 0.000000000000000000 ) ) ;
#43 = DIRECTION ( 'NONE',  ( 1.000000000000000000, -4.818676322157806250E-15, 0.000000000000000000 ) ) ;
#44 = DIRECTION ( 'NONE',  ( -1.000000000000000000, -0.000000000000000000, -0.000000000000000000 ) ) ;
#45 = ORIENTED_EDGE ( 'NONE', *, *, #1454, .T. ) ;
#46 = DIRECTION ( 'NONE',  ( 1.000000000000000000, 8.673617379884032317E-15, 0.000000000000000000 ) ) ;
#47 = CARTESIAN_POINT ( 'NONE',  ( -0.1577890804802433156, -0.3641732283464567121, -0.3838582677165354173 ) ) ;
#48 = EDGE_CURVE ( 'NONE', #1569, #891, #4158, .T. ) ;
#49 = CARTESIAN_POINT ( 'NONE',  ( 0.1496062992125984370, 0.1102362204724409434, -0.5118110236220472231 ) ) ;
#50 = CARTESIAN_POINT ( 'NONE',  ( 0.1299212598425196763, -0.09645669291338582196, -0.3602362204724409711 ) ) ;
#51 = CARTESIAN_POINT ( 'NONE',  ( -0.1318897637795275746, -0.1850393700787401619, -0.3838582677165354173 ) ) ;
#52 = CARTESIAN_POINT ( 'NONE',  ( -0.1515748031496063075, -0.2637795275590551491, -0.3838582677165354173 ) ) ;
#53 = EDGE_CURVE ( 'NONE', #2557, #261, #4082, .T. ) ;
#54 = EDGE_CURVE ( 'NONE', #2116, #2380, #1917, .T. ) ;
#55 = ORIENTED_EDGE ( 'NONE', *, *, #380, .F. ) ;
#56 = ORIENTED_EDGE ( 'NONE', *, *, #16, .F. ) ;
#57 = LINE ( 'NONE', #4489, #4436 ) ;
#58 = CARTESIAN_POINT ( 'NONE',  ( -0.07874015748031495954, -0.1653543307086614012, -0.3248031496062992463 ) ) ;
#59 = VERTEX_POINT ( 'NONE', #5026 ) ;
#60 = DIRECTION ( 'NONE',  ( 0.000000000000000000, 0.000000000000000000, -1.000000000000000000 ) ) ;
#61 = CARTESIAN_POINT ( 'NONE',  ( -4.173508357726834973E-12, -0.2362207185654496278, -0.4202743862002913389 ) ) ;
#62 = ORIENTED_EDGE ( 'NONE', *, *, #3430, .T. ) ;
#63 = ORIENTED_EDGE ( 'NONE', *, *, #5574, .T. ) ;
#64 = CARTESIAN_POINT ( 'NONE',  ( 0.1456692913385826960, -0.09645669291338582196, -0.3602362204724409711 ) ) ;
#65 = CARTESIAN_POINT ( 'NONE',  ( -0.1496062992125984370, 0.1496062992125984370, -0.007874015748031495954 ) ) ;
#66 = CARTESIAN_POINT ( 'NONE',  ( 0.1220472440944881942, -0.09645669291338582196, -0.4271653543307086798 ) ) ;
#67 = LINE ( 'NONE', #2432, #5563 ) ;
#68 = ORIENTED_EDGE ( 'NONE', *, *, #5409, .T. ) ;
#69 = VERTEX_POINT ( 'NONE', #1029 ) ;
#70 = AXIS2_PLACEMENT_3D ( 'NONE', #3586, #3670, #1864 ) ;
#71 = CARTESIAN_POINT ( 'NONE',  ( 0.1316184678167437172, -0.2725717138055228639, -0.3248031496062992463 ) ) ;
#72 = CARTESIAN_POINT ( 'NONE',  ( 0.1496062992125984370, -0.2480314960629921295, -0.1062992125984252023 ) ) ;
#73 = CARTESIAN_POINT ( 'NONE',  ( -0.1595801565636224550, -0.3436380280327216985, -0.3838582677165354173 ) ) ;
#74 = CIRCLE ( 'NONE', #4511, 0.007874015748031499423 ) ;
#75 = EDGE_CURVE ( 'NONE', #4325, #3593, #5414, .T. ) ;
#76 = FACE_OUTER_BOUND ( 'NONE', #4949, .T. ) ;
#77 = DIRECTION ( 'NONE',  ( 1.000000000000000000, 0.000000000000000000, 0.000000000000000000 ) ) ;
#78 = LINE ( 'NONE', #1887, #1889 ) ;
#79 = AXIS2_PLACEMENT_3D ( 'NONE', #309, #2617, #3940 ) ;
#80 = ORIENTED_EDGE ( 'NONE', *, *, #3837, .T. ) ;
#81 = ADVANCED_FACE ( 'NONE', ( #530 ), #3249, .T. ) ;
#82 = VECTOR ( 'NONE', #4210, 39.37007874015748143 ) ;
#83 = VECTOR ( 'NONE', #4206, 39.37007874015748143 ) ;
#84 = CIRCLE ( 'NONE', #4218, 0.007874015748031495954 ) ;
#85 = ORIENTED_EDGE ( 'NONE', *, *, #414, .F. ) ;
#86 = DIRECTION ( 'NONE',  ( 2.168404344971012812E-15, 1.000000000000000000, -8.673617379884051249E-15 ) ) ;
#87 = EDGE_CURVE ( 'NONE', #1634, #1678, #3833, .T. ) ;
#88 = CARTESIAN_POINT ( 'NONE',  ( -0.01416606694003980441, -0.2360236220472441138, -0.4821693850143906057 ) ) ;
#89 = EDGE_LOOP ( 'NONE', ( #4173, #5302 ) ) ;
#90 = DIRECTION ( 'NONE',  ( 0.000000000000000000, 0.000000000000000000, -1.000000000000000000 ) ) ;
#91 = ADVANCED_FACE ( 'NONE', ( #2893 ), #3393, .T. ) ;
#92 = VECTOR ( 'NONE', #699, 39.37007874015748854 ) ;
#93 = VECTOR ( 'NONE', #4880, 39.37007874015748143 ) ;
#94 = LINE ( 'NONE', #5694, #670 ) ;
#95 = VECTOR ( 'NONE', #1175, 39.37007874015748143 ) ;
#96 = AXIS2_PLACEMENT_3D ( 'NONE', #2452, #2870, #2392 ) ;
#97 = VERTEX_POINT ( 'NONE', #1532 ) ;
#98 = VERTEX_POINT ( 'NONE', #1587 ) ;
#99 = CARTESIAN_POINT ( 'NONE',  ( -0.1574812992125984301, -0.1456692913385826960, -0.4271653543307086798 ) ) ;
#100 = CARTESIAN_POINT ( 'NONE',  ( 0.1732283464566929387, -0.3385826771653543399, -0.3838582677165354173 ) ) ;
#101 = DIRECTION ( 'NONE',  ( 1.000000000000000000, 0.000000000000000000, 0.000000000000000000 ) ) ;
#102 = CARTESIAN_POINT ( 'NONE',  ( 0.05905511811023622659, -0.08858267716535432601, -0.4074803149606299191 ) ) ;
#103 = EDGE_LOOP ( 'NONE', ( #4026, #5423, #3203, #3558 ) ) ;
#104 = CARTESIAN_POINT ( 'NONE',  ( 0.01377952755979509891, -0.2559055118110236116, -0.4763779527559054983 ) ) ;
#105 = CARTESIAN_POINT ( 'NONE',  ( -0.1534680482601878393, -0.3693331908855875811, -0.3838582677165358059 ) ) ;
#106 = ADVANCED_FACE ( 'NONE', ( #3748 ), #3811, .T. ) ;
#107 = CARTESIAN_POINT ( 'NONE',  ( -0.08661417322834646937, 1.060717700048888628E-17, -0.3248031496062992463 ) ) ;
#108 = DIRECTION ( 'NONE',  ( -1.000000000000000000, 1.577021341797094849E-16, 0.000000000000000000 ) ) ;
#109 = VECTOR ( 'NONE', #3541, 39.37007874015748143 ) ;
#110 = PLANE ( 'NONE',  #1407 ) ;
#111 = LINE ( 'NONE', #4245, #175 ) ;
#112 = LINE ( 'NONE', #5435, #1129 ) ;
#113 = AXIS2_PLACEMENT_3D ( 'NONE', #2025, #2888, #5195 ) ;
#114 = DIRECTION ( 'NONE',  ( 0.000000000000000000, 0.000000000000000000, 1.000000000000000000 ) ) ;
#115 = AXIS2_PLACEMENT_3D ( 'NONE', #1783, #1011, #2430 ) ;
#116 = CLOSED_SHELL ( 'NONE', ( #1706, #2802, #888, #3743, #3372, #2815, #81, #3492, #1360, #3635, #497, #3563, #2470, #4298, #5255, #25 ) ) ;
#117 = ORIENTED_EDGE ( 'NONE', *, *, #2545, .F. ) ;
#118 = DIRECTION ( 'NONE',  ( 0.000000000000000000, 1.000000000000000000, 0.000000000000000000 ) ) ;
#119 = CARTESIAN_POINT ( 'NONE',  ( -0.02148175020107594493, -0.2362204724409449064, -0.4778274642570362607 ) ) ;
#120 = ORIENTED_EDGE ( 'NONE', *, *, #4419, .F. ) ;
#121 = FACE_OUTER_BOUND ( 'NONE', #650, .T. ) ;
#122 = EDGE_CURVE ( 'NONE', #2598, #2878, #4782, .T. ) ;
#123 = ORIENTED_EDGE ( 'NONE', *, *, #4673, .F. ) ;
#124 = ORIENTED_EDGE ( 'NONE', *, *, #3094, .F. ) ;
#125 = ORIENTED_EDGE ( 'NONE', *, *, #1389, .T. ) ;
#126 = CARTESIAN_POINT ( 'NONE',  ( 0.1496062992125984370, 0.1181102362204724532, -0.1535433070866141780 ) ) ;
#127 = EDGE_CURVE ( 'NONE', #5772, #1514, #1929, .T. ) ;
#128 = PLANE ( 'NONE',  #2852 ) ;
#129 = ADVANCED_FACE ( 'NONE', ( #641 ), #167, .F. ) ;
#130 = LINE ( 'NONE', #5128, #2003 ) ;
#131 = PLANE ( 'NONE',  #4813 ) ;
#132 = ORIENTED_EDGE ( 'NONE', *, *, #1609, .T. ) ;
#133 = CARTESIAN_POINT ( 'NONE',  ( -0.03195668221149425281, -0.2559055118110236116, -0.4338219754585945220 ) ) ;
#134 = EDGE_LOOP ( 'NONE', ( #1077, #2615, #810, #206 ) ) ;
#135 = CARTESIAN_POINT ( 'NONE',  ( -0.1181102362204724532, -0.2559055118110236116, -0.1535433070866141780 ) ) ;
#136 = DIRECTION ( 'NONE',  ( 1.000000000000000000, -2.168404344971005318E-15, 0.000000000000000000 ) ) ;
#137 = FACE_OUTER_BOUND ( 'NONE', #2102, .T. ) ;
#138 = CYLINDRICAL_SURFACE ( 'NONE', #1140, 0.01968503937007873988 ) ;
#139 = PLANE ( 'NONE',  #3397 ) ;
#140 = CARTESIAN_POINT ( 'NONE',  ( -0.1104813162887537392, -0.2952755905511810774, -0.1695186360090454869 ) ) ;
#141 = ORIENTED_EDGE ( 'NONE', *, *, #48, .T. ) ;
#142 = DIRECTION ( 'NONE',  ( -1.000000000000000000, 0.000000000000000000, 0.000000000000000000 ) ) ;
#143 = DIRECTION ( 'NONE',  ( 0.000000000000000000, 0.000000000000000000, 1.000000000000000000 ) ) ;
#144 = EDGE_LOOP ( 'NONE', ( #2040, #30, #5068, #4217, #2346, #3344, #295, #2677, #3279, #3789, #1504, #2933, #1072 ) ) ;
#145 = CARTESIAN_POINT ( 'NONE',  ( -0.01636592371413858257, -0.2362204724409449064, -0.4808116963743819250 ) ) ;
#146 = EDGE_CURVE ( 'NONE', #1637, #4603, #3425, .T. ) ;
#147 = ORIENTED_EDGE ( 'NONE', *, *, #3159, .F. ) ;
#148 = ORIENTED_EDGE ( 'NONE', *, *, #655, .T. ) ;
#149 = ORIENTED_EDGE ( 'NONE', *, *, #4637, .T. ) ;
#150 = DIRECTION ( 'NONE',  ( 0.000000000000000000, 0.000000000000000000, -1.000000000000000000 ) ) ;
#151 = CARTESIAN_POINT ( 'NONE',  ( 0.09055118110236221041, -0.2165354330708661457, -0.07874015748031495954 ) ) ;
#152 = EDGE_CURVE ( 'NONE', #3992, #69, #4213, .T. ) ;
#153 = DIRECTION ( 'NONE',  ( -1.084202172485502067E-15, 1.000000000000000000, 0.000000000000000000 ) ) ;
#154 = VERTEX_POINT ( 'NONE', #5140 ) ;
#155 = CARTESIAN_POINT ( 'NONE',  ( -0.02148175020107594493, -0.2362204724409449064, -0.4778274642570362607 ) ) ;
#156 = SURFACE_SIDE_STYLE ('',( #1959 ) ) ;
#157 = EDGE_CURVE ( 'NONE', #3975, #264, #5671, .T. ) ;
#158 = ORIENTED_EDGE ( 'NONE', *, *, #4855, .F. ) ;
#159 = CARTESIAN_POINT ( 'NONE',  ( -0.1240157480314960647, -0.1771653543307086520, -0.3838582677165354173 ) ) ;
#160 = DIRECTION ( 'NONE',  ( 0.000000000000000000, 1.000000000000000000, 0.000000000000000000 ) ) ;
#161 = EDGE_CURVE ( 'NONE', #3276, #3313, #5232, .T. ) ;
#162 = CARTESIAN_POINT ( 'NONE',  ( 0.07874015748031495954, -0.07283464566929134798, -0.3602362204724409711 ) ) ;
#163 = LINE ( 'NONE', #3333, #742 ) ;
#164 = DIRECTION ( 'NONE',  ( -1.000000000000000000, 0.000000000000000000, 0.000000000000000000 ) ) ;
#165 = CARTESIAN_POINT ( 'NONE',  ( -0.09842519685039370636, -0.07283464566929134798, -0.3602362204724409711 ) ) ;
#166 = AXIS2_PLACEMENT_3D ( 'NONE', #1107, #2528, #5606 ) ;
#167 = CYLINDRICAL_SURFACE ( 'NONE', #4742, 0.007874015748031499423 ) ;
#168 = ORIENTED_EDGE ( 'NONE', *, *, #2073, .F. ) ;
#169 = CIRCLE ( 'NONE', #831, 0.007874015748031499423 ) ;
#170 = CARTESIAN_POINT ( 'NONE',  ( 0.1299212598425197041, -0.3816275297988341864, -0.3783344843966317539 ) ) ;
#171 = CARTESIAN_POINT ( 'NONE',  ( 0.03320085417611622763, -0.2362204724409449341, -0.4544037809572775699 ) ) ;
#172 = ORIENTED_EDGE ( 'NONE', *, *, #3319, .T. ) ;
#173 = CARTESIAN_POINT ( 'NONE',  ( -0.02536089825891365765, -0.2362204724409449341, -0.4312655122056532342 ) ) ;
#174 = EDGE_CURVE ( 'NONE', #4196, #3569, #1622, .T. ) ;
#175 = VECTOR ( 'NONE', #5075, 39.37007874015748143 ) ;
#176 = VECTOR ( 'NONE', #1557, 39.37007874015748143 ) ;
#177 = CIRCLE ( 'NONE', #2447, 0.007874015748031499423 ) ;
#178 = EDGE_LOOP ( 'NONE', ( #1790, #1080, #4513, #2988 ) ) ;
#179 = AXIS2_PLACEMENT_3D ( 'NONE', #3358, #5108, #4664 ) ;
#180 = AXIS2_PLACEMENT_3D ( 'NONE', #2824, #1076, #2855 ) ;
#181 = ORIENTED_EDGE ( 'NONE', *, *, #3236, .F. ) ;
#182 = DIRECTION ( 'NONE',  ( 0.000000000000000000, 0.000000000000000000, 1.000000000000000000 ) ) ;
#183 = EDGE_CURVE ( 'NONE', #1363, #766, #228, .T. ) ;
#184 = AXIS2_PLACEMENT_3D ( 'NONE', #1474, #143, #3278 ) ;
#185 = LINE ( 'NONE', #3288, #2766 ) ;
#186 = VECTOR ( 'NONE', #5527, 39.37007874015748143 ) ;
#187 = DIRECTION ( 'NONE',  ( 0.000000000000000000, 0.000000000000000000, 1.000000000000000000 ) ) ;
#188 = EDGE_LOOP ( 'NONE', ( #4684, #1742, #1249, #4342 ) ) ;
#189 = CARTESIAN_POINT ( 'NONE',  ( -0.03195668221149428750, -0.2559055118110236116, -0.4716898355650268049 ) ) ;
#190 = FILL_AREA_STYLE_COLOUR ( '', #5483 ) ;
#191 = ORIENTED_EDGE ( 'NONE', *, *, #5333, .T. ) ;
#192 = PLANE ( 'NONE',  #2641 ) ;
#193 = VECTOR ( 'NONE', #3721, 39.37007874015748143 ) ;
#194 = CARTESIAN_POINT ( 'NONE',  ( 0.1181102362204724532, -0.2559055118110236116, -0.1771653543307086520 ) ) ;
#195 = EDGE_CURVE ( 'NONE', #5218, #3124, #3426, .T. ) ;
#196 = ADVANCED_FACE ( 'NONE', ( #1061 ), #614, .T. ) ;
#197 = PLANE ( 'NONE',  #962 ) ;
#198 = ADVANCED_FACE ( 'NONE', ( #4667 ), #5322, .F. ) ;
#199 = CARTESIAN_POINT ( 'NONE',  ( 0.01377952755905511792, -0.3818897637795276023, -0.4527559055118110520 ) ) ;
#200 = DIRECTION ( 'NONE',  ( 0.000000000000000000, 0.000000000000000000, -1.000000000000000000 ) ) ;
#201 = ADVANCED_FACE ( 'NONE', ( #821 ), #2121, .T. ) ;
#202 = CARTESIAN_POINT ( 'NONE',  ( -0.03444881889763779653, 0.1181102362204724532, -0.5118110236220472231 ) ) ;
#203 = ADVANCED_FACE ( 'NONE', ( #4012 ), #761, .T. ) ;
#204 = CARTESIAN_POINT ( 'NONE',  ( -0.1122020842638269678, -0.2952755905511810774, -0.1749262100682921206 ) ) ;
#205 = EDGE_CURVE ( 'NONE', #3013, #4387, #1063, .T. ) ;
#206 = ORIENTED_EDGE ( 'NONE', *, *, #3230, .T. ) ;
#207 = VECTOR ( 'NONE', #5827, 39.37007874015748143 ) ;
#208 = CARTESIAN_POINT ( 'NONE',  ( 0.1332946771011713216, -0.3713356289420692846, -0.3830721102384176402 ) ) ;
#209 = PLANE ( 'NONE',  #2268 ) ;
#210 = ORIENTED_EDGE ( 'NONE', *, *, #1491, .T. ) ;
#211 = ORIENTED_EDGE ( 'NONE', *, *, #2713, .F. ) ;
#212 = ORIENTED_EDGE ( 'NONE', *, *, #4563, .F. ) ;
#213 = CIRCLE ( 'NONE', #3525, 0.005905511811023517882 ) ;
#214 = ORIENTED_EDGE ( 'NONE', *, *, #2514, .F. ) ;
#215 = CARTESIAN_POINT ( 'NONE',  ( -0.05314960629921260116, -0.03937007874015747977, -0.5118110236220472231 ) ) ;
#216 = CARTESIAN_POINT ( 'NONE',  ( -0.1574803149606299191, 0.1102362204724409434, -0.1062992125984252023 ) ) ;
#217 = ORIENTED_EDGE ( 'NONE', *, *, #2320, .T. ) ;
#218 = CARTESIAN_POINT ( 'NONE',  ( 0.01966837389314940801, -0.2561043307086614540, -0.4763633126897440784 ) ) ;
#219 = PRESENTATION_STYLE_ASSIGNMENT (( #4712 ) ) ;
#220 = EDGE_LOOP ( 'NONE', ( #5221, #4232, #702, #4567 ) ) ;
#221 = CARTESIAN_POINT ( 'NONE',  ( -0.02362204724409448786, 0.07086614173228346358, -0.3818897637795276023 ) ) ;
#222 = CARTESIAN_POINT ( 'NONE',  ( 0.1715311384824690921, -0.3297904909188866251, -0.3838582677165354173 ) ) ;
#223 = LINE ( 'NONE', #5665, #4737 ) ;
#224 = CARTESIAN_POINT ( 'NONE',  ( 0.1122047244094488277, -0.2952755905511809109, -0.1771653543307086798 ) ) ;
#225 = EDGE_CURVE ( 'NONE', #642, #333, #4368, .T. ) ;
#226 = CARTESIAN_POINT ( 'NONE',  ( 0.1496062992125984370, -0.2559055118110236116, -0.007874015748031495954 ) ) ;
#227 = DIRECTION ( 'NONE',  ( -1.000000000000000000, 1.548860246407864815E-16, 0.000000000000000000 ) ) ;
#228 = LINE ( 'NONE', #2030, #5499 ) ;
#229 = EDGE_CURVE ( 'NONE', #3727, #3964, #875, .T. ) ;
#230 = PLANE ( 'NONE',  #2363 ) ;
#231 = DIRECTION ( 'NONE',  ( 0.000000000000000000, 0.000000000000000000, -1.000000000000000000 ) ) ;
#232 = ORIENTED_EDGE ( 'NONE', *, *, #5073, .F. ) ;
#233 = EDGE_CURVE ( 'NONE', #38, #3727, #4874, .T. ) ;
#234 = CARTESIAN_POINT ( 'NONE',  ( -0.1496062992125984370, 0.1496062992125984370, -0.007874015748031495954 ) ) ;
#235 = ORIENTED_EDGE ( 'NONE', *, *, #2649, .F. ) ;
#236 = EDGE_LOOP ( 'NONE', ( #5796, #3463, #4869, #1694 ) ) ;
#237 = ORIENTED_EDGE ( 'NONE', *, *, #536, .F. ) ;
#238 = SURFACE_SIDE_STYLE ('',( #1074 ) ) ;
#239 = LINE ( 'NONE', #5214, #680 ) ;
#240 = PLANE ( 'NONE',  #4145 ) ;
#241 = ORIENTED_EDGE ( 'NONE', *, *, #4965, .F. ) ;
#242 = CARTESIAN_POINT ( 'NONE',  ( -0.01117607660989088786, -0.2561043307086614540, -0.4763200384333206583 ) ) ;
#243 = ORIENTED_EDGE ( 'NONE', *, *, #5119, .T. ) ;
#244 = CARTESIAN_POINT ( 'NONE',  ( 0.1181102362204724532, -0.2559055118110236116, -0.5118110236220472231 ) ) ;
#245 = CARTESIAN_POINT ( 'NONE',  ( 0.09055118110236221041, -0.2165354330708661457, -0.1538737016413399827 ) ) ;
#246 = CARTESIAN_POINT ( 'NONE',  ( 0.1390742640150066933, -0.3641732283464567121, -0.3248031496062992463 ) ) ;
#247 = LINE ( 'NONE', #2863, #3420 ) ;
#248 = DIRECTION ( 'NONE',  ( 1.000000000000000000, 0.000000000000000000, 0.000000000000000000 ) ) ;
#249 = CARTESIAN_POINT ( 'NONE',  ( 0.09055118110236221041, -0.2165354330708661457, -0.07874015748031495954 ) ) ;
#250 = DIRECTION ( 'NONE',  ( -0.7666798835800611167, -0.6420295601556551546, 0.000000000000000000 ) ) ;
#251 = EDGE_CURVE ( 'NONE', #434, #1127, #2481, .T. ) ;
#252 = DIRECTION ( 'NONE',  ( 0.000000000000000000, 0.000000000000000000, 1.000000000000000000 ) ) ;
#253 = FACE_OUTER_BOUND ( 'NONE', #5503, .T. ) ;
#254 = FACE_OUTER_BOUND ( 'NONE', #3470, .T. ) ;
#255 = ORIENTED_EDGE ( 'NONE', *, *, #1427, .F. ) ;
#256 = AXIS2_PLACEMENT_3D ( 'NONE', #2332, #5826, #1773 ) ;
#257 = EDGE_CURVE ( 'NONE', #3672, #40, #5685, .T. ) ;
#258 = DIRECTION ( 'NONE',  ( 1.000000000000000000, 0.000000000000000000, 0.000000000000000000 ) ) ;
#259 = CIRCLE ( 'NONE', #2632, 0.005905511811023672272 ) ;
#260 = EDGE_CURVE ( 'NONE', #3603, #2771, #853, .T. ) ;
#261 = VERTEX_POINT ( 'NONE', #3453 ) ;
#262 = ORIENTED_EDGE ( 'NONE', *, *, #1289, .F. ) ;
#263 = CARTESIAN_POINT ( 'NONE',  ( 0.1574803149606299191, -0.2559055118110236116, -0.1062992125984252023 ) ) ;
#264 = VERTEX_POINT ( 'NONE', #4453 ) ;
#265 = AXIS2_PLACEMENT_3D ( 'NONE', #2922, #669, #4395 ) ;
#266 = VECTOR ( 'NONE', #5361, 39.37007874015748854 ) ;
#267 = CARTESIAN_POINT ( 'NONE',  ( 0.07874015748031495954, -0.1771653543307086520, -0.3838582677165354173 ) ) ;
#268 = STYLED_ITEM ( 'NONE', ( #3241 ), #3113 ) ;
#269 = AXIS2_PLACEMENT_3D ( 'NONE', #4231, #187, #1907 ) ;
#270 = ORIENTED_EDGE ( 'NONE', *, *, #450, .F. ) ;
#271 = CARTESIAN_POINT ( 'NONE',  ( -2.612516601302209023E-06, -0.2362204724409449064, -0.4198331823865133483 ) ) ;
#272 =( CONVERSION_BASED_UNIT ( 'INCH', #4745 ) LENGTH_UNIT ( ) NAMED_UNIT ( #1396 ) );
#273 = ORIENTED_EDGE ( 'NONE', *, *, #2396, .T. ) ;
#274 = LINE ( 'NONE', #3741, #3011 ) ;
#275 = ORIENTED_EDGE ( 'NONE', *, *, #5348, .T. ) ;
#276 = CARTESIAN_POINT ( 'NONE',  ( -0.02657480314960630058, -0.1850393700787401619, -0.3818897637795276023 ) ) ;
#277 = VECTOR ( 'NONE', #338, 39.37007874015748143 ) ;
#278 = AXIS2_PLACEMENT_3D ( 'NONE', #1362, #4129, #86 ) ;
#279 = CARTESIAN_POINT ( 'NONE',  ( 0.1574803149606299191, -0.3385826771653543399, -0.3248031496062992463 ) ) ;
#280 = LINE ( 'NONE', #3180, #3620 ) ;
#281 = EDGE_LOOP ( 'NONE', ( #2336, #1039, #764, #2710 ) ) ;
#282 = CARTESIAN_POINT ( 'NONE',  ( -0.1574812992125984301, -0.1653543307086614012, -0.3838582677165354173 ) ) ;
#283 = ADVANCED_FACE ( 'NONE', ( #5378 ), #791, .F. ) ;
#284 = AXIS2_PLACEMENT_3D ( 'NONE', #4540, #931, #4033 ) ;
#285 = PLANE ( 'NONE',  #5746 ) ;
#286 = LINE ( 'NONE', #202, #2731 ) ;
#287 = DIRECTION ( 'NONE',  ( 0.000000000000000000, -1.000000000000000000, 0.000000000000000000 ) ) ;
#288 = EDGE_LOOP ( 'NONE', ( #979, #4510, #2872, #5840, #5154, #3118 ) ) ;
#289 = CARTESIAN_POINT ( 'NONE',  ( 0.1535433070866141780, -0.2637795275590551491, -0.3248031496062992463 ) ) ;
#290 = CARTESIAN_POINT ( 'NONE',  ( 0.1496062992125984370, -0.3385826771653543399, -0.3248031496062992463 ) ) ;
#291 = FACE_OUTER_BOUND ( 'NONE', #2788, .T. ) ;
#292 = VERTEX_POINT ( 'NONE', #3134 ) ;
#293 = CARTESIAN_POINT ( 'NONE',  ( -0.1574803149606299191, 0.1496062992125984370, -0.04724409448818897572 ) ) ;
#294 = VECTOR ( 'NONE', #2791, 39.37007874015748143 ) ;
#295 = ORIENTED_EDGE ( 'NONE', *, *, #975, .T. ) ;
#296 = EDGE_CURVE ( 'NONE', #1808, #2927, #4933, .T. ) ;
#297 = CARTESIAN_POINT ( 'NONE',  ( 0.1351599345345846637, -0.3690240933338633789, -0.3838582677165354173 ) ) ;
#298 = VECTOR ( 'NONE', #5072, 39.37007874015748143 ) ;
#299 = ORIENTED_EDGE ( 'NONE', *, *, #884, .F. ) ;
#300 = DIRECTION ( 'NONE',  ( 1.000000000000000000, 0.000000000000000000, 0.000000000000000000 ) ) ;
#301 = AXIS2_PLACEMENT_3D ( 'NONE', #1130, #2404, #2880 ) ;
#302 = VECTOR ( 'NONE', #3361, 39.37007874015748143 ) ;
#303 = EDGE_LOOP ( 'NONE', ( #3250, #3474, #1745, #5564 ) ) ;
#304 = EDGE_CURVE ( 'NONE', #2513, #3630, #5816, .T. ) ;
#305 = CARTESIAN_POINT ( 'NONE',  ( 0.01639175322783779573, -0.2360236220472441138, -0.4246557571183559032 ) ) ;
#306 = PLANE ( 'NONE',  #1974 ) ;
#307 = EDGE_LOOP ( 'NONE', ( #1754, #5447, #3624, #4539, #4468, #606, #4189, #2720, #4496 ) ) ;
#308 = LINE ( 'NONE', #9, #1873 ) ;
#309 = CARTESIAN_POINT ( 'NONE',  ( 0.000000000000000000, 0.000000000000000000, 0.000000000000000000 ) ) ;
#310 = EDGE_CURVE ( 'NONE', #351, #1367, #3984, .T. ) ;
#311 = DIRECTION ( 'NONE',  ( 0.000000000000000000, 0.000000000000000000, -1.000000000000000000 ) ) ;
#312 = FACE_OUTER_BOUND ( 'NONE', #5008, .T. ) ;
#313 = CARTESIAN_POINT ( 'NONE',  ( -0.1455379536725980305, -0.3788029168491681697, -0.3799792750554113474 ) ) ;
#314 = CARTESIAN_POINT ( 'NONE',  ( -0.03444881889763779653, -0.1771653543307086520, -0.3818897637795276023 ) ) ;
#315 = VERTEX_POINT ( 'NONE', #347 ) ;
#316 = CARTESIAN_POINT ( 'NONE',  ( 0.02657480314960630058, -0.2559055118110236116, -0.5039370078740157410 ) ) ;
#317 = CARTESIAN_POINT ( 'NONE',  ( 0.09448818897637795144, -0.2165354330708661457, -0.2007874015748031260 ) ) ;
#318 = CARTESIAN_POINT ( 'NONE',  ( -0.007073987918398440961, -0.2362204724409449341, -0.4202755905520900170 ) ) ;
#319 = CARTESIAN_POINT ( 'NONE',  ( 0.1496062992125984370, -0.3385826771653543399, -0.3838582677165354173 ) ) ;
#320 = LINE ( 'NONE', #4399, #2174 ) ;
#321 = DIRECTION ( 'NONE',  ( 0.000000000000000000, 0.000000000000000000, -1.000000000000000000 ) ) ;
#322 = EDGE_LOOP ( 'NONE', ( #2962, #3897, #80, #210 ) ) ;
#323 = VERTEX_POINT ( 'NONE', #2094 ) ;
#324 = ORIENTED_EDGE ( 'NONE', *, *, #3534, .T. ) ;
#325 = VERTEX_POINT ( 'NONE', #3519 ) ;
#326 = VERTEX_POINT ( 'NONE', #5700 ) ;
#327 = CARTESIAN_POINT ( 'NONE',  ( 0.1299212598425196763, -0.2637795275590551491, -0.3838582677165354173 ) ) ;
#328 = ADVANCED_FACE ( 'NONE', ( #5757 ), #777, .T. ) ;
#329 = CARTESIAN_POINT ( 'NONE',  ( -0.1437007874015747977, -0.3937007874015748254, -0.3838582677165354173 ) ) ;
#330 = ORIENTED_EDGE ( 'NONE', *, *, #4350, .T. ) ;
#331 = CARTESIAN_POINT ( 'NONE',  ( 2.638641767423021832E-08, -0.2561043307086614540, -0.4292277950941166820 ) ) ;
#332 = LINE ( 'NONE', #2134, #5465 ) ;
#333 = VERTEX_POINT ( 'NONE', #3007 ) ;
#334 = CARTESIAN_POINT ( 'NONE',  ( -0.09448818897637795144, -0.2559055118110236116, -0.2007874015748031260 ) ) ;
#335 = ORIENTED_EDGE ( 'NONE', *, *, #852, .F. ) ;
#336 = CARTESIAN_POINT ( 'NONE',  ( 0.07714928323726555348, -0.03937007874015747977, -0.3248031496062992463 ) ) ;
#337 = CARTESIAN_POINT ( 'NONE',  ( -0.07874015748031495954, -0.07283464566929134798, -0.3602362204724409711 ) ) ;
#338 = DIRECTION ( 'NONE',  ( 1.577021341797094849E-16, 1.000000000000000000, 0.000000000000000000 ) ) ;
#339 = EDGE_CURVE ( 'NONE', #323, #5127, #2138, .T. ) ;
#340 = DIRECTION ( 'NONE',  ( 2.591188433157949844E-14, -1.000000000000000000, -6.742493108517799815E-28 ) ) ;
#341 = EDGE_CURVE ( 'NONE', #2082, #3758, #5520, .T. ) ;
#342 = DIRECTION ( 'NONE',  ( 1.000000000000000000, 0.000000000000000000, 0.000000000000000000 ) ) ;
#343 = CARTESIAN_POINT ( 'NONE',  ( 0.1461680345492082367, -0.3804594948578482461, -0.3296362250699803598 ) ) ;
#344 = PLANE ( 'NONE',  #5376 ) ;
#345 = EDGE_CURVE ( 'NONE', #4222, #1156, #3637, .T. ) ;
#346 = LINE ( 'NONE', #3067, #5735 ) ;
#347 = CARTESIAN_POINT ( 'NONE',  ( -0.05905511811023622659, -0.08858267716535432601, -0.4074803149606299191 ) ) ;
#348 = CARTESIAN_POINT ( 'NONE',  ( -0.1496062992125984370, 0.1496062992125984370, -0.04724409448818897572 ) ) ;
#349 = LINE ( 'NONE', #1241, #1227 ) ;
#350 = VERTEX_POINT ( 'NONE', #5432 ) ;
#351 = VERTEX_POINT ( 'NONE', #5048 ) ;
#352 = VERTEX_POINT ( 'NONE', #2799 ) ;
#353 = EDGE_LOOP ( 'NONE', ( #2647, #3396, #877, #5262, #3144, #4769 ) ) ;
#354 = VECTOR ( 'NONE', #5769, 39.37007874015748143 ) ;
#355 = LINE ( 'NONE', #3350, #1885 ) ;
#356 = VERTEX_POINT ( 'NONE', #2353 ) ;
#357 = VECTOR ( 'NONE', #2740, 39.37007874015748143 ) ;
#358 = EDGE_CURVE ( 'NONE', #3994, #4888, #3483, .T. ) ;
#359 = CARTESIAN_POINT ( 'NONE',  ( -0.1437007874015747977, -0.3641732283464567121, -0.3543307086614173040 ) ) ;
#360 = CIRCLE ( 'NONE', #3103, 0.01968503937007873988 ) ;
#361 = DIRECTION ( 'NONE',  ( 1.000000000000000000, 0.000000000000000000, 0.000000000000000000 ) ) ;
#362 = VERTEX_POINT ( 'NONE', #2777 ) ;
#363 = CARTESIAN_POINT ( 'NONE',  ( -0.009081027146307383072, -0.2360236220472441138, -0.4210732266455393669 ) ) ;
#364 = DIRECTION ( 'NONE',  ( 0.000000000000000000, 0.000000000000000000, 1.000000000000000000 ) ) ;
#365 = ORIENTED_EDGE ( 'NONE', *, *, #3052, .F. ) ;
#366 = CARTESIAN_POINT ( 'NONE',  ( -0.01377952755905511792, -0.3818897637795276023, -0.4763779527559054983 ) ) ;
#367 = EDGE_CURVE ( 'NONE', #2137, #1597, #2575, .T. ) ;
#368 = EDGE_LOOP ( 'NONE', ( #459, #2587, #3617, #3049 ) ) ;
#369 = LENGTH_MEASURE_WITH_UNIT ( LENGTH_MEASURE( 0.02539999999999999897 ), #4837 );
#370 = CARTESIAN_POINT ( 'NONE',  ( -0.1122047244095503299, -0.2952755905511810774, -0.1771653544168296235 ) ) ;
#371 = VECTOR ( 'NONE', #4592, 39.37007874015748143 ) ;
#372 = DIRECTION ( 'NONE',  ( -1.000000000000000000, 0.000000000000000000, 0.000000000000000000 ) ) ;
#373 = CIRCLE ( 'NONE', #4806, 0.08661417322834646937 ) ;
#374 = CIRCLE ( 'NONE', #1972, 0.03248031496062989826 ) ;
#375 = ORIENTED_EDGE ( 'NONE', *, *, #4940, .T. ) ;
#376 = CARTESIAN_POINT ( 'NONE',  ( 0.1456692913385826960, -0.08858267716535432601, -0.4074803149606299191 ) ) ;
#377 = DIRECTION ( 'NONE',  ( 1.000000000000000000, 0.000000000000000000, 9.856383386231860060E-17 ) ) ;
#378 = EDGE_CURVE ( 'NONE', #486, #3975, #3215, .T. ) ;
#379 = DIRECTION ( 'NONE',  ( 0.000000000000000000, 0.000000000000000000, 1.000000000000000000 ) ) ;
#380 = EDGE_CURVE ( 'NONE', #1182, #4104, #4986, .T. ) ;
#381 = VECTOR ( 'NONE', #4040, 39.37007874015748143 ) ;
#382 = CIRCLE ( 'NONE', #3961, 0.007874015748031499423 ) ;
#383 = CARTESIAN_POINT ( 'NONE',  ( -0.09842519685039370636, -0.07283464566929134798, -0.4271653543307086798 ) ) ;
#384 = EDGE_CURVE ( 'NONE', #3142, #2088, #937, .T. ) ;
#385 = DIRECTION ( 'NONE',  ( 7.589415207398476764E-14, 3.035766082959390327E-14, 1.000000000000000000 ) ) ;
#386 = CIRCLE ( 'NONE', #1982, 0.01771653543307089712 ) ;
#387 = DIRECTION ( 'NONE',  ( 0.000000000000000000, 0.000000000000000000, 1.000000000000000000 ) ) ;
#388 = DIRECTION ( 'NONE',  ( 0.7071067811865475727, 1.095209583345268210E-16, 0.7071067811865475727 ) ) ;
#389 = ORIENTED_EDGE ( 'NONE', *, *, #3337, .T. ) ;
#390 = EDGE_CURVE ( 'NONE', #4885, #5569, #3186, .T. ) ;
#391 = CIRCLE ( 'NONE', #568, 0.02362204724409448092 ) ;
#392 = ADVANCED_FACE ( 'NONE', ( #440 ), #4596, .T. ) ;
#393 = ORIENTED_EDGE ( 'NONE', *, *, #5174, .F. ) ;
#394 = ORIENTED_EDGE ( 'NONE', *, *, #5612, .F. ) ;
#395 = DIRECTION ( 'NONE',  ( 0.000000000000000000, 0.000000000000000000, 1.000000000000000000 ) ) ;
#396 = VERTEX_POINT ( 'NONE', #995 ) ;
#397 = DIRECTION ( 'NONE',  ( 1.000000000000000000, 0.000000000000000000, 0.000000000000000000 ) ) ;
#398 = CIRCLE ( 'NONE', #1339, 0.02362204724409448092 ) ;
#399 = LINE ( 'NONE', #2699, #2668 ) ;
#400 = ORIENTED_EDGE ( 'NONE', *, *, #3400, .T. ) ;
#401 = AXIS2_PLACEMENT_3D ( 'NONE', #4663, #4752, #4271 ) ;
#402 = ORIENTED_EDGE ( 'NONE', *, *, #4239, .T. ) ;
#403 = CARTESIAN_POINT ( 'NONE',  ( -0.07874015748031495954, -0.1456692913385826960, -0.3838582677165354173 ) ) ;
#404 = DIRECTION ( 'NONE',  ( -1.000000000000000000, 0.000000000000000000, -8.673617379884039416E-16 ) ) ;
#405 = VECTOR ( 'NONE', #2564, 39.37007874015748143 ) ;
#406 = CARTESIAN_POINT ( 'NONE',  ( 0.1351599345345847192, -0.3690240933338633789, -0.3252043313956563542 ) ) ;
#407 = CLOSED_SHELL ( 'NONE', ( #328, #792, #5213, #797, #106, #619, #5011, #4594, #1858, #5176, #4164, #4394, #91, #878, #809, #4565, #5620, #4547, #1852, #3133, #3996, #3295, #5326, #3053, #598, #392, #196, #2760, #1132, #4859, #4825, #5647, #622, #4486, #2538, #2016, #1207, #2610, #2366, #2063, #3332, #5779, #3532, #2667, #1679, #527, #3198, #5463, #3071, #4738, #2621, #4865, #596, #523, #1897, #5437, #2471, #3985, #1494, #803, #3271, #1792, #2726, #3484, #1248, #988, #2804, #2939, #5598, #4067, #5582, #1026, #3914, #4198, #765, #917, #458, #3842, #1152, #515, #2364, #198, #1056, #4494, #3946, #3523, #5474, #1925, #4412, #4276, #1928, #2247, #2835, #1568, #5257, #3660, #3306, #1826, #3090, #4038, #5366, #4303 ) ) ;
#408 = DIRECTION ( 'NONE',  ( -8.673617379884054405E-15, 1.000000000000000000, 0.000000000000000000 ) ) ;
#409 = FACE_OUTER_BOUND ( 'NONE', #236, .T. ) ;
#410 = DIRECTION ( 'NONE',  ( 0.000000000000000000, 0.000000000000000000, 1.000000000000000000 ) ) ;
#411 = VECTOR ( 'NONE', #1633, 39.37007874015748143 ) ;
#412 = LINE ( 'NONE', #905, #1866 ) ;
#413 = CARTESIAN_POINT ( 'NONE',  ( -0.1455379536725980305, -0.3788029168491681697, -0.3838582677165354173 ) ) ;
#414 = EDGE_CURVE ( 'NONE', #2312, #3276, #5847, .T. ) ;
#415 = CARTESIAN_POINT ( 'NONE',  ( 0.05905511811023622659, -0.07283464566929134798, -0.4074803149606299191 ) ) ;
#416 = DIRECTION ( 'NONE',  ( 0.000000000000000000, -1.000000000000000000, 1.548860246407864815E-16 ) ) ;
#417 = ORIENTED_EDGE ( 'NONE', *, *, #4855, .T. ) ;
#418 = EDGE_LOOP ( 'NONE', ( #4969, #3459, #4733, #5703, #5296, #2295, #3756, #237 ) ) ;
#419 = EDGE_CURVE ( 'NONE', #3696, #946, #906, .T. ) ;
#420 = VERTEX_POINT ( 'NONE', #2747 ) ;
#421 = FACE_OUTER_BOUND ( 'NONE', #2637, .T. ) ;
#422 = EDGE_CURVE ( 'NONE', #4623, #826, #4119, .T. ) ;
#423 = ORIENTED_EDGE ( 'NONE', *, *, #3454, .T. ) ;
#424 = CARTESIAN_POINT ( 'NONE',  ( 0.1299212598425196763, -0.3838582677165353618, -0.3763392517470451892 ) ) ;
#425 = DIRECTION ( 'NONE',  ( -1.000000000000000000, 0.000000000000000000, 0.000000000000000000 ) ) ;
#426 = VERTEX_POINT ( 'NONE', #4573 ) ;
#427 = ORIENTED_EDGE ( 'NONE', *, *, #1564, .T. ) ;
#428 = CARTESIAN_POINT ( 'NONE',  ( -0.1240157480314960647, -0.1850393700787401619, -0.3248031496062992463 ) ) ;
#429 = CARTESIAN_POINT ( 'NONE',  ( -0.1607850332429366091, -0.3354911522540708346, -0.3248031496062992463 ) ) ;
#430 = ORIENTED_EDGE ( 'NONE', *, *, #1464, .F. ) ;
#431 = DIRECTION ( 'NONE',  ( 1.000000000000000000, 0.000000000000000000, 0.000000000000000000 ) ) ;
#432 = ORIENTED_EDGE ( 'NONE', *, *, #1279, .F. ) ;
#433 = DIRECTION ( 'NONE',  ( 1.000000000000000000, 0.000000000000000000, -2.478176394252580155E-15 ) ) ;
#434 = VERTEX_POINT ( 'NONE', #2322 ) ;
#435 = ORIENTED_EDGE ( 'NONE', *, *, #1062, .F. ) ;
#436 = CARTESIAN_POINT ( 'NONE',  ( -0.09055118110236221041, -0.2165354330708661457, -0.1538737016413401493 ) ) ;
#437 = DIRECTION ( 'NONE',  ( 0.000000000000000000, 0.000000000000000000, -1.000000000000000000 ) ) ;
#438 = CARTESIAN_POINT ( 'NONE',  ( 0.1496062992125984370, -0.2480314960629921295, -0.04724409448818897572 ) ) ;
#439 = B_SPLINE_CURVE_WITH_KNOTS ( 'NONE', 3,
 ( #370, #1290, #1730, #783, #4327, #812, #1264, #3910, #1640, #4803, #5717, #3976, #3886, #1194, #2975 ),
 .UNSPECIFIED., .F., .F.,
 ( 4, 2, 2, 2, 1, 2, 2, 4 ),
 ( 0.5000000016022615457, 0.5624999999999920064, 0.6249999999999930056, 0.7500000000000000000, 0.8125000000000000000, 0.8437500000000000000, 0.8750000000000000000, 1.000000000000000000 ),
 .UNSPECIFIED. ) ;
#440 = FACE_OUTER_BOUND ( 'NONE', #2193, .T. ) ;
#441 = LINE ( 'NONE', #51, #3865 ) ;
#442 = DIRECTION ( 'NONE',  ( 1.000000000000000000, 1.084202172485503694E-16, 0.000000000000000000 ) ) ;
#443 = ORIENTED_EDGE ( 'NONE', *, *, #174, .T. ) ;
#444 = EDGE_CURVE ( 'NONE', #2557, #1862, #1796, .T. ) ;
#445 = VERTEX_POINT ( 'NONE', #50 ) ;
#446 = DIRECTION ( 'NONE',  ( 0.000000000000000000, 1.000000000000000000, 0.000000000000000000 ) ) ;
#447 = ORIENTED_EDGE ( 'NONE', *, *, #1415, .F. ) ;
#448 = DIRECTION ( 'NONE',  ( 0.000000000000000000, 1.000000000000000000, 0.000000000000000000 ) ) ;
#449 = EDGE_CURVE ( 'NONE', #3342, #5328, #470, .T. ) ;
#450 = EDGE_CURVE ( 'NONE', #1303, #3790, #4070, .T. ) ;
#451 = B_SPLINE_CURVE_WITH_KNOTS ( 'NONE', 3,
 ( #145, #3005, #3753, #5120, #4814, #760, #173, #5057, #318, #2120 ),
 .UNSPECIFIED., .F., .F.,
 ( 4, 2, 2, 2, 4 ),
 ( 0.000000000000000000, 0.2500000000000000000, 0.5000000000000000000, 0.7500000000000000000, 1.000000000000000000 ),
 .UNSPECIFIED. ) ;
#452 = CARTESIAN_POINT ( 'NONE',  ( -0.1181102362204724532, -0.2559055118110236116, -0.04724409448818897572 ) ) ;
#453 = VERTEX_POINT ( 'NONE', #1851 ) ;
#454 = VERTEX_POINT ( 'NONE', #1882 ) ;
#455 = CARTESIAN_POINT ( 'NONE',  ( -0.1240157480314960647, -0.1653543307086614012, -0.3248031496062992463 ) ) ;
#456 = VECTOR ( 'NONE', #448, 39.37007874015748143 ) ;
#457 = DIRECTION ( 'NONE',  ( 1.000000000000000000, -8.652165729315481446E-16, -1.061856703143262095E-15 ) ) ;
#458 = ADVANCED_FACE ( 'NONE', ( #5490 ), #1443, .F. ) ;
#459 = ORIENTED_EDGE ( 'NONE', *, *, #2252, .T. ) ;
#460 = LINE ( 'NONE', #3566, #3329 ) ;
#461 = AXIS2_PLACEMENT_3D ( 'NONE', #5346, #2238, #3572 ) ;
#462 = CARTESIAN_POINT ( 'NONE',  ( -0.09448818897637795144, -0.2165354330708661457, -0.1771653543307086520 ) ) ;
#463 = VERTEX_POINT ( 'NONE', #5160 ) ;
#464 = LINE ( 'NONE', #1848, #1040 ) ;
#465 = DIRECTION ( 'NONE',  ( 1.577021341797094849E-16, 1.000000000000000000, 0.000000000000000000 ) ) ;
#466 = DIRECTION ( 'NONE',  ( 1.000000000000000000, 0.000000000000000000, 0.000000000000000000 ) ) ;
#467 = VECTOR ( 'NONE', #5374, 39.37007874015748143 ) ;
#468 =( GEOMETRIC_REPRESENTATION_CONTEXT ( 3 ) GLOBAL_UNCERTAINTY_ASSIGNED_CONTEXT ( ( #4514 ) ) GLOBAL_UNIT_ASSIGNED_CONTEXT ( ( #871, #3471, #4921 ) ) REPRESENTATION_CONTEXT ( 'NONE', 'WORKASPACE' ) );
#469 = AXIS2_PLACEMENT_3D ( 'NONE', #428, #514, #5511 ) ;
#470 = LINE ( 'NONE', #500, #3516 ) ;
#471 = ADVANCED_FACE ( 'NONE', ( #1938 ), #197, .F. ) ;
#472 = VECTOR ( 'NONE', #2910, 39.37007874015748143 ) ;
#473 = DIRECTION ( 'NONE',  ( 0.000000000000000000, 0.000000000000000000, 1.000000000000000000 ) ) ;
#474 = CARTESIAN_POINT ( 'NONE',  ( -0.07874015748031495954, -0.03937007874015747977, -0.3602362204724409711 ) ) ;
#475 = EDGE_LOOP ( 'NONE', ( #2997, #2492, #3730, #5805 ) ) ;
#476 = AXIS2_PLACEMENT_3D ( 'NONE', #2097, #3896, #3786 ) ;
#477 = VERTEX_POINT ( 'NONE', #4240 ) ;
#478 = VECTOR ( 'NONE', #4517, 39.37007874015748143 ) ;
#479 = CARTESIAN_POINT ( 'NONE',  ( 0.1496062992125984370, -0.3385826771653543399, -0.3838582677165354173 ) ) ;
#480 = DIRECTION ( 'NONE',  ( 0.000000000000000000, 0.000000000000000000, -1.000000000000000000 ) ) ;
#481 = ORIENTED_EDGE ( 'NONE', *, *, #4239, .F. ) ;
#482 = VECTOR ( 'NONE', #5404, 39.37007874015748143 ) ;
#483 = DIRECTION ( 'NONE',  ( 1.000000000000000000, 0.000000000000000000, 0.000000000000000000 ) ) ;
#484 = DIRECTION ( 'NONE',  ( -1.000000000000000000, 0.000000000000000000, 0.000000000000000000 ) ) ;
#485 = EDGE_CURVE ( 'NONE', #3938, #426, #4630, .T. ) ;
#486 = VERTEX_POINT ( 'NONE', #665 ) ;
#487 = VERTEX_POINT ( 'NONE', #691 ) ;
#488 = FACE_OUTER_BOUND ( 'NONE', #3983, .T. ) ;
#489 = CARTESIAN_POINT ( 'NONE',  ( -0.1181102362204724532, -0.2559055118110236116, -0.3838582677165354173 ) ) ;
#490 = DIRECTION ( 'NONE',  ( 0.000000000000000000, 0.000000000000000000, 1.000000000000000000 ) ) ;
#491 = EDGE_CURVE ( 'NONE', #4411, #2009, #2950, .T. ) ;
#492 = AXIS2_PLACEMENT_3D ( 'NONE', #1467, #1913, #970 ) ;
#493 = VECTOR ( 'NONE', #5475, 39.37007874015748143 ) ;
#494 = CARTESIAN_POINT ( 'NONE',  ( 0.09055118110236221041, -0.2165354330708661457, -0.4251968503937008093 ) ) ;
#495 = ORIENTED_EDGE ( 'NONE', *, *, #4200, .T. ) ;
#496 = DIRECTION ( 'NONE',  ( 1.000000000000000000, -2.168404344971005318E-15, 0.000000000000000000 ) ) ;
#497 = ADVANCED_FACE ( 'NONE', ( #3805 ), #5632, .T. ) ;
#498 = LINE ( 'NONE', #4626, #1685 ) ;
#499 = CARTESIAN_POINT ( 'NONE',  ( 0.03195668221146975158, -0.2559055118108149451, -0.4338219754586213894 ) ) ;
#500 = CARTESIAN_POINT ( 'NONE',  ( -0.09055118110236221041, -0.2559055118110236116, -0.04724409448818897572 ) ) ;
#501 = VECTOR ( 'NONE', #1642, 39.37007874015748854 ) ;
#502 = CARTESIAN_POINT ( 'NONE',  ( -0.1574812992125984301, -0.1771653543307086520, -0.5118110236220472231 ) ) ;
#503 = VECTOR ( 'NONE', #1417, 39.37007874015748143 ) ;
#504 = CARTESIAN_POINT ( 'NONE',  ( -0.01377952755905511792, -0.3818897637795276023, -0.4291338582677165503 ) ) ;
#505 = CARTESIAN_POINT ( 'NONE',  ( -0.03248031496062991907, 3.977691375183332546E-18, -0.4133858267716535861 ) ) ;
#506 = EDGE_LOOP ( 'NONE', ( #1278, #2692, #860, #1392, #1276 ) ) ;
#507 = LINE ( 'NONE', #947, #2739 ) ;
#508 = CARTESIAN_POINT ( 'NONE',  ( -0.02149970264447677304, -0.2360236220472441138, -0.4276698516515740622 ) ) ;
#509 = VERTEX_POINT ( 'NONE', #5607 ) ;
#510 = CARTESIAN_POINT ( 'NONE',  ( 0.1299212598425196763, -0.3641732283464567121, -0.3543307086614173040 ) ) ;
#511 = CARTESIAN_POINT ( 'NONE',  ( -0.1318897637795275746, -0.1850393700787401619, -0.3248031496062992463 ) ) ;
#512 = VERTEX_POINT ( 'NONE', #2412 ) ;
#513 = ORIENTED_EDGE ( 'NONE', *, *, #3837, .F. ) ;
#514 = DIRECTION ( 'NONE',  ( 0.000000000000000000, 0.000000000000000000, -1.000000000000000000 ) ) ;
#515 = ADVANCED_FACE ( 'NONE', ( #580 ), #5135, .F. ) ;
#516 = CARTESIAN_POINT ( 'NONE',  ( -0.1574803149606299191, -0.2480314960629921295, -0.1535433070866141780 ) ) ;
#517 = CARTESIAN_POINT ( 'NONE',  ( -0.1181102362204724532, -0.2559055118110236116, -0.04724409448818897572 ) ) ;
#518 = CARTESIAN_POINT ( 'NONE',  ( 0.1462350273299907744, -0.2667102563078775357, -0.3838582677165354173 ) ) ;
#519 = ORIENTED_EDGE ( 'NONE', *, *, #3234, .F. ) ;
#520 = VERTEX_POINT ( 'NONE', #5577 ) ;
#521 = LINE ( 'NONE', #904, #5281 ) ;
#522 = CYLINDRICAL_SURFACE ( 'NONE', #3942, 0.007874015748031499423 ) ;
#523 = ADVANCED_FACE ( 'NONE', ( #1580 ), #1965, .F. ) ;
#524 = CARTESIAN_POINT ( 'NONE',  ( -0.01636592371413858257, -0.2362204724409449064, -0.4808116963743819250 ) ) ;
#525 = EDGE_CURVE ( 'NONE', #5855, #5821, #223, .T. ) ;
#526 = DIRECTION ( 'NONE',  ( 0.000000000000000000, 0.000000000000000000, -1.000000000000000000 ) ) ;
#527 = ADVANCED_FACE ( 'NONE', ( #3331 ), #2386, .F. ) ;
#528 = DIRECTION ( 'NONE',  ( 0.000000000000000000, 1.000000000000000000, 0.000000000000000000 ) ) ;
#529 = CARTESIAN_POINT ( 'NONE',  ( 0.1496062992125982982, 0.1496062992125982982, -0.007874015748031521975 ) ) ;
#530 = FACE_OUTER_BOUND ( 'NONE', #3810, .T. ) ;
#531 = FACE_OUTER_BOUND ( 'NONE', #1088, .T. ) ;
#532 = CARTESIAN_POINT ( 'NONE',  ( -0.009081080908465728047, -0.2360236220472441138, -0.4844396321215787560 ) ) ;
#533 = ORIENTED_EDGE ( 'NONE', *, *, #5853, .T. ) ;
#534 = FACE_OUTER_BOUND ( 'NONE', #4840, .T. ) ;
#535 = DIRECTION ( 'NONE',  ( 0.000000000000000000, 0.7752349855172890880, -0.6316729511622359849 ) ) ;
#536 = EDGE_CURVE ( 'NONE', #896, #2846, #247, .T. ) ;
#537 = ORIENTED_EDGE ( 'NONE', *, *, #919, .F. ) ;
#538 = ORIENTED_EDGE ( 'NONE', *, *, #4713, .F. ) ;
#539 = DIRECTION ( 'NONE',  ( 1.000000000000000000, 0.000000000000000000, 0.000000000000000000 ) ) ;
#540 = CARTESIAN_POINT ( 'NONE',  ( 0.07677165354330706126, -0.2952755905511812440, -0.1771653543307086798 ) ) ;
#541 = CARTESIAN_POINT ( 'NONE',  ( -0.03444881889763779653, -0.1771653543307086520, -0.3838582677165354173 ) ) ;
#542 = DIRECTION ( 'NONE',  ( 0.000000000000000000, 0.000000000000000000, -1.000000000000000000 ) ) ;
#543 = ORIENTED_EDGE ( 'NONE', *, *, #5353, .T. ) ;
#544 = EDGE_CURVE ( 'NONE', #1134, #4527, #4687, .T. ) ;
#545 = AXIS2_PLACEMENT_3D ( 'NONE', #4105, #3197, #483 ) ;
#546 = LINE ( 'NONE', #1404, #3674 ) ;
#547 = CARTESIAN_POINT ( 'NONE',  ( -0.1574803149606299191, 0.1574803149606299191, -0.007874015748031495954 ) ) ;
#548 = CARTESIAN_POINT ( 'NONE',  ( 2.837649354119448872E-12, -0.2362207185654496278, -0.4852374248233307097 ) ) ;
#549 = VECTOR ( 'NONE', #3515, 39.37007874015748143 ) ;
#550 = CARTESIAN_POINT ( 'NONE',  ( -0.1437007874015747977, -0.3838582677165354173, -0.3323221655757894188 ) ) ;
#551 = EDGE_CURVE ( 'NONE', #5394, #19, #5407, .T. ) ;
#552 = CARTESIAN_POINT ( 'NONE',  ( 0.1535433070866141780, -0.2637795275590551491, -0.3838582677165354173 ) ) ;
#553 = CARTESIAN_POINT ( 'NONE',  ( 0.1181102362204724532, 0.1181102362204724532, -0.5118110236220472231 ) ) ;
#554 = AXIS2_PLACEMENT_3D ( 'NONE', #2444, #2001, #2415 ) ;
#555 = AXIS2_PLACEMENT_3D ( 'NONE', #1552, #3416, #4773 ) ;
#556 = EDGE_LOOP ( 'NONE', ( #3465, #3908, #2885, #4923, #5487, #1051 ) ) ;
#557 = AXIS2_PLACEMENT_3D ( 'NONE', #479, #1420, #3194 ) ;
#558 = EDGE_CURVE ( 'NONE', #3253, #4085, #1617, .T. ) ;
#559 = CARTESIAN_POINT ( 'NONE',  ( -0.1437007874015747977, -0.3838582677165354173, -0.3838582677165354173 ) ) ;
#560 = CARTESIAN_POINT ( 'NONE',  ( 0.01639175322783779573, -0.2360236220472441138, -0.4246557571183559032 ) ) ;
#561 = ORIENTED_EDGE ( 'NONE', *, *, #1954, .F. ) ;
#562 = EDGE_CURVE ( 'NONE', #736, #512, #2250, .T. ) ;
#563 = PLANE ( 'NONE',  #730 ) ;
#564 = VECTOR ( 'NONE', #342, 39.37007874015748143 ) ;
#565 = AXIS2_PLACEMENT_3D ( 'NONE', #4935, #4123, #2749 ) ;
#566 = VECTOR ( 'NONE', #4545, 39.37007874015748143 ) ;
#567 = EDGE_LOOP ( 'NONE', ( #4290, #920, #5342, #661 ) ) ;
#568 = AXIS2_PLACEMENT_3D ( 'NONE', #1174, #3479, #3389 ) ;
#569 = EDGE_LOOP ( 'NONE', ( #1035, #1342, #1710, #3240 ) ) ;
#570 = ORIENTED_EDGE ( 'NONE', *, *, #449, .T. ) ;
#571 = LINE ( 'NONE', #3792, #2163 ) ;
#572 = CARTESIAN_POINT ( 'NONE',  ( 0.1299212598425196763, -0.2637795275590551491, -0.3838582677165354173 ) ) ;
#573 = PLANE ( 'NONE',  #4461 ) ;
#574 = CARTESIAN_POINT ( 'NONE',  ( -0.09842519685039370636, -0.08858267716535432601, -0.3602362204724409711 ) ) ;
#575 = ORIENTED_EDGE ( 'NONE', *, *, #1741, .T. ) ;
#576 = CARTESIAN_POINT ( 'NONE',  ( -0.03389888073763566712, -0.2362204724409449064, -0.4527559055118110520 ) ) ;
#577 = VERTEX_POINT ( 'NONE', #162 ) ;
#578 = DIRECTION ( 'NONE',  ( 0.7071067811865474617, 0.000000000000000000, -0.7071067811865474617 ) ) ;
#579 = CARTESIAN_POINT ( 'NONE',  ( 0.1496062992125984370, 0.1102362204724409434, -0.1062992125984252023 ) ) ;
#580 = FACE_OUTER_BOUND ( 'NONE', #1042, .T. ) ;
#581 = CIRCLE ( 'NONE', #767, 0.01968503937007873988 ) ;
#582 = FACE_OUTER_BOUND ( 'NONE', #1430, .T. ) ;
#583 = DIRECTION ( 'NONE',  ( 0.000000000000000000, 1.000000000000000000, 0.000000000000000000 ) ) ;
#584 = DIRECTION ( 'NONE',  ( 1.000000000000000000, 0.000000000000000000, 0.000000000000000000 ) ) ;
#585 = VECTOR ( 'NONE', #4925, 39.37007874015748854 ) ;
#586 = EDGE_CURVE ( 'NONE', #4881, #5674, #5121, .T. ) ;
#587 = ORIENTED_EDGE ( 'NONE', *, *, #3729, .F. ) ;
#588 = VECTOR ( 'NONE', #2483, 39.37007874015748143 ) ;
#589 = ORIENTED_EDGE ( 'NONE', *, *, #5409, .F. ) ;
#590 = CARTESIAN_POINT ( 'NONE',  ( 0.1474155162359375992, -0.3789135429223114415, -0.3287455592587203435 ) ) ;
#591 = CARTESIAN_POINT ( 'NONE',  ( -0.02657480314960630058, -0.2165354330708661457, -0.3818897637795276023 ) ) ;
#592 = ORIENTED_EDGE ( 'NONE', *, *, #3094, .T. ) ;
#593 = LINE ( 'NONE', #3892, #5183 ) ;
#594 = EDGE_CURVE ( 'NONE', #1654, #678, #753, .T. ) ;
#595 = ORIENTED_EDGE ( 'NONE', *, *, #2660, .T. ) ;
#596 = ADVANCED_FACE ( 'NONE', ( #4391 ), #1172, .F. ) ;
#597 = ORIENTED_EDGE ( 'NONE', *, *, #195, .F. ) ;
#598 = ADVANCED_FACE ( 'NONE', ( #3542 ), #2114, .T. ) ;
#599 = EDGE_LOOP ( 'NONE', ( #2578, #1073, #3494, #5130 ) ) ;
#600 = CARTESIAN_POINT ( 'NONE',  ( -0.09448818897637795144, -0.2559055118110236116, -0.1771653543307086520 ) ) ;
#601 = CARTESIAN_POINT ( 'NONE',  ( -0.1496062992125984370, -0.2480314960629921295, -0.007874015748031495954 ) ) ;
#602 = DIRECTION ( 'NONE',  ( 0.000000000000000000, -1.000000000000000000, 0.000000000000000000 ) ) ;
#603 = ORIENTED_EDGE ( 'NONE', *, *, #1385, .F. ) ;
#604 = CARTESIAN_POINT ( 'NONE',  ( 0.02962241908993094516, -0.2360236220472441138, -0.4692780477221976665 ) ) ;
#605 = LENGTH_MEASURE_WITH_UNIT ( LENGTH_MEASURE( 0.02539999999999999897 ), #3716 );
#606 = ORIENTED_EDGE ( 'NONE', *, *, #950, .T. ) ;
#607 = LINE ( 'NONE', #159, #5650 ) ;
#608 = LINE ( 'NONE', #4326, #2915 ) ;
#609 = CARTESIAN_POINT ( 'NONE',  ( -0.1334704877588005767, -0.2715083398372629686, -0.3838582677165354173 ) ) ;
#610 = CARTESIAN_POINT ( 'NONE',  ( -0.09055118110236221041, -0.2559055118110236116, -0.4251968503937008093 ) ) ;
#611 = EDGE_CURVE ( 'NONE', #487, #2662, #3473, .T. ) ;
#612 = CARTESIAN_POINT ( 'NONE',  ( 0.1574803149606299191, 0.1102362204724409434, -0.1062992125984252023 ) ) ;
#613 = CARTESIAN_POINT ( 'NONE',  ( 0.1181102362204724532, 0.1181102362204724532, -0.5118110236220472231 ) ) ;
#614 = SPHERICAL_SURFACE ( 'NONE', #5320, 0.007874015748031553200 ) ;
#615 = VERTEX_POINT ( 'NONE', #3446 ) ;
#616 = LINE ( 'NONE', #1919, #4910 ) ;
#617 = CARTESIAN_POINT ( 'NONE',  ( -0.006539886388411043742, -0.2559055118110236116, -0.4763779527559054983 ) ) ;
#618 = ORIENTED_EDGE ( 'NONE', *, *, #804, .T. ) ;
#619 = ADVANCED_FACE ( 'NONE', ( #3977 ), #5314, .T. ) ;
#620 = DIRECTION ( 'NONE',  ( 1.000000000000000000, 0.000000000000000000, 0.000000000000000000 ) ) ;
#621 = ORIENTED_EDGE ( 'NONE', *, *, #1062, .T. ) ;
#622 = ADVANCED_FACE ( 'NONE', ( #1668 ), #2976, .T. ) ;
#623 = VERTEX_POINT ( 'NONE', #3033 ) ;
#624 = CARTESIAN_POINT ( 'NONE',  ( 0.1535433070866141780, -0.3838582677165354173, -0.3838582677165354173 ) ) ;
#625 = EDGE_CURVE ( 'NONE', #2154, #2513, #1195, .T. ) ;
#626 = CARTESIAN_POINT ( 'NONE',  ( -0.02362204724409448786, 0.07086614173228346358, -0.5039370078740157410 ) ) ;
#627 = DIRECTION ( 'NONE',  ( 1.000000000000000000, 0.000000000000000000, 9.427844978134820201E-17 ) ) ;
#628 = VERTEX_POINT ( 'NONE', #4867 ) ;
#629 = CARTESIAN_POINT ( 'NONE',  ( -0.01120568047454582709, -0.2559055118110236116, -0.4763779527559054983 ) ) ;
#630 =( CONVERSION_BASED_UNIT ( 'INCH', #605 ) LENGTH_UNIT ( ) NAMED_UNIT ( #41 ) );
#631 = ORIENTED_EDGE ( 'NONE', *, *, #1609, .F. ) ;
#632 = CARTESIAN_POINT ( 'NONE',  ( 0.1351599345345847192, -0.3690240933338633789, -0.3252043313956563542 ) ) ;
#633 = CARTESIAN_POINT ( 'NONE',  ( 0.1181102362204724532, 0.1181102362204724532, -0.5118110236220472231 ) ) ;
#634 = ADVANCED_FACE ( 'NONE', ( #3000 ), #5747, .T. ) ;
#635 = CARTESIAN_POINT ( 'NONE',  ( 0.02362204724409448786, 0.000000000000000000, -0.3248031496062992463 ) ) ;
#636 = VECTOR ( 'NONE', #5590, 39.37007874015748143 ) ;
#637 = CARTESIAN_POINT ( 'NONE',  ( 0.09448818897637795144, -0.2559055118110236116, -0.2007874015748031260 ) ) ;
#638 = DIRECTION ( 'NONE',  ( 0.000000000000000000, 0.000000000000000000, -1.000000000000000000 ) ) ;
#639 = DIRECTION ( 'NONE',  ( 1.000000000000000000, 0.000000000000000000, 0.000000000000000000 ) ) ;
#640 = VECTOR ( 'NONE', #4094, 39.37007874015748143 ) ;
#641 = FACE_OUTER_BOUND ( 'NONE', #220, .T. ) ;
#642 = VERTEX_POINT ( 'NONE', #1731 ) ;
#643 = LINE ( 'NONE', #1033, #750 ) ;
#644 = DIMENSIONAL_EXPONENTS ( 1.000000000000000000, 0.000000000000000000, 0.000000000000000000, 0.000000000000000000, 0.000000000000000000, 0.000000000000000000, 0.000000000000000000 ) ;
#645 = CARTESIAN_POINT ( 'NONE',  ( 0.07874015748031495954, -0.1771653543307086520, -0.3838582677165354173 ) ) ;
#646 = ORIENTED_EDGE ( 'NONE', *, *, #367, .T. ) ;
#647 = VECTOR ( 'NONE', #3824, 39.37007874015748143 ) ;
#648 = VECTOR ( 'NONE', #4212, 39.37007874015748143 ) ;
#649 = CIRCLE ( 'NONE', #469, 0.01968503937007873988 ) ;
#650 = EDGE_LOOP ( 'NONE', ( #5714, #5500, #4199, #4519, #1700, #2990 ) ) ;
#651 = ORIENTED_EDGE ( 'NONE', *, *, #378, .T. ) ;
#652 = AXIS2_PLACEMENT_3D ( 'NONE', #3245, #5161, #2413 ) ;
#653 = AXIS2_PLACEMENT_3D ( 'NONE', #5600, #3963, #2496 ) ;
#654 = ORIENTED_EDGE ( 'NONE', *, *, #2101, .F. ) ;
#655 = EDGE_CURVE ( 'NONE', #3468, #1918, #2596, .T. ) ;
#656 = DIRECTION ( 'NONE',  ( 1.084202172485502067E-15, -1.000000000000000000, 0.000000000000000000 ) ) ;
#657 = VECTOR ( 'NONE', #4995, 39.37007874015748143 ) ;
#658 = CARTESIAN_POINT ( 'NONE',  ( -0.1437007874015747977, -0.2637795275590551491, -0.3838582677165354173 ) ) ;
#659 = EDGE_LOOP ( 'NONE', ( #4114, #3956, #4568, #4591 ) ) ;
#660 = CARTESIAN_POINT ( 'NONE',  ( 0.01639175322783779573, -0.2360236220472441138, -0.4246557571183559032 ) ) ;
#661 = ORIENTED_EDGE ( 'NONE', *, *, #4022, .F. ) ;
#662 = CARTESIAN_POINT ( 'NONE',  ( 0.02362204724409448786, 0.07086614173228346358, -0.3248031496062992463 ) ) ;
#663 = LINE ( 'NONE', #1729, #5553 ) ;
#664 = EDGE_CURVE ( 'NONE', #1250, #2662, #1292, .T. ) ;
#665 = CARTESIAN_POINT ( 'NONE',  ( 0.01377952755905511792, -0.3818897637795276023, -0.4291338582677165503 ) ) ;
#666 = EDGE_CURVE ( 'NONE', #4963, #4586, #5383, .T. ) ;
#667 = CARTESIAN_POINT ( 'NONE',  ( 0.1364543135679338881, -0.3674200234759955053, -0.3837242364292779429 ) ) ;
#668 = FACE_OUTER_BOUND ( 'NONE', #567, .T. ) ;
#669 = DIRECTION ( 'NONE',  ( 0.000000000000000000, 0.000000000000000000, -1.000000000000000000 ) ) ;
#670 = VECTOR ( 'NONE', #5312, 39.37007874015748143 ) ;
#671 = DIRECTION ( 'NONE',  ( 0.000000000000000000, 0.000000000000000000, -1.000000000000000000 ) ) ;
#672 = ORIENTED_EDGE ( 'NONE', *, *, #5509, .F. ) ;
#673 = DIRECTION ( 'NONE',  ( 0.7071067811865480168, 0.000000000000000000, 0.7071067811865470176 ) ) ;
#674 = CARTESIAN_POINT ( 'NONE',  ( -0.1535433070866141780, -0.3385826771653543399, -0.3838582677165354173 ) ) ;
#675 = ORIENTED_EDGE ( 'NONE', *, *, #994, .F. ) ;
#676 = CARTESIAN_POINT ( 'NONE',  ( 0.1102362204724409434, -0.1771653543307086520, -0.3838582677165354173 ) ) ;
#677 = AXIS2_PLACEMENT_3D ( 'NONE', #319, #4902, #3921 ) ;
#678 = VERTEX_POINT ( 'NONE', #2205 ) ;
#679 = ORIENTED_EDGE ( 'NONE', *, *, #5689, .T. ) ;
#680 = VECTOR ( 'NONE', #2105, 39.37007874015748143 ) ;
#681 = ORIENTED_EDGE ( 'NONE', *, *, #5358, .T. ) ;
#682 = FACE_BOUND ( 'NONE', #2199, .T. ) ;
#683 = CARTESIAN_POINT ( 'NONE',  ( -0.1102362204724409434, -0.1771653543307086520, -0.5118110236220472231 ) ) ;
#684 = VERTEX_POINT ( 'NONE', #5227 ) ;
#685 = CARTESIAN_POINT ( 'NONE',  ( 0.01968650586098433242, -0.2559055118110236116, -0.4763779527559054983 ) ) ;
#686 = DIRECTION ( 'NONE',  ( 0.000000000000000000, 0.000000000000000000, -1.000000000000000000 ) ) ;
#687 = ORIENTED_EDGE ( 'NONE', *, *, #1558, .T. ) ;
#688 = DIRECTION ( 'NONE',  ( 2.168404344971008079E-15, 1.000000000000000000, 0.000000000000000000 ) ) ;
#689 = ADVANCED_FACE ( 'NONE', ( #4005 ), #1757, .T. ) ;
#690 = DIRECTION ( 'NONE',  ( 1.000000000000000000, 0.000000000000000000, 0.000000000000000000 ) ) ;
#691 = CARTESIAN_POINT ( 'NONE',  ( 0.07874015748031495954, -0.08858267716535432601, -0.4271653543307086798 ) ) ;
#692 = CARTESIAN_POINT ( 'NONE',  ( -0.02657480314960630058, -0.1850393700787401619, -0.5039370078740157410 ) ) ;
#693 = DIRECTION ( 'NONE',  ( 0.000000000000000000, 1.000000000000000000, 0.000000000000000000 ) ) ;
#694 = PLANE ( 'NONE',  #4992 ) ;
#695 = EDGE_CURVE ( 'NONE', #1670, #3992, #2906, .T. ) ;
#696 = EDGE_CURVE ( 'NONE', #2631, #4314, #280, .T. ) ;
#697 = CARTESIAN_POINT ( 'NONE',  ( -0.09987828353565907091, -0.2952755905511810774, -0.1602463685227216439 ) ) ;
#698 = CARTESIAN_POINT ( 'NONE',  ( -0.1496062992125984370, 0.1574803149606299191, -0.007874015748031495954 ) ) ;
#699 = DIRECTION ( 'NONE',  ( -0.7071067811865474617, -0.7071067811865474617, 0.000000000000000000 ) ) ;
#700 = VERTEX_POINT ( 'NONE', #2342 ) ;
#701 = LINE ( 'NONE', #4174, #4221 ) ;
#702 = ORIENTED_EDGE ( 'NONE', *, *, #4471, .F. ) ;
#703 = EDGE_LOOP ( 'NONE', ( #2755, #2107, #1543, #928, #1681, #5149 ) ) ;
#704 = ORIENTED_EDGE ( 'NONE', *, *, #1964, .T. ) ;
#705 = ORIENTED_EDGE ( 'NONE', *, *, #358, .T. ) ;
#706 = CARTESIAN_POINT ( 'NONE',  ( -0.05905511811023622659, -0.08858267716535432601, -0.4271653543307086798 ) ) ;
#707 = ORIENTED_EDGE ( 'NONE', *, *, #2991, .T. ) ;
#708 = EDGE_CURVE ( 'NONE', #3569, #1334, #2579, .T. ) ;
#709 = DIRECTION ( 'NONE',  ( 1.000000000000000000, 0.000000000000000000, 0.000000000000000000 ) ) ;
#710 = DIRECTION ( 'NONE',  ( 0.000000000000000000, 1.000000000000000000, 0.000000000000000000 ) ) ;
#711 = ORIENTED_EDGE ( 'NONE', *, *, #1454, .F. ) ;
#712 = CARTESIAN_POINT ( 'NONE',  ( 0.02148175020107594493, -0.2362204724409449064, -0.4778274642570362607 ) ) ;
#713 = CARTESIAN_POINT ( 'NONE',  ( 0.1299212598425196763, -0.3641732283464567121, -0.3838582677165354173 ) ) ;
#714 = ORIENTED_EDGE ( 'NONE', *, *, #5616, .F. ) ;
#715 = DIRECTION ( 'NONE',  ( 0.000000000000000000, 0.000000000000000000, -1.000000000000000000 ) ) ;
#716 = VERTEX_POINT ( 'NONE', #4061 ) ;
#717 = DIRECTION ( 'NONE',  ( 0.000000000000000000, 1.000000000000000000, 0.000000000000000000 ) ) ;
#718 = DIRECTION ( 'NONE',  ( -0.6279800488664419866, -0.7782294380359181529, 0.000000000000000000 ) ) ;
#719 = CARTESIAN_POINT ( 'NONE',  ( 0.1332930032944351084, -0.3713377032208270978, -0.3255896525460619251 ) ) ;
#720 = CARTESIAN_POINT ( 'NONE',  ( 0.1181102362204724532, -0.1850393700787401619, -0.5118110236220472231 ) ) ;
#721 = DIRECTION ( 'NONE',  ( -9.856383386231860060E-17, 0.000000000000000000, 1.000000000000000000 ) ) ;
#722 = DIRECTION ( 'NONE',  ( 0.000000000000000000, 0.000000000000000000, -1.000000000000000000 ) ) ;
#723 = CARTESIAN_POINT ( 'NONE',  ( -0.09055118110236221041, -0.2559055118110236116, -0.2004570070200771825 ) ) ;
#724 = ORIENTED_EDGE ( 'NONE', *, *, #260, .F. ) ;
#725 = CARTESIAN_POINT ( 'NONE',  ( -0.09561110675219094968, -0.2952755905511810774, -0.1594488188976377896 ) ) ;
#726 = EDGE_CURVE ( 'NONE', #5821, #5300, #460, .T. ) ;
#727 = CARTESIAN_POINT ( 'NONE',  ( 0.04527559055118110520, -0.03937007874015747977, -0.5039370078740157410 ) ) ;
#728 = DIRECTION ( 'NONE',  ( 0.000000000000000000, 0.000000000000000000, 1.000000000000000000 ) ) ;
#729 = EDGE_LOOP ( 'NONE', ( #595, #255, #2308, #543, #5141 ) ) ;
#730 = AXIS2_PLACEMENT_3D ( 'NONE', #3788, #1540, #620 ) ;
#731 = LINE ( 'NONE', #293, #294 ) ;
#732 = EDGE_CURVE ( 'NONE', #4284, #1363, #5781, .T. ) ;
#733 = CIRCLE ( 'NONE', #5643, 0.005905511811023672272 ) ;
#734 = ORIENTED_EDGE ( 'NONE', *, *, #5825, .T. ) ;
#735 = EDGE_CURVE ( 'NONE', #2195, #829, #4089, .T. ) ;
#736 = VERTEX_POINT ( 'NONE', #1844 ) ;
#737 = CARTESIAN_POINT ( 'NONE',  ( -0.1240157480314960647, -0.1850393700787401619, -0.3838582677165354173 ) ) ;
#738 = ORIENTED_EDGE ( 'NONE', *, *, #4087, .F. ) ;
#739 = AXIS2_PLACEMENT_3D ( 'NONE', #881, #1672, #819 ) ;
#740 = AXIS2_PLACEMENT_3D ( 'NONE', #2256, #3205, #2818 ) ;
#741 = LINE ( 'NONE', #267, #1157 ) ;
#742 = VECTOR ( 'NONE', #5547, 39.37007874015748143 ) ;
#743 = AXIS2_PLACEMENT_3D ( 'NONE', #2219, #5054, #4078 ) ;
#744 = ORIENTED_EDGE ( 'NONE', *, *, #5683, .T. ) ;
#745 = CARTESIAN_POINT ( 'NONE',  ( 0.01636588960721315281, -0.2362204724409449064, -0.4247000947534984028 ) ) ;
#746 = ORIENTED_EDGE ( 'NONE', *, *, #2289, .T. ) ;
#747 = DIRECTION ( 'NONE',  ( 1.000000000000000000, 0.000000000000000000, 0.000000000000000000 ) ) ;
#748 = ORIENTED_EDGE ( 'NONE', *, *, #2800, .T. ) ;
#749 = CIRCLE ( 'NONE', #2356, 0.01968503937007873988 ) ;
#750 = VECTOR ( 'NONE', #4190, 39.37007874015748143 ) ;
#751 = CARTESIAN_POINT ( 'NONE',  ( 0.1496062992125984370, -0.2559055118110236116, -0.04724409448818897572 ) ) ;
#752 = LINE ( 'NONE', #1291, #5193 ) ;
#753 = LINE ( 'NONE', #1698, #3986 ) ;
#754 = ORIENTED_EDGE ( 'NONE', *, *, #1179, .F. ) ;
#755 = ORIENTED_EDGE ( 'NONE', *, *, #5162, .T. ) ;
#756 = FACE_OUTER_BOUND ( 'NONE', #1000, .T. ) ;
#757 = VECTOR ( 'NONE', #5813, 39.37007874015748143 ) ;
#758 = CARTESIAN_POINT ( 'NONE',  ( -0.01377952755862029560, -0.3818897637795276023, -0.4763779527559054983 ) ) ;
#759 = DIRECTION ( 'NONE',  ( -1.000000000000000000, -0.000000000000000000, -0.000000000000000000 ) ) ;
#760 = CARTESIAN_POINT ( 'NONE',  ( -0.02950850557759886889, -0.2362204724409448509, -0.4374503423555877735 ) ) ;
#761 = CYLINDRICAL_SURFACE ( 'NONE', #3621, 0.02362204724409448092 ) ;
#762 = DIRECTION ( 'NONE',  ( 0.000000000000000000, -1.000000000000000000, 0.000000000000000000 ) ) ;
#763 = CARTESIAN_POINT ( 'NONE',  ( 0.1316184678167437172, -0.2725717138055228639, -0.3248031496062992463 ) ) ;
#764 = ORIENTED_EDGE ( 'NONE', *, *, #3454, .F. ) ;
#765 = ADVANCED_FACE ( 'NONE', ( #989 ), #5015, .F. ) ;
#766 = VERTEX_POINT ( 'NONE', #4029 ) ;
#767 = AXIS2_PLACEMENT_3D ( 'NONE', #3287, #5040, #2961 ) ;
#768 = ORIENTED_EDGE ( 'NONE', *, *, #1574, .T. ) ;
#769 = ORIENTED_EDGE ( 'NONE', *, *, #1501, .T. ) ;
#770 = CARTESIAN_POINT ( 'NONE',  ( -0.05905511811023622659, -0.07283464566929134798, -0.4074803149606299191 ) ) ;
#771 = EDGE_CURVE ( 'NONE', #4402, #1214, #961, .T. ) ;
#772 = ORIENTED_EDGE ( 'NONE', *, *, #5113, .F. ) ;
#773 = EDGE_CURVE ( 'NONE', #5591, #3382, #4112, .T. ) ;
#774 = CARTESIAN_POINT ( 'NONE',  ( -0.09842519685039370636, -0.07283464566929134798, -0.3602362204724409711 ) ) ;
#775 = EDGE_CURVE ( 'NONE', #4314, #3813, #4144, .T. ) ;
#776 = AXIS2_PLACEMENT_3D ( 'NONE', #3510, #340, #842 ) ;
#777 = TOROIDAL_SURFACE ( 'NONE', #2292, 0.01771653543307093182, 0.005905511811023672272 ) ;
#778 = ORIENTED_EDGE ( 'NONE', *, *, #4267, .F. ) ;
#779 = CARTESIAN_POINT ( 'NONE',  ( 0.006514474443210517898, -0.2561043307086614540, -0.4292144750613732795 ) ) ;
#780 = CARTESIAN_POINT ( 'NONE',  ( -0.1334704877588005767, -0.2715083398372629686, -0.3248031496062992463 ) ) ;
#781 = ORIENTED_EDGE ( 'NONE', *, *, #1853, .F. ) ;
#782 = DIRECTION ( 'NONE',  ( 1.000000000000000000, 0.000000000000000000, 0.000000000000000000 ) ) ;
#783 = CARTESIAN_POINT ( 'NONE',  ( -0.1116884094969803343, -0.2952755905511810774, -0.1815619470961374049 ) ) ;
#784 = CARTESIAN_POINT ( 'NONE',  ( 0.1299212598425196763, -0.1802690946547830797, -0.4192913385826771422 ) ) ;
#785 = ORIENTED_EDGE ( 'NONE', *, *, #3444, .T. ) ;
#786 = CARTESIAN_POINT ( 'NONE',  ( 0.1299212598425196763, -0.1456692913385826960, -0.3248031496062992463 ) ) ;
#787 = ORIENTED_EDGE ( 'NONE', *, *, #950, .F. ) ;
#788 = LINE ( 'NONE', #3037, #4439 ) ;
#789 = CARTESIAN_POINT ( 'NONE',  ( 0.03444881889763779653, -0.1771653543307086520, -0.5118110236220472231 ) ) ;
#790 = CARTESIAN_POINT ( 'NONE',  ( -0.1535433070866141780, -0.3385826771653543399, -0.3838582677165354173 ) ) ;
#791 = PLANE ( 'NONE',  #2385 ) ;
#792 = ADVANCED_FACE ( 'NONE', ( #2707 ), #1626, .T. ) ;
#793 = CARTESIAN_POINT ( 'NONE',  ( 0.1299212598425196763, -0.3838582677165354173, -0.3838582677165354173 ) ) ;
#794 = DIRECTION ( 'NONE',  ( 0.000000000000000000, 0.000000000000000000, 1.000000000000000000 ) ) ;
#795 = ORIENTED_EDGE ( 'NONE', *, *, #1255, .T. ) ;
#796 = EDGE_LOOP ( 'NONE', ( #2200, #5835, #1788, #5327 ) ) ;
#797 = ADVANCED_FACE ( 'NONE', ( #874 ), #2681, .T. ) ;
#798 = ORIENTED_EDGE ( 'NONE', *, *, #3508, .T. ) ;
#799 = ORIENTED_EDGE ( 'NONE', *, *, #2619, .F. ) ;
#800 = DIRECTION ( 'NONE',  ( 0.000000000000000000, 0.000000000000000000, 1.000000000000000000 ) ) ;
#801 = B_SPLINE_CURVE_WITH_KNOTS ( 'NONE', 3,
 ( #5167, #208, #5637, #2419, #170, #3750 ),
 .UNSPECIFIED., .F., .F.,
 ( 4, 2, 4 ),
 ( 4.336808689942017736E-19, 0.0002249862389679437578, 0.0004499724779358870819 ),
 .UNSPECIFIED. ) ;
#802 = CARTESIAN_POINT ( 'NONE',  ( -0.1318897637795275746, -0.3838582677165354173, -0.3323221655757894188 ) ) ;
#803 = ADVANCED_FACE ( 'NONE', ( #3653 ), #1816, .F. ) ;
#804 = EDGE_CURVE ( 'NONE', #333, #98, #1256, .T. ) ;
#805 = APPLICATION_CONTEXT ( 'automotive_design' ) ;
#806 = ORIENTED_EDGE ( 'NONE', *, *, #341, .T. ) ;
#807 = CARTESIAN_POINT ( 'NONE',  ( 0.01413675618295563187, -0.2362204724409449064, -0.4233997669226818861 ) ) ;
#808 = CARTESIAN_POINT ( 'NONE',  ( -0.1442282404438377519, -0.3803669114812932572, -0.3295742293313326243 ) ) ;
#809 = ADVANCED_FACE ( 'NONE', ( #900 ), #5041, .F. ) ;
#810 = ORIENTED_EDGE ( 'NONE', *, *, #1045, .F. ) ;
#811 = CARTESIAN_POINT ( 'NONE',  ( -0.04527559055118110520, -0.03937007874015747977, -0.5039370078740157410 ) ) ;
#812 = CARTESIAN_POINT ( 'NONE',  ( -0.1100680995034848536, -0.2952755905511810774, -0.1859492541061807114 ) ) ;
#813 = DIRECTION ( 'NONE',  ( 2.168404344971012812E-15, 1.000000000000000000, 0.000000000000000000 ) ) ;
#814 = EDGE_CURVE ( 'NONE', #5855, #889, #4169, .T. ) ;
#815 = LINE ( 'NONE', #5426, #4650 ) ;
#816 = ORIENTED_EDGE ( 'NONE', *, *, #3937, .T. ) ;
#817 = CARTESIAN_POINT ( 'NONE',  ( -0.1437007874015747977, -0.2637795275590551491, -0.3248031496062992463 ) ) ;
#818 = EDGE_CURVE ( 'NONE', #5740, #4885, #4952, .T. ) ;
#819 = DIRECTION ( 'NONE',  ( 1.000000000000000000, 0.000000000000000000, 0.000000000000000000 ) ) ;
#820 = DIRECTION ( 'NONE',  ( 0.000000000000000000, 0.000000000000000000, 1.000000000000000000 ) ) ;
#821 = FACE_OUTER_BOUND ( 'NONE', #1192, .T. ) ;
#822 = PLANE ( 'NONE',  #4722 ) ;
#823 = DIRECTION ( 'NONE',  ( 0.000000000000000000, -1.000000000000000000, 0.000000000000000000 ) ) ;
#824 = ORIENTED_EDGE ( 'NONE', *, *, #955, .T. ) ;
#825 = ORIENTED_EDGE ( 'NONE', *, *, #2569, .F. ) ;
#826 = VERTEX_POINT ( 'NONE', #4536 ) ;
#827 = AXIS2_PLACEMENT_3D ( 'NONE', #3481, #4481, #2146 ) ;
#828 = CARTESIAN_POINT ( 'NONE',  ( 0.1181102362204724532, -0.2559055118110236116, -0.1062992125984252023 ) ) ;
#829 = VERTEX_POINT ( 'NONE', #2232 ) ;
#830 = DIRECTION ( 'NONE',  ( 1.000000000000000000, 0.000000000000000000, 0.000000000000000000 ) ) ;
#831 = AXIS2_PLACEMENT_3D ( 'NONE', #790, #820, #1674 ) ;
#832 = FACE_OUTER_BOUND ( 'NONE', #1323, .T. ) ;
#833 = ORIENTED_EDGE ( 'NONE', *, *, #4830, .F. ) ;
#834 = VECTOR ( 'NONE', #5158, 39.37007874015748143 ) ;
#835 = ORIENTED_EDGE ( 'NONE', *, *, #5795, .T. ) ;
#836 = AXIS2_PLACEMENT_3D ( 'NONE', #737, #2130, #1630 ) ;
#837 = CARTESIAN_POINT ( 'NONE',  ( -0.01377952755907568827, -0.2559055118110236116, -0.4291338582677165503 ) ) ;
#838 = EDGE_LOOP ( 'NONE', ( #1333, #191, #275, #4162, #4331 ) ) ;
#839 = EDGE_CURVE ( 'NONE', #3276, #350, #2674, .T. ) ;
#840 = DIRECTION ( 'NONE',  ( 0.000000000000000000, 0.000000000000000000, 1.000000000000000000 ) ) ;
#841 = PRESENTATION_LAYER_ASSIGNMENT (  '', '', ( #268 ) ) ;
#842 = DIRECTION ( 'NONE',  ( 2.602085213965140275E-14, 0.000000000000000000, 1.000000000000000000 ) ) ;
#843 = VECTOR ( 'NONE', #932, 39.37007874015748143 ) ;
#844 = AXIS2_PLACEMENT_3D ( 'NONE', #1923, #5256, #2571 ) ;
#845 = ORIENTED_EDGE ( 'NONE', *, *, #5358, .F. ) ;
#846 = DIRECTION ( 'NONE',  ( 0.000000000000000000, 0.000000000000000000, 1.000000000000000000 ) ) ;
#847 = DIRECTION ( 'NONE',  ( 0.000000000000000000, -1.000000000000000000, 0.000000000000000000 ) ) ;
#848 = PLANE ( 'NONE',  #739 ) ;
#849 = VECTOR ( 'NONE', #442, 39.37007874015748143 ) ;
#850 = VECTOR ( 'NONE', #4622, 39.37007874015748143 ) ;
#851 = DIRECTION ( 'NONE',  ( 0.000000000000000000, 0.000000000000000000, -1.000000000000000000 ) ) ;
#852 = EDGE_CURVE ( 'NONE', #4792, #4193, #130, .T. ) ;
#853 = LINE ( 'NONE', #4398, #5783 ) ;
#854 = EDGE_CURVE ( 'NONE', #2082, #1401, #873, .T. ) ;
#855 = VECTOR ( 'NONE', #3955, 39.37007874015748143 ) ;
#856 = AXIS2_PLACEMENT_3D ( 'NONE', #2779, #5460, #4013 ) ;
#857 = CARTESIAN_POINT ( 'NONE',  ( 0.1181102362204724532, -0.2559055118110236116, -0.5118110236220472231 ) ) ;
#858 = DIRECTION ( 'NONE',  ( 0.000000000000000000, 0.000000000000000000, 1.000000000000000000 ) ) ;
#859 = VERTEX_POINT ( 'NONE', #2821 ) ;
#860 = ORIENTED_EDGE ( 'NONE', *, *, #5726, .T. ) ;
#861 = ORIENTED_EDGE ( 'NONE', *, *, #3508, .F. ) ;
#862 = CARTESIAN_POINT ( 'NONE',  ( -0.02657480314960630058, -0.2165354330708661457, -0.4251968503937008093 ) ) ;
#863 = ORIENTED_EDGE ( 'NONE', *, *, #3873, .F. ) ;
#864 = DIRECTION ( 'NONE',  ( 0.000000000000000000, -1.000000000000000000, 0.000000000000000000 ) ) ;
#865 = VECTOR ( 'NONE', #4438, 39.37007874015748143 ) ;
#866 = LINE ( 'NONE', #3199, #207 ) ;
#867 = ORIENTED_EDGE ( 'NONE', *, *, #5089, .T. ) ;
#868 = VECTOR ( 'NONE', #2441, 39.37007874015748143 ) ;
#869 = ORIENTED_EDGE ( 'NONE', *, *, #3019, .F. ) ;
#870 = CARTESIAN_POINT ( 'NONE',  ( -0.1403926816658753740, -0.3665507596789619460, -0.3248031496062993573 ) ) ;
#871 =( CONVERSION_BASED_UNIT ( 'INCH', #369 ) LENGTH_UNIT ( ) NAMED_UNIT ( #1517 ) );
#872 = DIRECTION ( 'NONE',  ( -1.652117596168389975E-16, 1.000000000000000000, 0.000000000000000000 ) ) ;
#873 = CIRCLE ( 'NONE', #4934, 0.007874015748031495954 ) ;
#874 = FACE_OUTER_BOUND ( 'NONE', #1664, .T. ) ;
#875 = CIRCLE ( 'NONE', #4261, 0.02362204724409448092 ) ;
#876 = CARTESIAN_POINT ( 'NONE',  ( -0.01377953576015852367, -0.2559055118110236116, -0.4763779527558960614 ) ) ;
#877 = ORIENTED_EDGE ( 'NONE', *, *, #1202, .T. ) ;
#878 = ADVANCED_FACE ( 'NONE', ( #682, #5152 ), #3820, .T. ) ;
#879 = ORIENTED_EDGE ( 'NONE', *, *, #4062, .T. ) ;
#880 = CARTESIAN_POINT ( 'NONE',  ( -0.1515748031496063075, -0.1653543307086614012, -0.3248031496062992463 ) ) ;
#881 = CARTESIAN_POINT ( 'NONE',  ( 0.1299212598425196763, -0.07283464566929134798, -0.3602362204724409711 ) ) ;
#882 = CARTESIAN_POINT ( 'NONE',  ( 0.1496062992125984370, -0.2480314960629921295, -0.007874015748031495954 ) ) ;
#883 = CARTESIAN_POINT ( 'NONE',  ( -0.07874015748031495954, -0.07283464566929134798, -0.3818897637795276023 ) ) ;
#884 = EDGE_CURVE ( 'NONE', #5416, #1908, #3794, .T. ) ;
#885 = CARTESIAN_POINT ( 'NONE',  ( 0.1496062992125984370, 0.1496062992125984370, -0.007874015748031495954 ) ) ;
#886 = LINE ( 'NONE', #1273, #381 ) ;
#887 = ORIENTED_EDGE ( 'NONE', *, *, #2484, .T. ) ;
#888 = ADVANCED_FACE ( 'NONE', ( #5097 ), #1931, .T. ) ;
#889 = VERTEX_POINT ( 'NONE', #2495 ) ;
#890 = DIRECTION ( 'NONE',  ( 1.000000000000000000, 0.000000000000000000, 0.000000000000000000 ) ) ;
#891 = VERTEX_POINT ( 'NONE', #2940 ) ;
#892 = CARTESIAN_POINT ( 'NONE',  ( -0.1102362204724409434, -0.1771653543307086520, -0.3838582677165354173 ) ) ;
#893 = DIRECTION ( 'NONE',  ( -1.000000000000000000, 0.000000000000000000, 0.000000000000000000 ) ) ;
#894 = EDGE_LOOP ( 'NONE', ( #2156, #232, #2966, #3872, #965, #2911 ) ) ;
#895 = ORIENTED_EDGE ( 'NONE', *, *, #183, .F. ) ;
#896 = VERTEX_POINT ( 'NONE', #215 ) ;
#897 = LINE ( 'NONE', #5831, #1315 ) ;
#898 = EDGE_CURVE ( 'NONE', #628, #5679, #2463, .T. ) ;
#899 = DIRECTION ( 'NONE',  ( 1.000000000000000000, 0.000000000000000000, 0.000000000000000000 ) ) ;
#900 = FACE_OUTER_BOUND ( 'NONE', #4972, .T. ) ;
#901 = DIRECTION ( 'NONE',  ( 0.000000000000000000, 0.000000000000000000, -1.000000000000000000 ) ) ;
#902 = ORIENTED_EDGE ( 'NONE', *, *, #2151, .F. ) ;
#903 = DIRECTION ( 'NONE',  ( 0.000000000000000000, -1.000000000000000000, 0.000000000000000000 ) ) ;
#904 = CARTESIAN_POINT ( 'NONE',  ( -0.09842519685039370636, -0.07283464566929134798, -0.3602362204724409711 ) ) ;
#905 = CARTESIAN_POINT ( 'NONE',  ( 0.1557340900632747938, -0.3435274019595783712, -0.3838582677165354173 ) ) ;
#906 = LINE ( 'NONE', #3659, #2757 ) ;
#907 = LINE ( 'NONE', #502, #5105 ) ;
#908 = DIRECTION ( 'NONE',  ( -1.000000000000000000, 0.000000000000000000, 0.000000000000000000 ) ) ;
#909 = VERTEX_POINT ( 'NONE', #4201 ) ;
#910 = EDGE_CURVE ( 'NONE', #4795, #4285, #4288, .T. ) ;
#911 = DIRECTION ( 'NONE',  ( 0.000000000000000000, 0.000000000000000000, -1.000000000000000000 ) ) ;
#912 = ORIENTED_EDGE ( 'NONE', *, *, #205, .F. ) ;
#913 = CARTESIAN_POINT ( 'NONE',  ( 0.1574803149606299191, 0.1102362204724409434, -0.1535433070866141780 ) ) ;
#914 = CARTESIAN_POINT ( 'NONE',  ( 0.006539886388411062824, -0.2559055118110236116, -0.4291338582677165503 ) ) ;
#915 = ORIENTED_EDGE ( 'NONE', *, *, #3709, .F. ) ;
#916 = DIRECTION ( 'NONE',  ( 1.000000000000000000, 0.000000000000000000, 0.000000000000000000 ) ) ;
#917 = ADVANCED_FACE ( 'NONE', ( #3734 ), #4258, .F. ) ;
#918 = DIRECTION ( 'NONE',  ( 1.000000000000000000, 0.000000000000000000, 0.000000000000000000 ) ) ;
#919 = EDGE_CURVE ( 'NONE', #5427, #18, #185, .T. ) ;
#920 = ORIENTED_EDGE ( 'NONE', *, *, #4778, .T. ) ;
#921 = ORIENTED_EDGE ( 'NONE', *, *, #257, .F. ) ;
#922 = ORIENTED_EDGE ( 'NONE', *, *, #3345, .F. ) ;
#923 = DIRECTION ( 'NONE',  ( 0.000000000000000000, 0.000000000000000000, -1.000000000000000000 ) ) ;
#924 = VECTOR ( 'NONE', #717, 39.37007874015748143 ) ;
#925 = CARTESIAN_POINT ( 'NONE',  ( -0.1122047244095503299, -0.2952755905511810774, -0.1771653544168296235 ) ) ;
#926 = CARTESIAN_POINT ( 'NONE',  ( 0.1181102362204724532, -0.2559055118110236116, -0.5118110236220472231 ) ) ;
#927 = FACE_OUTER_BOUND ( 'NONE', #984, .T. ) ;
#928 = ORIENTED_EDGE ( 'NONE', *, *, #3958, .F. ) ;
#929 = ORIENTED_EDGE ( 'NONE', *, *, #75, .F. ) ;
#930 = ORIENTED_EDGE ( 'NONE', *, *, #4572, .F. ) ;
#931 = DIRECTION ( 'NONE',  ( 0.000000000000000000, 0.000000000000000000, -1.000000000000000000 ) ) ;
#932 = DIRECTION ( 'NONE',  ( 0.000000000000000000, 0.000000000000000000, -1.000000000000000000 ) ) ;
#933 = LINE ( 'NONE', #5070, #5367 ) ;
#934 = VECTOR ( 'NONE', #583, 39.37007874015748143 ) ;
#935 = VECTOR ( 'NONE', #1440, 39.37007874015748143 ) ;
#936 = VECTOR ( 'NONE', #2427, 39.37007874015748143 ) ;
#937 = LINE ( 'NONE', #1375, #5495 ) ;
#938 = AXIS2_PLACEMENT_3D ( 'NONE', #5074, #526, #2834 ) ;
#939 = CIRCLE ( 'NONE', #2547, 0.007874015748031499423 ) ;
#940 = CARTESIAN_POINT ( 'NONE',  ( 0.07874015748031495954, -0.1771653543307086520, -0.3838582677165354173 ) ) ;
#941 = DIRECTION ( 'NONE',  ( 0.000000000000000000, 0.000000000000000000, 1.000000000000000000 ) ) ;
#942 = CIRCLE ( 'NONE', #5473, 0.007874015748031499423 ) ;
#943 = EDGE_LOOP ( 'NONE', ( #4495, #4312, #3191, #2828 ) ) ;
#944 = ORIENTED_EDGE ( 'NONE', *, *, #981, .T. ) ;
#945 = VECTOR ( 'NONE', #5701, 39.37007874015748143 ) ;
#946 = VERTEX_POINT ( 'NONE', #5624 ) ;
#947 = CARTESIAN_POINT ( 'NONE',  ( 0.09055118110236221041, -0.2165354330708661457, -0.07874015748031495954 ) ) ;
#948 = CARTESIAN_POINT ( 'NONE',  ( -0.01120568047454582709, -0.2559055118110236116, -0.4763779527559054983 ) ) ;
#949 = ORIENTED_EDGE ( 'NONE', *, *, #2949, .F. ) ;
#950 = EDGE_CURVE ( 'NONE', #2878, #3458, #1905, .T. ) ;
#951 = VECTOR ( 'NONE', #4754, 39.37007874015748854 ) ;
#952 = LINE ( 'NONE', #2725, #3001 ) ;
#953 = PLANE ( 'NONE',  #1621 ) ;
#954 = ORIENTED_EDGE ( 'NONE', *, *, #1750, .T. ) ;
#955 = EDGE_CURVE ( 'NONE', #292, #2246, #1459, .T. ) ;
#956 = ORIENTED_EDGE ( 'NONE', *, *, #1673, .T. ) ;
#957 = CARTESIAN_POINT ( 'NONE',  ( 0.07874015748031495954, -0.2637795275590551491, -0.3838582677165354173 ) ) ;
#958 = ADVANCED_FACE ( 'NONE', ( #4620 ), #573, .F. ) ;
#959 = PLANE ( 'NONE',  #1247 ) ;
#960 = EDGE_CURVE ( 'NONE', #2702, #2009, #2854, .T. ) ;
#961 = LINE ( 'NONE', #1319, #2384 ) ;
#962 = AXIS2_PLACEMENT_3D ( 'NONE', #609, #3385, #1554 ) ;
#963 = FACE_OUTER_BOUND ( 'NONE', #353, .T. ) ;
#964 = ORIENTED_EDGE ( 'NONE', *, *, #4631, .T. ) ;
#965 = ORIENTED_EDGE ( 'NONE', *, *, #4471, .T. ) ;
#966 = DIRECTION ( 'NONE',  ( 1.000000000000000000, 0.000000000000000000, 0.000000000000000000 ) ) ;
#967 = LINE ( 'NONE', #2298, #4610 ) ;
#968 = CARTESIAN_POINT ( 'NONE',  ( -0.02362204724409448786, 0.09842519685039370636, -0.5118110236220472231 ) ) ;
#969 = AXIS2_PLACEMENT_3D ( 'NONE', #784, #5782, #813 ) ;
#970 = DIRECTION ( 'NONE',  ( 1.000000000000000000, 0.000000000000000000, 0.000000000000000000 ) ) ;
#971 = AXIS2_PLACEMENT_3D ( 'NONE', #5682, #4857, #3533 ) ;
#972 = CARTESIAN_POINT ( 'NONE',  ( -0.09448818897637795144, -0.2952755905511810774, -0.1771653543307086798 ) ) ;
#973 = VECTOR ( 'NONE', #1361, 39.37007874015748143 ) ;
#974 = CARTESIAN_POINT ( 'NONE',  ( -0.1240157480314960647, -0.1653543307086614012, -0.3838582677165354173 ) ) ;
#975 = EDGE_CURVE ( 'NONE', #5340, #2846, #3762, .T. ) ;
#976 = ORIENTED_EDGE ( 'NONE', *, *, #2006, .T. ) ;
#977 = CARTESIAN_POINT ( 'NONE',  ( -0.1515748031496063075, -0.1653543307086614012, -0.3838582677165354173 ) ) ;
#978 = CARTESIAN_POINT ( 'NONE',  ( -0.009081027146307383072, -0.2360236220472441138, -0.4210732266455393669 ) ) ;
#979 = ORIENTED_EDGE ( 'NONE', *, *, #5704, .T. ) ;
#980 = FACE_OUTER_BOUND ( 'NONE', #1102, .T. ) ;
#981 = EDGE_CURVE ( 'NONE', #2426, #2561, #1518, .T. ) ;
#982 = FACE_OUTER_BOUND ( 'NONE', #5017, .T. ) ;
#983 = ORIENTED_EDGE ( 'NONE', *, *, #898, .F. ) ;
#984 = EDGE_LOOP ( 'NONE', ( #1507, #5009, #769, #5659 ) ) ;
#985 = DIRECTION ( 'NONE',  ( 0.000000000000000000, -1.000000000000000000, 0.000000000000000000 ) ) ;
#986 = DIRECTION ( 'NONE',  ( -1.000000000000000000, 0.000000000000000000, 0.000000000000000000 ) ) ;
#987 = EDGE_CURVE ( 'NONE', #1772, #326, #5599, .T. ) ;
#988 = ADVANCED_FACE ( 'NONE', ( #3968 ), #2643, .F. ) ;
#989 = FACE_OUTER_BOUND ( 'NONE', #1777, .T. ) ;
#990 = LINE ( 'NONE', #1437, #1031 ) ;
#991 = ORIENTED_EDGE ( 'NONE', *, *, #5584, .F. ) ;
#992 = CARTESIAN_POINT ( 'NONE',  ( -0.07714928323726555348, -0.03937007874015747977, -0.3248031496062992463 ) ) ;
#993 = FACE_OUTER_BOUND ( 'NONE', #5561, .T. ) ;
#994 = EDGE_CURVE ( 'NONE', #2400, #3013, #14, .T. ) ;
#995 = CARTESIAN_POINT ( 'NONE',  ( 0.1496062992125984370, -0.2559055118110236116, -0.007874015748031495954 ) ) ;
#996 = EDGE_CURVE ( 'NONE', #3630, #2927, #4751, .T. ) ;
#997 = CARTESIAN_POINT ( 'NONE',  ( 0.03444881889763779653, -0.1771653543307086520, -0.5118110236220472231 ) ) ;
#998 = LINE ( 'NONE', #1969, #4344 ) ;
#999 = LINE ( 'NONE', #2389, #566 ) ;
#1000 = EDGE_LOOP ( 'NONE', ( #1095, #2371, #734, #4918, #3551, #5402, #5622, #5242, #447, #5150, #1294, #5237 ) ) ;
#1001 = EDGE_LOOP ( 'NONE', ( #2894, #28, #1894, #3403, #10, #2573 ) ) ;
#1002 = DIRECTION ( 'NONE',  ( 0.000000000000000000, 0.000000000000000000, -1.000000000000000000 ) ) ;
#1003 = FACE_OUTER_BOUND ( 'NONE', #5283, .T. ) ;
#1004 = ORIENTED_EDGE ( 'NONE', *, *, #544, .T. ) ;
#1005 = CARTESIAN_POINT ( 'NONE',  ( -0.09055118110236221041, -0.2559055118110236116, -0.07874015748031495954 ) ) ;
#1006 = ORIENTED_EDGE ( 'NONE', *, *, #2190, .F. ) ;
#1007 = ORIENTED_EDGE ( 'NONE', *, *, #3076, .T. ) ;
#1008 = CARTESIAN_POINT ( 'NONE',  ( 0.02657480314960630058, -0.2559055118110236116, -0.4251968503937008093 ) ) ;
#1009 = ORIENTED_EDGE ( 'NONE', *, *, #1321, .T. ) ;
#1010 = DIRECTION ( 'NONE',  ( 0.5773502691896260641, -0.5773502691896260641, 0.5773502691896250649 ) ) ;
#1011 = DIRECTION ( 'NONE',  ( 1.000000000000000000, -2.168404344971005318E-15, 0.000000000000000000 ) ) ;
#1012 = LINE ( 'NONE', #102, #2832 ) ;
#1013 = ORIENTED_EDGE ( 'NONE', *, *, #1093, .T. ) ;
#1014 = CARTESIAN_POINT ( 'NONE',  ( 0.03195668221149416954, -0.2559055118110236116, -0.4716898355650276375 ) ) ;
#1015 = DIRECTION ( 'NONE',  ( -1.000000000000000000, 0.000000000000000000, -9.856383386231860060E-17 ) ) ;
#1016 = AXIS2_PLACEMENT_3D ( 'NONE', #5557, #3728, #1649 ) ;
#1017 = ORIENTED_EDGE ( 'NONE', *, *, #5677, .F. ) ;
#1018 = CARTESIAN_POINT ( 'NONE',  ( -0.09055118110236221041, -0.2165354330708661457, -0.2004570070200771825 ) ) ;
#1019 = EDGE_CURVE ( 'NONE', #3373, #2680, #239, .T. ) ;
#1020 = LINE ( 'NONE', #547, #640 ) ;
#1021 = CARTESIAN_POINT ( 'NONE',  ( 0.04527559055118110520, -0.03937007874015747977, -0.3818897637795276023 ) ) ;
#1022 = VECTOR ( 'NONE', #160, 39.37007874015748143 ) ;
#1023 = DIRECTION ( 'NONE',  ( 0.000000000000000000, -1.000000000000000000, 0.000000000000000000 ) ) ;
#1024 = CARTESIAN_POINT ( 'NONE',  ( 0.1593099820775456810, -0.3641732283464567121, -0.3248031496062992463 ) ) ;
#1025 = LINE ( 'NONE', #3188, #3121 ) ;
#1026 = ADVANCED_FACE ( 'NONE', ( #832 ), #2588, .F. ) ;
#1027 = TOROIDAL_SURFACE ( 'NONE', #4134, 0.01771653543307093182, 0.005905511811023672272 ) ;
#1028 = ADVANCED_FACE ( 'NONE', ( #5334 ), #1254, .F. ) ;
#1029 = CARTESIAN_POINT ( 'NONE',  ( -0.1455379536725980028, -0.3788029168491680587, -0.3286821422674232607 ) ) ;
#1030 = STYLED_ITEM ( 'NONE', ( #1992 ), #3102 ) ;
#1031 = VECTOR ( 'NONE', #4566, 39.37007874015748143 ) ;
#1032 = ORIENTED_EDGE ( 'NONE', *, *, #2106, .T. ) ;
#1033 = CARTESIAN_POINT ( 'NONE',  ( -0.1574803149606299191, -0.2559055118110236116, -0.1535433070866141780 ) ) ;
#1034 = CARTESIAN_POINT ( 'NONE',  ( -0.009055920566683011569, -0.2362204724409449064, -0.4843598135139984828 ) ) ;
#1035 = ORIENTED_EDGE ( 'NONE', *, *, #5270, .T. ) ;
#1036 = DIRECTION ( 'NONE',  ( -0.000000000000000000, -6.071532165918829761E-16, -1.000000000000000000 ) ) ;
#1037 = VECTOR ( 'NONE', #2027, 39.37007874015748143 ) ;
#1038 = VECTOR ( 'NONE', #5554, 39.37007874015748143 ) ;
#1039 = ORIENTED_EDGE ( 'NONE', *, *, #4890, .F. ) ;
#1040 = VECTOR ( 'NONE', #3656, 39.37007874015748143 ) ;
#1041 = ORIENTED_EDGE ( 'NONE', *, *, #5546, .F. ) ;
#1042 = EDGE_LOOP ( 'NONE', ( #2589, #4824, #3026, #1716 ) ) ;
#1043 =( LENGTH_UNIT ( ) NAMED_UNIT ( * ) SI_UNIT ( $, .METRE. ) );
#1044 = CARTESIAN_POINT ( 'NONE',  ( 0.1574803149606299191, 0.1574803149606299191, -0.007874015748031495954 ) ) ;
#1045 = EDGE_CURVE ( 'NONE', #2656, #5718, #1282, .T. ) ;
#1046 = DIRECTION ( 'NONE',  ( 0.000000000000000000, 0.000000000000000000, -1.000000000000000000 ) ) ;
#1047 = CARTESIAN_POINT ( 'NONE',  ( 0.07874015748031495954, -0.1771653543307086520, -0.3248031496062992463 ) ) ;
#1048 = ORIENTED_EDGE ( 'NONE', *, *, #3190, .T. ) ;
#1049 = CARTESIAN_POINT ( 'NONE',  ( 0.006514474980832079751, -0.2561043307086614540, -0.4762973464396837442 ) ) ;
#1050 = FACE_OUTER_BOUND ( 'NONE', #4025, .T. ) ;
#1051 = ORIENTED_EDGE ( 'NONE', *, *, #3618, .F. ) ;
#1052 = DIRECTION ( 'NONE',  ( 0.000000000000000000, 0.000000000000000000, 1.000000000000000000 ) ) ;
#1053 = DIRECTION ( 'NONE',  ( 0.000000000000000000, -1.000000000000000000, 0.000000000000000000 ) ) ;
#1054 = DIRECTION ( 'NONE',  ( 0.000000000000000000, 0.000000000000000000, 1.000000000000000000 ) ) ;
#1055 = CIRCLE ( 'NONE', #4355, 0.007874015748031499423 ) ;
#1056 = ADVANCED_FACE ( 'NONE', ( #3080 ), #2042, .T. ) ;
#1057 = CYLINDRICAL_SURFACE ( 'NONE', #3951, 0.007874015748031499423 ) ;
#1058 = CARTESIAN_POINT ( 'NONE',  ( 0.1220472440944881942, -0.09645669291338582196, -0.3838582677165354173 ) ) ;
#1059 = CARTESIAN_POINT ( 'NONE',  ( -0.1455379536725980305, -0.3788029168491681697, -0.3799792750554113474 ) ) ;
#1060 = AXIS2_PLACEMENT_3D ( 'NONE', #2051, #2951, #3856 ) ;
#1061 = FACE_OUTER_BOUND ( 'NONE', #5285, .T. ) ;
#1062 = EDGE_CURVE ( 'NONE', #4177, #1367, #3407, .T. ) ;
#1063 = CIRCLE ( 'NONE', #4936, 0.02952755905511813758 ) ;
#1064 = EDGE_LOOP ( 'NONE', ( #1986, #983, #2937, #3604 ) ) ;
#1065 = DIRECTION ( 'NONE',  ( 0.000000000000000000, 0.000000000000000000, -1.000000000000000000 ) ) ;
#1066 = EDGE_CURVE ( 'NONE', #700, #2905, #741, .T. ) ;
#1067 = CARTESIAN_POINT ( 'NONE',  ( 9.604153102725926148E-18, -0.2559055118110236116, -0.4763779527559054983 ) ) ;
#1068 = ORIENTED_EDGE ( 'NONE', *, *, #5419, .T. ) ;
#1069 = LINE ( 'NONE', #2369, #636 ) ;
#1070 = EDGE_LOOP ( 'NONE', ( #2691, #1846 ) ) ;
#1071 = ADVANCED_FACE ( 'NONE', ( #5241 ), #4767, .F. ) ;
#1072 = ORIENTED_EDGE ( 'NONE', *, *, #594, .F. ) ;
#1073 = ORIENTED_EDGE ( 'NONE', *, *, #1529, .T. ) ;
#1074 = SURFACE_STYLE_FILL_AREA ( #2401 ) ;
#1075 = DIRECTION ( 'NONE',  ( 0.000000000000000000, 0.000000000000000000, -1.000000000000000000 ) ) ;
#1076 = DIRECTION ( 'NONE',  ( 0.000000000000000000, 0.000000000000000000, 1.000000000000000000 ) ) ;
#1077 = ORIENTED_EDGE ( 'NONE', *, *, #3685, .F. ) ;
#1078 = CARTESIAN_POINT ( 'NONE',  ( -0.009081080908465728047, -0.2360236220472441138, -0.4844396321215787560 ) ) ;
#1079 =( LENGTH_UNIT ( ) NAMED_UNIT ( * ) SI_UNIT ( $, .METRE. ) );
#1080 = ORIENTED_EDGE ( 'NONE', *, *, #5536, .T. ) ;
#1081 = CARTESIAN_POINT ( 'NONE',  ( -0.1574803149606299191, -0.2559055118110236116, -0.04724409448818897572 ) ) ;
#1082 = DIRECTION ( 'NONE',  ( -1.000000000000000000, 0.000000000000000000, 0.000000000000000000 ) ) ;
#1083 = DIRECTION ( 'NONE',  ( 0.000000000000000000, 1.000000000000000000, 1.008560160451631851E-16 ) ) ;
#1084 = LINE ( 'NONE', #1968, #4237 ) ;
#1085 = LINE ( 'NONE', #1556, #193 ) ;
#1086 = CARTESIAN_POINT ( 'NONE',  ( -0.1595801565636226493, -0.3436380280327216985, -0.3838582677165354173 ) ) ;
#1087 = CARTESIAN_POINT ( 'NONE',  ( -0.1090155299608096540, -0.2952755905511810774, -0.1668917508072667311 ) ) ;
#1088 = EDGE_LOOP ( 'NONE', ( #5352, #2125, #768, #3759 ) ) ;
#1089 = FACE_OUTER_BOUND ( 'NONE', #3705, .T. ) ;
#1090 = CARTESIAN_POINT ( 'NONE',  ( 0.1535433070866141780, -0.2637795275590551491, -0.3838582677165354173 ) ) ;
#1091 = ORIENTED_EDGE ( 'NONE', *, *, #1238, .F. ) ;
#1092 = DIRECTION ( 'NONE',  ( 1.000000000000000000, -6.515120971463919427E-17, 0.000000000000000000 ) ) ;
#1093 = EDGE_CURVE ( 'NONE', #628, #3124, #3876, .T. ) ;
#1094 = ORIENTED_EDGE ( 'NONE', *, *, #3340, .F. ) ;
#1095 = ORIENTED_EDGE ( 'NONE', *, *, #5764, .F. ) ;
#1096 = EDGE_LOOP ( 'NONE', ( #2221, #3316, #3825, #4696, #2361, #1004 ) ) ;
#1097 = DIRECTION ( 'NONE',  ( 1.000000000000000000, 0.000000000000000000, 0.000000000000000000 ) ) ;
#1098 = ADVANCED_FACE ( 'NONE', ( #1187 ), #2555, .F. ) ;
#1099 = EDGE_CURVE ( 'NONE', #4671, #1514, #213, .T. ) ;
#1100 = DIRECTION ( 'NONE',  ( 0.000000000000000000, 0.000000000000000000, 1.000000000000000000 ) ) ;
#1101 = CARTESIAN_POINT ( 'NONE',  ( -0.1496062992125984370, -0.2480314960629921295, 4.001730459469133841E-18 ) ) ;
#1102 = EDGE_LOOP ( 'NONE', ( #4878, #4958, #3433, #4445, #4700, #2062 ) ) ;
#1103 = CARTESIAN_POINT ( 'NONE',  ( 0.01966837389314940801, -0.2561043307086614540, -0.4291484983338779702 ) ) ;
#1104 = CARTESIAN_POINT ( 'NONE',  ( -0.07874015748031495954, -0.03937007874015747977, -0.3248031496062992463 ) ) ;
#1105 = VERTEX_POINT ( 'NONE', #1660 ) ;
#1106 = CYLINDRICAL_SURFACE ( 'NONE', #3676, 0.007874015748031495954 ) ;
#1107 = CARTESIAN_POINT ( 'NONE',  ( 0.07874015748031495954, -0.1653543307086614012, -0.3838582677165354173 ) ) ;
#1108 = DIRECTION ( 'NONE',  ( 0.000000000000000000, 1.008560160451631851E-16, -1.000000000000000000 ) ) ;
#1109 = VECTOR ( 'NONE', #5443, 39.37007874015748143 ) ;
#1110 = CARTESIAN_POINT ( 'NONE',  ( 0.1569145789692220627, -0.3356519484165318978, -0.3838582677165354173 ) ) ;
#1111 = CARTESIAN_POINT ( 'NONE',  ( 0.1456692913385826960, -0.2637795275590551491, -0.3838582677165354173 ) ) ;
#1112 = DIRECTION ( 'NONE',  ( 0.000000000000000000, 0.000000000000000000, 1.000000000000000000 ) ) ;
#1113 = VECTOR ( 'NONE', #5319, 39.37007874015748143 ) ;
#1114 = DIRECTION ( 'NONE',  ( 0.000000000000000000, 0.000000000000000000, -1.000000000000000000 ) ) ;
#1115 = ORIENTED_EDGE ( 'NONE', *, *, #4449, .F. ) ;
#1116 = DIRECTION ( 'NONE',  ( 8.673617379884054405E-15, 1.000000000000000000, 0.000000000000000000 ) ) ;
#1117 = VECTOR ( 'NONE', #1343, 39.37007874015748143 ) ;
#1118 = DIRECTION ( 'NONE',  ( 0.000000000000000000, 0.000000000000000000, 1.000000000000000000 ) ) ;
#1119 = EDGE_LOOP ( 'NONE', ( #4877, #3526, #1625, #2580, #481, #393, #3766, #5797, #1740, #2143, #4675, #4612, #5305, #3415, #1961 ) ) ;
#1120 = MECHANICAL_DESIGN_GEOMETRIC_PRESENTATION_REPRESENTATION (  '', ( #268 ), #3673 ) ;
#1121 = VECTOR ( 'NONE', #2624, 39.37007874015748143 ) ;
#1122 = CIRCLE ( 'NONE', #4611, 0.007874015748031499423 ) ;
#1123 = EDGE_CURVE ( 'NONE', #4252, #463, #2126, .T. ) ;
#1124 = EDGE_LOOP ( 'NONE', ( #795, #3060, #3275, #1520, #3650, #4349, #3944, #798 ) ) ;
#1125 = AXIS2_PLACEMENT_3D ( 'NONE', #5818, #3989, #823 ) ;
#1126 = AXIS2_PLACEMENT_3D ( 'NONE', #3209, #5016, #2770 ) ;
#1127 = VERTEX_POINT ( 'NONE', #2611 ) ;
#1128 = CARTESIAN_POINT ( 'NONE',  ( 0.1569145789692220627, -0.3356519484165318978, -0.3838582677165354173 ) ) ;
#1129 = VECTOR ( 'NONE', #5076, 39.37007874015748143 ) ;
#1130 = CARTESIAN_POINT ( 'NONE',  ( 0.000000000000000000, 0.000000000000000000, -0.4133858267716535861 ) ) ;
#1131 = VECTOR ( 'NONE', #77, 39.37007874015748143 ) ;
#1132 = ADVANCED_FACE ( 'NONE', ( #982 ), #4083, .T. ) ;
#1133 = CARTESIAN_POINT ( 'NONE',  ( -0.02362204724409448786, 0.07086614173228346358, -0.5039370078740157410 ) ) ;
#1134 = VERTEX_POINT ( 'NONE', #4917 ) ;
#1135 = CARTESIAN_POINT ( 'NONE',  ( -0.02149970264447685284, -0.2360236220472441138, -0.4778419593720480973 ) ) ;
#1136 = DIRECTION ( 'NONE',  ( 1.000000000000000000, 0.000000000000000000, 0.000000000000000000 ) ) ;
#1137 = EDGE_CURVE ( 'NONE', #2741, #3504, #1311, .T. ) ;
#1138 = ORIENTED_EDGE ( 'NONE', *, *, #3839, .F. ) ;
#1139 = DIRECTION ( 'NONE',  ( 1.000000000000000000, 0.000000000000000000, 0.000000000000000000 ) ) ;
#1140 = AXIS2_PLACEMENT_3D ( 'NONE', #1530, #1446, #5050 ) ;
#1141 = DIRECTION ( 'NONE',  ( -1.084202172485503694E-16, 1.000000000000000000, 0.000000000000000000 ) ) ;
#1142 = DIRECTION ( 'NONE',  ( -1.000000000000000000, 0.000000000000000000, 0.000000000000000000 ) ) ;
#1143 = LINE ( 'NONE', #5633, #4818 ) ;
#1144 = CARTESIAN_POINT ( 'NONE',  ( -0.1181102362204724532, -0.1653543307086614012, -0.3838582677165354173 ) ) ;
#1145 = CARTESIAN_POINT ( 'NONE',  ( -0.1716476224774200754, -0.3308538648871460763, -0.3838582677165354173 ) ) ;
#1146 = VECTOR ( 'NONE', #1871, 39.37007874015748143 ) ;
#1147 = CARTESIAN_POINT ( 'NONE',  ( -0.09671601255382067386, -0.2952755905511810774, -0.1595524779019748263 ) ) ;
#1148 = VERTEX_POINT ( 'NONE', #511 ) ;
#1149 = CARTESIAN_POINT ( 'NONE',  ( 0.1593099820775456810, -0.3641732283464567121, -0.3248031496062992463 ) ) ;
#1150 = DIRECTION ( 'NONE',  ( -0.9281515290911861449, -0.3722025511004635745, 0.000000000000000000 ) ) ;
#1151 = ORIENTED_EDGE ( 'NONE', *, *, #3929, .T. ) ;
#1152 = ADVANCED_FACE ( 'NONE', ( #3175 ), #2675, .F. ) ;
#1153 = DIRECTION ( 'NONE',  ( 0.000000000000000000, 0.000000000000000000, 1.000000000000000000 ) ) ;
#1154 = ORIENTED_EDGE ( 'NONE', *, *, #4758, .T. ) ;
#1155 = ORIENTED_EDGE ( 'NONE', *, *, #378, .F. ) ;
#1156 = VERTEX_POINT ( 'NONE', #4106 ) ;
#1157 = VECTOR ( 'NONE', #2967, 39.37007874015748143 ) ;
#1158 = ORIENTED_EDGE ( 'NONE', *, *, #5716, .F. ) ;
#1159 = CARTESIAN_POINT ( 'NONE',  ( 0.1496062992125984370, -0.2559055118110236116, -0.04724409448818897572 ) ) ;
#1160 = ORIENTED_EDGE ( 'NONE', *, *, #695, .F. ) ;
#1161 = CARTESIAN_POINT ( 'NONE',  ( 0.1474155162359376547, -0.3789135429223114415, -0.3799158580641144867 ) ) ;
#1162 = LINE ( 'NONE', #4709, #1975 ) ;
#1163 = ORIENTED_EDGE ( 'NONE', *, *, #4107, .T. ) ;
#1164 = CARTESIAN_POINT ( 'NONE',  ( 0.03389888073763570875, -0.2362204724409449064, -0.4527559055118110520 ) ) ;
#1165 = SURFACE_STYLE_FILL_AREA ( #5739 ) ;
#1166 = ORIENTED_EDGE ( 'NONE', *, *, #2109, .T. ) ;
#1167 = CARTESIAN_POINT ( 'NONE',  ( 0.1220472440944881942, -0.08858267716535432601, -0.4271653543307086798 ) ) ;
#1168 = CARTESIAN_POINT ( 'NONE',  ( -0.02362204724409448786, 0.07086614173228346358, -0.3818897637795276023 ) ) ;
#1169 = ADVANCED_FACE ( 'NONE', ( #1749 ), #4051, .F. ) ;
#1170 = LINE ( 'NONE', #5424, #5205 ) ;
#1171 = CARTESIAN_POINT ( 'NONE',  ( -0.1437007874015747977, -0.1850393700787401619, -0.3838582677165354173 ) ) ;
#1172 = PLANE ( 'NONE',  #4366 ) ;
#1173 = DIRECTION ( 'NONE',  ( 0.000000000000000000, 0.000000000000000000, -1.000000000000000000 ) ) ;
#1174 = CARTESIAN_POINT ( 'NONE',  ( -0.09448818897637795144, -0.2559055118110236116, -0.1771653543307086520 ) ) ;
#1175 = DIRECTION ( 'NONE',  ( 0.000000000000000000, 0.000000000000000000, 1.000000000000000000 ) ) ;
#1176 = EDGE_CURVE ( 'NONE', #3994, #486, #1775, .T. ) ;
#1177 = ORIENTED_EDGE ( 'NONE', *, *, #4750, .T. ) ;
#1178 = CARTESIAN_POINT ( 'NONE',  ( -0.09448818897637795144, -0.2165354330708661457, -0.1771653543307086520 ) ) ;
#1179 = EDGE_CURVE ( 'NONE', #2009, #4681, #399, .T. ) ;
#1180 = DIRECTION ( 'NONE',  ( 0.000000000000000000, 0.000000000000000000, -1.000000000000000000 ) ) ;
#1181 = CARTESIAN_POINT ( 'NONE',  ( 0.1732283464566929387, -0.3385826771653543399, -0.3248031496062992463 ) ) ;
#1182 = VERTEX_POINT ( 'NONE', #5392 ) ;
#1183 = DIRECTION ( 'NONE',  ( 0.000000000000000000, -1.000000000000000000, 0.000000000000000000 ) ) ;
#1184 = ORIENTED_EDGE ( 'NONE', *, *, #339, .T. ) ;
#1185 = FACE_OUTER_BOUND ( 'NONE', #2491, .T. ) ;
#1186 = ORIENTED_EDGE ( 'NONE', *, *, #1238, .T. ) ;
#1187 = FACE_OUTER_BOUND ( 'NONE', #3369, .T. ) ;
#1188 = ORIENTED_EDGE ( 'NONE', *, *, #3812, .F. ) ;
#1189 = CARTESIAN_POINT ( 'NONE',  ( 0.000000000000000000, -0.03937007874015747977, -0.3248031496062992463 ) ) ;
#1190 = VERTEX_POINT ( 'NONE', #61 ) ;
#1191 = CARTESIAN_POINT ( 'NONE',  ( 0.1456692913385826960, -0.1852428974198401246, -0.4253955510670653917 ) ) ;
#1192 = EDGE_LOOP ( 'NONE', ( #1804, #3538, #4406, #2676, #5541, #1659, #4077, #4658, #4735, #3368, #4761, #2047, #2730, #4197 ) ) ;
#1193 = CARTESIAN_POINT ( 'NONE',  ( 0.1181102362204724532, 0.07874015748031495954, -0.5118110236220472231 ) ) ;
#1194 = CARTESIAN_POINT ( 'NONE',  ( -0.09674806967368228261, -0.2952755905511810774, -0.1948818897637795422 ) ) ;
#1195 = LINE ( 'NONE', #4839, #1815 ) ;
#1196 = DIRECTION ( 'NONE',  ( 0.000000000000000000, 0.000000000000000000, -1.000000000000000000 ) ) ;
#1197 = EDGE_CURVE ( 'NONE', #396, #1401, #866, .T. ) ;
#1198 = CARTESIAN_POINT ( 'NONE',  ( 0.09448818897637795144, -0.2952755905511810774, -0.1771653543307086798 ) ) ;
#1199 = LINE ( 'NONE', #4811, #1121 ) ;
#1200 = EDGE_LOOP ( 'NONE', ( #3614, #1298, #55, #172 ) ) ;
#1201 = DIRECTION ( 'NONE',  ( -1.000000000000000000, -0.000000000000000000, -0.000000000000000000 ) ) ;
#1202 = EDGE_CURVE ( 'NONE', #1419, #261, #3590, .T. ) ;
#1203 = DIRECTION ( 'NONE',  ( 0.000000000000000000, -1.000000000000000000, 0.000000000000000000 ) ) ;
#1204 = CARTESIAN_POINT ( 'NONE',  ( 0.1715311384824690921, -0.3297904909188866251, -0.3838582677165354173 ) ) ;
#1205 = ORIENTED_EDGE ( 'NONE', *, *, #3319, .F. ) ;
#1206 = CIRCLE ( 'NONE', #2813, 0.02952755905511813758 ) ;
#1207 = ADVANCED_FACE ( 'NONE', ( #36 ), #953, .F. ) ;
#1208 = EDGE_CURVE ( 'NONE', #3129, #1811, #1837, .T. ) ;
#1209 = ORIENTED_EDGE ( 'NONE', *, *, #1376, .T. ) ;
#1210 = VECTOR ( 'NONE', #3162, 39.37007874015748143 ) ;
#1211 = ORIENTED_EDGE ( 'NONE', *, *, #4492, .T. ) ;
#1212 = ORIENTED_EDGE ( 'NONE', *, *, #3919, .F. ) ;
#1213 = CYLINDRICAL_SURFACE ( 'NONE', #836, 0.007874015748031499423 ) ;
#1214 = VERTEX_POINT ( 'NONE', #2283 ) ;
#1215 = AXIS2_PLACEMENT_3D ( 'NONE', #5843, #1793, #3004 ) ;
#1216 = AXIS2_PLACEMENT_3D ( 'NONE', #2229, #923, #1457 ) ;
#1217 = CARTESIAN_POINT ( 'NONE',  ( 0.1181102362204724532, 0.1181102362204724532, -0.04724409448818897572 ) ) ;
#1218 = VECTOR ( 'NONE', #4771, 39.37007874015748143 ) ;
#1219 = CIRCLE ( 'NONE', #4523, 0.02362204724409448092 ) ;
#1220 = B_SPLINE_CURVE_WITH_KNOTS ( 'NONE', 3,
 ( #3003, #1267, #343, #5253 ),
 .UNSPECIFIED., .F., .F.,
 ( 4, 4 ),
 ( 2.491306920542243817E-18, 0.0001626876947176127651 ),
 .UNSPECIFIED. ) ;
#1221 = VERTEX_POINT ( 'NONE', #2198 ) ;
#1222 = CARTESIAN_POINT ( 'NONE',  ( 0.01639175322783779573, -0.2360236220472441138, -0.4246557571183559032 ) ) ;
#1223 = DIRECTION ( 'NONE',  ( 0.000000000000000000, 0.000000000000000000, 1.000000000000000000 ) ) ;
#1224 = ORIENTED_EDGE ( 'NONE', *, *, #1337, .T. ) ;
#1225 = DIRECTION ( 'NONE',  ( 0.000000000000000000, -1.051347561198065757E-14, -1.000000000000000000 ) ) ;
#1226 = EDGE_CURVE ( 'NONE', #4085, #3124, #5802, .T. ) ;
#1227 = VECTOR ( 'NONE', #4937, 39.37007874015748143 ) ;
#1228 = AXIS2_PLACEMENT_3D ( 'NONE', #2541, #3427, #1623 ) ;
#1229 = DIRECTION ( 'NONE',  ( 0.000000000000000000, 0.000000000000000000, 1.000000000000000000 ) ) ;
#1230 = CARTESIAN_POINT ( 'NONE',  ( 0.07874015748031495954, -0.08858267716535432601, -0.3818897637795276023 ) ) ;
#1231 = EDGE_LOOP ( 'NONE', ( #402, #3646, #3960, #2544 ) ) ;
#1232 = CARTESIAN_POINT ( 'NONE',  ( 0.1220472440944881942, -0.09645669291338582196, -0.4271653543307086798 ) ) ;
#1233 = ORIENTED_EDGE ( 'NONE', *, *, #5071, .T. ) ;
#1234 = VECTOR ( 'NONE', #5344, 39.37007874015748143 ) ;
#1235 = CYLINDRICAL_SURFACE ( 'NONE', #5765, 0.007874015748031499423 ) ;
#1236 = CARTESIAN_POINT ( 'NONE',  ( 0.1220472440944881942, -0.07283464566929134798, -0.4271653543307086798 ) ) ;
#1237 = CARTESIAN_POINT ( 'NONE',  ( -0.1240157480314960647, -0.1850393700787401619, -0.3838582677165354173 ) ) ;
#1238 = EDGE_CURVE ( 'NONE', #5427, #4177, #6, .T. ) ;
#1239 = DIRECTION ( 'NONE',  ( -1.000000000000000000, 0.000000000000000000, 0.000000000000000000 ) ) ;
#1240 = DIRECTION ( 'NONE',  ( 0.000000000000000000, 1.000000000000000000, 0.000000000000000000 ) ) ;
#1241 = CARTESIAN_POINT ( 'NONE',  ( 0.1299212598425196763, -0.07283464566929134798, -0.4271653543307086798 ) ) ;
#1242 = ORIENTED_EDGE ( 'NONE', *, *, #5247, .F. ) ;
#1243 = EDGE_CURVE ( 'NONE', #1148, #4108, #5418, .T. ) ;
#1244 = EDGE_CURVE ( 'NONE', #3560, #4363, #1365, .T. ) ;
#1245 = ORIENTED_EDGE ( 'NONE', *, *, #1464, .T. ) ;
#1246 = VECTOR ( 'NONE', #3163, 39.37007874015748143 ) ;
#1247 = AXIS2_PLACEMENT_3D ( 'NONE', #3179, #5834, #3652 ) ;
#1248 = ADVANCED_FACE ( 'NONE', ( #3557 ), #5004, .F. ) ;
#1249 = ORIENTED_EDGE ( 'NONE', *, *, #161, .F. ) ;
#1250 = VERTEX_POINT ( 'NONE', #4557 ) ;
#1251 = DIRECTION ( 'NONE',  ( 2.168404344971005318E-15, 1.000000000000000000, 0.000000000000000000 ) ) ;
#1252 = AXIS2_PLACEMENT_3D ( 'NONE', #2176, #2087, #5280 ) ;
#1253 = VECTOR ( 'NONE', #2375, 39.37007874015748143 ) ;
#1254 = CYLINDRICAL_SURFACE ( 'NONE', #3237, 0.007874015748031499423 ) ;
#1255 = EDGE_CURVE ( 'NONE', #4498, #5711, #2310, .T. ) ;
#1256 = CIRCLE ( 'NONE', #3706, 0.03248031496062989826 ) ;
#1257 = ORIENTED_EDGE ( 'NONE', *, *, #4965, .T. ) ;
#1258 = CARTESIAN_POINT ( 'NONE',  ( -0.009055867336823248542, -0.2362204724409449064, -0.4211530348794227940 ) ) ;
#1259 = CARTESIAN_POINT ( 'NONE',  ( 0.1496062992125984370, -0.2559055118110236116, -0.1062992125984252023 ) ) ;
#1260 = ORIENTED_EDGE ( 'NONE', *, *, #2842, .F. ) ;
#1261 = CARTESIAN_POINT ( 'NONE',  ( -0.1384161342347832446, -0.3689110546691067860, -0.3250889166382368578 ) ) ;
#1262 = VERTEX_POINT ( 'NONE', #1898 ) ;
#1263 = APPLICATION_PROTOCOL_DEFINITION ( 'draft international standard', 'automotive_design', 1998, #805 ) ;
#1264 = CARTESIAN_POINT ( 'NONE',  ( -0.1087335157751131848, -0.2952755905511810774, -0.1879708760906405596 ) ) ;
#1265 = DIRECTION ( 'NONE',  ( 0.000000000000000000, 0.000000000000000000, 1.000000000000000000 ) ) ;
#1266 = LINE ( 'NONE', #376, #4810 ) ;
#1267 = CARTESIAN_POINT ( 'NONE',  ( 0.1456692913385826404, -0.3822424989540160190, -0.3308769780602238142 ) ) ;
#1268 = FACE_OUTER_BOUND ( 'NONE', #506, .T. ) ;
#1269 = DIRECTION ( 'NONE',  ( 0.000000000000000000, 0.000000000000000000, 1.000000000000000000 ) ) ;
#1270 = ORIENTED_EDGE ( 'NONE', *, *, #2326, .T. ) ;
#1271 = CARTESIAN_POINT ( 'NONE',  ( 0.1535433070866141780, -0.2637795275590551491, -0.3838582677165354173 ) ) ;
#1272 = DIRECTION ( 'NONE',  ( 0.000000000000000000, 0.000000000000000000, 1.000000000000000000 ) ) ;
#1273 = CARTESIAN_POINT ( 'NONE',  ( 0.07874015748031495954, -0.03937007874015747977, -0.4271653543307086798 ) ) ;
#1274 = ORIENTED_EDGE ( 'NONE', *, *, #2973, .T. ) ;
#1275 = ORIENTED_EDGE ( 'NONE', *, *, #146, .F. ) ;
#1276 = ORIENTED_EDGE ( 'NONE', *, *, #1318, .F. ) ;
#1277 = DIRECTION ( 'NONE',  ( 1.000000000000000000, 0.000000000000000000, 8.673617379884039416E-16 ) ) ;
#1278 = ORIENTED_EDGE ( 'NONE', *, *, #5683, .F. ) ;
#1279 = EDGE_CURVE ( 'NONE', #315, #4616, #5058, .T. ) ;
#1280 = DIRECTION ( 'NONE',  ( 1.000000000000000000, 0.000000000000000000, 0.000000000000000000 ) ) ;
#1281 = PRODUCT_DEFINITION ( 'UNKNOWN', '', #1399, #3220 ) ;
#1282 = LINE ( 'NONE', #1687, #3991 ) ;
#1283 = EDGE_LOOP ( 'NONE', ( #4203, #2069, #2964, #2337, #4693, #3626 ) ) ;
#1284 = EDGE_CURVE ( 'NONE', #3569, #5037, #1453, .T. ) ;
#1285 = CARTESIAN_POINT ( 'NONE',  ( 0.01117607660989090694, -0.2561043307086614540, -0.4291917725903013903 ) ) ;
#1286 = VERTEX_POINT ( 'NONE', #2333 ) ;
#1287 = LINE ( 'NONE', #2171, #5846 ) ;
#1288 = VERTEX_POINT ( 'NONE', #4136 ) ;
#1289 = EDGE_CURVE ( 'NONE', #5517, #2400, #94, .T. ) ;
#1290 = CARTESIAN_POINT ( 'NONE',  ( -0.1122060444822596675, -0.2952755905511810774, -0.1782849264619169316 ) ) ;
#1291 = CARTESIAN_POINT ( 'NONE',  ( 0.09448818897637795144, -0.2165354330708661457, -0.1535433070866141780 ) ) ;
#1292 = LINE ( 'NONE', #3088, #3803 ) ;
#1293 = CARTESIAN_POINT ( 'NONE',  ( 0.1299212598425196763, -0.07283464566929134798, -0.3602362204724409711 ) ) ;
#1294 = ORIENTED_EDGE ( 'NONE', *, *, #390, .T. ) ;
#1295 = LINE ( 'NONE', #5785, #1234 ) ;
#1296 = CARTESIAN_POINT ( 'NONE',  ( 0.09448818897637795144, -0.2893700787401572994, -0.1771653543307086798 ) ) ;
#1297 = LINE ( 'NONE', #2601, #3579 ) ;
#1298 = ORIENTED_EDGE ( 'NONE', *, *, #5795, .F. ) ;
#1299 = ORIENTED_EDGE ( 'NONE', *, *, #4574, .F. ) ;
#1300 = DIRECTION ( 'NONE',  ( 1.000000000000000000, 0.000000000000000000, 0.000000000000000000 ) ) ;
#1301 = DIRECTION ( 'NONE',  ( 1.000000000000000000, 0.000000000000000000, 0.000000000000000000 ) ) ;
#1302 = LINE ( 'NONE', #3137, #4429 ) ;
#1303 = VERTEX_POINT ( 'NONE', #3509 ) ;
#1304 = ORIENTED_EDGE ( 'NONE', *, *, #5301, .F. ) ;
#1305 = CIRCLE ( 'NONE', #2150, 0.07185039370078720455 ) ;
#1306 = DIRECTION ( 'NONE',  ( -1.000000000000000000, 0.000000000000000000, -9.856383386231860060E-17 ) ) ;
#1307 = EDGE_LOOP ( 'NONE', ( #5038, #976, #5807, #1957 ) ) ;
#1308 = FACE_OUTER_BOUND ( 'NONE', #4668, .T. ) ;
#1309 = CIRCLE ( 'NONE', #5172, 0.02952755905511813758 ) ;
#1310 = ADVANCED_FACE ( 'NONE', ( #5224 ), #1667, .T. ) ;
#1311 = LINE ( 'NONE', #2225, #865 ) ;
#1312 = ORIENTED_EDGE ( 'NONE', *, *, #1460, .T. ) ;
#1313 = VECTOR ( 'NONE', #4982, 39.37007874015748143 ) ;
#1314 = EDGE_LOOP ( 'NONE', ( #2724, #3442, #4948, #4763, #4378 ) ) ;
#1315 = VECTOR ( 'NONE', #3595, 39.37007874015748143 ) ;
#1316 = CARTESIAN_POINT ( 'NONE',  ( -0.07874015748031495954, -0.1653543307086614012, -0.3248031496062992463 ) ) ;
#1317 = CARTESIAN_POINT ( 'NONE',  ( -0.1574812992125984301, -0.1456692913385826960, -0.3838582677165354173 ) ) ;
#1318 = EDGE_CURVE ( 'NONE', #1127, #154, #5025, .T. ) ;
#1319 = CARTESIAN_POINT ( 'NONE',  ( -0.02657480314960630058, -0.2559055118110236116, -0.04724409448818897572 ) ) ;
#1320 = VECTOR ( 'NONE', #5129, 39.37007874015748143 ) ;
#1321 = EDGE_CURVE ( 'NONE', #4137, #445, #2113, .T. ) ;
#1322 = DIRECTION ( 'NONE',  ( 0.000000000000000000, -1.971276677246370040E-16, -1.000000000000000000 ) ) ;
#1323 = EDGE_LOOP ( 'NONE', ( #991, #5335, #3264, #1013, #5841, #2148, #2433, #3158, #117, #778, #5157, #3138 ) ) ;
#1324 = LINE ( 'NONE', #436, #1513 ) ;
#1325 = LINE ( 'NONE', #2685, #3952 ) ;
#1326 = VECTOR ( 'NONE', #2330, 39.37007874015748143 ) ;
#1327 = CIRCLE ( 'NONE', #1423, 0.007874015748031499423 ) ;
#1328 = CARTESIAN_POINT ( 'NONE',  ( -0.1515748031496063075, -0.3838582677165354173, -0.3838582677165354173 ) ) ;
#1329 = DIRECTION ( 'NONE',  ( 0.000000000000000000, 0.000000000000000000, -1.000000000000000000 ) ) ;
#1330 = CARTESIAN_POINT ( 'NONE',  ( -0.1496062992125984370, -0.2559055118110236116, -0.1535433070866141780 ) ) ;
#1331 = FACE_OUTER_BOUND ( 'NONE', #569, .T. ) ;
#1332 = VERTEX_POINT ( 'NONE', #3445 ) ;
#1333 = ORIENTED_EDGE ( 'NONE', *, *, #2026, .F. ) ;
#1334 = VERTEX_POINT ( 'NONE', #4889 ) ;
#1335 = CARTESIAN_POINT ( 'NONE',  ( 0.000000000000000000, 0.000000000000000000, -0.4133858267716535861 ) ) ;
#1336 = ORIENTED_EDGE ( 'NONE', *, *, #1615, .T. ) ;
#1337 = EDGE_CURVE ( 'NONE', #4603, #4170, #398, .T. ) ;
#1338 = DIRECTION ( 'NONE',  ( 1.000000000000000000, 0.000000000000000000, 0.000000000000000000 ) ) ;
#1339 = AXIS2_PLACEMENT_3D ( 'NONE', #5250, #3061, #311 ) ;
#1340 = DIRECTION ( 'NONE',  ( 0.000000000000000000, -1.000000000000000000, 0.000000000000000000 ) ) ;
#1341 = EDGE_LOOP ( 'NONE', ( #2942, #2451, #4126, #4311 ) ) ;
#1342 = ORIENTED_EDGE ( 'NONE', *, *, #1827, .F. ) ;
#1343 = DIRECTION ( 'NONE',  ( -1.000000000000000000, 0.000000000000000000, 0.000000000000000000 ) ) ;
#1344 = CARTESIAN_POINT ( 'NONE',  ( -0.09055118110236221041, -0.2165354330708661457, -0.07874015748031495954 ) ) ;
#1345 = ORIENTED_EDGE ( 'NONE', *, *, #2898, .F. ) ;
#1346 = DIRECTION ( 'NONE',  ( 1.577021341797094849E-16, 1.000000000000000000, 0.000000000000000000 ) ) ;
#1347 = VECTOR ( 'NONE', #1764, 39.37007874015748143 ) ;
#1348 = CARTESIAN_POINT ( 'NONE',  ( 0.03248031496062991907, 0.000000000000000000, -0.4133858267716535861 ) ) ;
#1349 = VERTEX_POINT ( 'NONE', #4838 ) ;
#1350 = EDGE_LOOP ( 'NONE', ( #1499, #3669, #4827, #3167 ) ) ;
#1351 = CARTESIAN_POINT ( 'NONE',  ( 0.1299212598425196763, -0.07283464566929134798, -0.4271653543307086798 ) ) ;
#1352 = CARTESIAN_POINT ( 'NONE',  ( -0.04527559055118110520, -0.03937007874015747977, -0.3248031496062992463 ) ) ;
#1353 = EDGE_CURVE ( 'NONE', #4671, #1637, #4833, .T. ) ;
#1354 = CARTESIAN_POINT ( 'NONE',  ( 0.1299212598425196763, -0.2637795275590551491, -0.3838582677165354173 ) ) ;
#1355 = DIRECTION ( 'NONE',  ( 1.000000000000000000, 0.000000000000000000, 0.000000000000000000 ) ) ;
#1356 = DIRECTION ( 'NONE',  ( 0.000000000000000000, 0.000000000000000000, 1.000000000000000000 ) ) ;
#1357 = CARTESIAN_POINT ( 'NONE',  ( -0.1181102362204724532, -0.1456692913385826960, -0.3838582677165354173 ) ) ;
#1358 = ORIENTED_EDGE ( 'NONE', *, *, #491, .F. ) ;
#1359 = EDGE_CURVE ( 'NONE', #1514, #4497, #439, .T. ) ;
#1360 = ADVANCED_FACE ( 'NONE', ( #2050 ), #2999, .T. ) ;
#1361 = DIRECTION ( 'NONE',  ( 0.000000000000000000, 0.000000000000000000, -1.000000000000000000 ) ) ;
#1362 = CARTESIAN_POINT ( 'NONE',  ( 0.1456692913385826960, -0.1802690946547830797, -0.4192913385826771422 ) ) ;
#1363 = VERTEX_POINT ( 'NONE', #2595 ) ;
#1364 = CARTESIAN_POINT ( 'NONE',  ( 0.04527559055118110520, -0.03937007874015747977, -0.5039370078740157410 ) ) ;
#1365 = LINE ( 'NONE', #1390, #4257 ) ;
#1366 = VERTEX_POINT ( 'NONE', #279 ) ;
#1367 = VERTEX_POINT ( 'NONE', #337 ) ;
#1368 = CARTESIAN_POINT ( 'NONE',  ( 0.03444881889763779653, -0.1771653543307086520, -0.3818897637795276023 ) ) ;
#1369 = CARTESIAN_POINT ( 'NONE',  ( -0.1348416365338632461, -0.3731795426815821548, -0.3825235304648761381 ) ) ;
#1370 = DIRECTION ( 'NONE',  ( 1.000000000000000000, -1.577021341797094849E-16, 0.000000000000000000 ) ) ;
#1371 = ORIENTED_EDGE ( 'NONE', *, *, #3261, .F. ) ;
#1372 = CARTESIAN_POINT ( 'NONE',  ( 0.1299212598425196763, -0.2390222439278940902, -0.3917322834645669549 ) ) ;
#1373 = CARTESIAN_POINT ( 'NONE',  ( 0.09055118110236221041, -0.2165354330708661457, -0.1538737016413399827 ) ) ;
#1374 = DIRECTION ( 'NONE',  ( -1.224646799147353207E-16, -7.966588320977887948E-31, 1.000000000000000000 ) ) ;
#1375 = CARTESIAN_POINT ( 'NONE',  ( -0.1574803149606299191, -0.2559055118110236116, -0.1062992125984252023 ) ) ;
#1376 = EDGE_CURVE ( 'NONE', #2380, #59, #2175, .T. ) ;
#1377 = B_SPLINE_CURVE_WITH_KNOTS ( 'NONE', 3,
 ( #4670, #2420, #4216, #4130, #171, #3645, #5440, #1861, #3364, #3815 ),
 .UNSPECIFIED., .F., .F.,
 ( 4, 2, 2, 2, 4 ),
 ( 0.000000000000000000, 0.2500000000000000000, 0.5000000000000000000, 0.7500000000000000000, 1.000000000000000000 ),
 .UNSPECIFIED. ) ;
#1378 = CARTESIAN_POINT ( 'NONE',  ( 0.07874015748031495954, -0.03937007874015747977, -0.3602362204724409711 ) ) ;
#1379 = FACE_OUTER_BOUND ( 'NONE', #2916, .T. ) ;
#1380 = ORIENTED_EDGE ( 'NONE', *, *, #2139, .T. ) ;
#1381 = CARTESIAN_POINT ( 'NONE',  ( 0.000000000000000000, 2.591070712017866640E-18, -0.03346456692913386821 ) ) ;
#1382 = EDGE_CURVE ( 'NONE', #2311, #69, #2864, .T. ) ;
#1383 = ORIENTED_EDGE ( 'NONE', *, *, #157, .T. ) ;
#1384 = PLANE ( 'NONE',  #3398 ) ;
#1385 = EDGE_CURVE ( 'NONE', #4140, #3142, #2503, .T. ) ;
#1386 = PLANE ( 'NONE',  #184 ) ;
#1387 = EDGE_LOOP ( 'NONE', ( #3935, #4383, #3749, #4015 ) ) ;
#1388 = DIRECTION ( 'NONE',  ( 0.000000000000000000, -1.000000000000000000, 0.000000000000000000 ) ) ;
#1389 = EDGE_CURVE ( 'NONE', #3603, #4586, #5462, .T. ) ;
#1390 = CARTESIAN_POINT ( 'NONE',  ( -0.1437007874015747977, -0.1850393700787401619, -0.3838582677165354173 ) ) ;
#1391 = AXIS2_PLACEMENT_3D ( 'NONE', #3874, #800, #1280 ) ;
#1392 = ORIENTED_EDGE ( 'NONE', *, *, #2203, .F. ) ;
#1393 = ORIENTED_EDGE ( 'NONE', *, *, #3642, .F. ) ;
#1394 = DIRECTION ( 'NONE',  ( 0.3926236637329712509, 0.9196992218529373986, 0.000000000000000000 ) ) ;
#1395 = VECTOR ( 'NONE', #2502, 39.37007874015748143 ) ;
#1396 = DIMENSIONAL_EXPONENTS ( 1.000000000000000000, 0.000000000000000000, 0.000000000000000000, 0.000000000000000000, 0.000000000000000000, 0.000000000000000000, 0.000000000000000000 ) ;
#1397 = LINE ( 'NONE', #1317, #1146 ) ;
#1398 = DIRECTION ( 'NONE',  ( -0.7071067811865470176, 1.095209583345267470E-16, 0.7071067811865480168 ) ) ;
#1399 = PRODUCT_DEFINITION_FORMATION_WITH_SPECIFIED_SOURCE ( 'ANY', '', #3070, .NOT_KNOWN. ) ;
#1400 = PLANE ( 'NONE',  #1126 ) ;
#1401 = VERTEX_POINT ( 'NONE', #4296 ) ;
#1402 = ORIENTED_EDGE ( 'NONE', *, *, #4705, .F. ) ;
#1403 = CARTESIAN_POINT ( 'NONE',  ( -0.1181102362204724532, -0.1850393700787401619, -0.3248031496062992463 ) ) ;
#1404 = CARTESIAN_POINT ( 'NONE',  ( 0.04527559055118110520, -0.03937007874015747977, -0.5039370078740157410 ) ) ;
#1405 = EDGE_CURVE ( 'NONE', #5037, #2703, #1170, .T. ) ;
#1406 = CARTESIAN_POINT ( 'NONE',  ( 0.1496062992125984370, -0.2480314960629921295, -0.04724409448818897572 ) ) ;
#1407 = AXIS2_PLACEMENT_3D ( 'NONE', #5609, #1883, #3691 ) ;
#1408 = VECTOR ( 'NONE', #3831, 39.37007874015748854 ) ;
#1409 = CIRCLE ( 'NONE', #2344, 0.007874015748031499423 ) ;
#1410 = CARTESIAN_POINT ( 'NONE',  ( 0.01636588960721315281, -0.2362204724409449064, -0.4247000947534984028 ) ) ;
#1411 = AXIS2_PLACEMENT_3D ( 'NONE', #5324, #4427, #3550 ) ;
#1412 = CIRCLE ( 'NONE', #4139, 0.02362204724409448092 ) ;
#1413 = DIRECTION ( 'NONE',  ( 8.673617379884054405E-15, 1.000000000000000000, 0.000000000000000000 ) ) ;
#1414 = DIRECTION ( 'NONE',  ( 0.000000000000000000, 0.000000000000000000, -1.000000000000000000 ) ) ;
#1415 = EDGE_CURVE ( 'NONE', #5740, #5340, #4059, .T. ) ;
#1416 = AXIS2_PLACEMENT_3D ( 'NONE', #674, #2453, #4373 ) ;
#1417 = DIRECTION ( 'NONE',  ( 0.7071067811865440200, 0.000000000000000000, 0.7071067811865510144 ) ) ;
#1418 = CIRCLE ( 'NONE', #1510, 0.02362204724409449827 ) ;
#1419 = VERTEX_POINT ( 'NONE', #516 ) ;
#1420 = DIRECTION ( 'NONE',  ( 0.000000000000000000, 0.000000000000000000, 1.000000000000000000 ) ) ;
#1421 = CARTESIAN_POINT ( 'NONE',  ( 0.1456692913385826960, -0.3838582677165354173, -0.3838582677165354173 ) ) ;
#1422 = VERTEX_POINT ( 'NONE', #1814 ) ;
#1423 = AXIS2_PLACEMENT_3D ( 'NONE', #4039, #1356, #2302 ) ;
#1424 = EDGE_CURVE ( 'NONE', #1598, #2426, #3612, .T. ) ;
#1425 = DIRECTION ( 'NONE',  ( 0.000000000000000000, -1.000000000000000000, 0.000000000000000000 ) ) ;
#1426 = EDGE_CURVE ( 'NONE', #4057, #5679, #4472, .T. ) ;
#1427 = EDGE_CURVE ( 'NONE', #3843, #4816, #1397, .T. ) ;
#1428 = CARTESIAN_POINT ( 'NONE',  ( -0.1318897637795275746, -0.2637795275590551491, -0.3248031496062992463 ) ) ;
#1429 = ORIENTED_EDGE ( 'NONE', *, *, #4422, .T. ) ;
#1430 = EDGE_LOOP ( 'NONE', ( #1211, #1924, #2683, #5681 ) ) ;
#1431 = DIRECTION ( 'NONE',  ( 0.000000000000000000, 0.000000000000000000, 1.000000000000000000 ) ) ;
#1432 = EDGE_CURVE ( 'NONE', #3925, #1366, #3793, .T. ) ;
#1433 = CARTESIAN_POINT ( 'NONE',  ( -0.1496062992125984370, -0.2559055118110236116, 3.201384367575307689E-18 ) ) ;
#1434 = EDGE_CURVE ( 'NONE', #5711, #3074, #1843, .T. ) ;
#1435 = DIRECTION ( 'NONE',  ( 0.000000000000000000, -1.051347561198065757E-14, -1.000000000000000000 ) ) ;
#1436 = AXIS2_PLACEMENT_3D ( 'NONE', #1021, #4719, #3774 ) ;
#1437 = CARTESIAN_POINT ( 'NONE',  ( 0.1299212598425196763, -0.1456692913385826960, -0.3248031496062992463 ) ) ;
#1438 = EDGE_LOOP ( 'NONE', ( #2903, #1515, #5166, #4862, #1976, #835 ) ) ;
#1439 = DIRECTION ( 'NONE',  ( 0.000000000000000000, -1.000000000000000000, 0.000000000000000000 ) ) ;
#1440 = DIRECTION ( 'NONE',  ( 0.000000000000000000, 1.000000000000000000, 0.000000000000000000 ) ) ;
#1441 = CARTESIAN_POINT ( 'NONE',  ( 0.04016252528882029160, -0.2559055118108149451, -0.4527559055118110520 ) ) ;
#1442 = VECTOR ( 'NONE', #3781, 39.37007874015748143 ) ;
#1443 = PLANE ( 'NONE',  #3615 ) ;
#1444 = CYLINDRICAL_SURFACE ( 'NONE', #2351, 0.007874015748031499423 ) ;
#1445 = VECTOR ( 'NONE', #5064, 39.37007874015748143 ) ;
#1446 = DIRECTION ( 'NONE',  ( 0.000000000000000000, 0.000000000000000000, 1.000000000000000000 ) ) ;
#1447 = DIRECTION ( 'NONE',  ( 0.000000000000000000, 1.000000000000000000, 0.000000000000000000 ) ) ;
#1448 = DIRECTION ( 'NONE',  ( 0.000000000000000000, 0.000000000000000000, -1.000000000000000000 ) ) ;
#1449 = DIRECTION ( 'NONE',  ( 1.000000000000000000, 0.000000000000000000, 0.000000000000000000 ) ) ;
#1450 = CARTESIAN_POINT ( 'NONE',  ( -0.03389888073763566712, -0.2362204724409449064, -0.4527559055118110520 ) ) ;
#1451 = EDGE_LOOP ( 'NONE', ( #5446, #4205, #5006, #944 ) ) ;
#1452 = DIRECTION ( 'NONE',  ( 0.000000000000000000, 0.000000000000000000, 1.000000000000000000 ) ) ;
#1453 = LINE ( 'NONE', #4584, #4159 ) ;
#1454 = EDGE_CURVE ( 'NONE', #2246, #18, #2705, .T. ) ;
#1455 = ORIENTED_EDGE ( 'NONE', *, *, #3305, .T. ) ;
#1456 = VERTEX_POINT ( 'NONE', #3206 ) ;
#1457 = DIRECTION ( 'NONE',  ( 0.000000000000000000, -1.000000000000000000, 0.000000000000000000 ) ) ;
#1458 = CARTESIAN_POINT ( 'NONE',  ( -0.05314960629921260116, 0.07874015748031495954, -0.5118110236220472231 ) ) ;
#1459 = LINE ( 'NONE', #3262, #1445 ) ;
#1460 = EDGE_CURVE ( 'NONE', #509, #325, #2204, .T. ) ;
#1461 = FACE_OUTER_BOUND ( 'NONE', #3997, .T. ) ;
#1462 = EDGE_LOOP ( 'NONE', ( #423, #1835, #4613, #1274 ) ) ;
#1463 = PLANE ( 'NONE',  #4423 ) ;
#1464 = EDGE_CURVE ( 'NONE', #351, #5427, #4976, .T. ) ;
#1465 = LINE ( 'NONE', #5488, #935 ) ;
#1466 = DIRECTION ( 'NONE',  ( 0.000000000000000000, 0.000000000000000000, 1.000000000000000000 ) ) ;
#1467 = CARTESIAN_POINT ( 'NONE',  ( 0.000000000000000000, 0.000000000000000000, 0.000000000000000000 ) ) ;
#1468 = CARTESIAN_POINT ( 'NONE',  ( -0.1574803149606299191, -0.2559055118110236116, -0.1062992125984252023 ) ) ;
#1469 = CYLINDRICAL_SURFACE ( 'NONE', #1984, 0.007874015748031499423 ) ;
#1470 = LINE ( 'NONE', #3304, #5477 ) ;
#1471 = ORIENTED_EDGE ( 'NONE', *, *, #485, .T. ) ;
#1472 = ORIENTED_EDGE ( 'NONE', *, *, #5089, .F. ) ;
#1473 = CARTESIAN_POINT ( 'NONE',  ( 0.09448818897637795144, -0.2559055118110236116, -0.1771653543307086520 ) ) ;
#1474 = CARTESIAN_POINT ( 'NONE',  ( 0.1181102362204724532, 0.1181102362204724532, -0.5118110236220472231 ) ) ;
#1475 = ORIENTED_EDGE ( 'NONE', *, *, #2482, .T. ) ;
#1476 = CARTESIAN_POINT ( 'NONE',  ( -0.09448818897637790981, -0.2893700787401573549, -0.1771653543307086798 ) ) ;
#1477 = ORIENTED_EDGE ( 'NONE', *, *, #5584, .T. ) ;
#1478 = ORIENTED_EDGE ( 'NONE', *, *, #5353, .F. ) ;
#1479 = CARTESIAN_POINT ( 'NONE',  ( 0.01377952755946397490, -0.3818897637795276023, -0.4763779527559054983 ) ) ;
#1480 = EDGE_CURVE ( 'NONE', #2082, #3140, #5808, .T. ) ;
#1481 = LINE ( 'NONE', #2036, #4608 ) ;
#1482 = DIRECTION ( 'NONE',  ( 0.9281515290911861449, 0.3722025511004635745, 0.000000000000000000 ) ) ;
#1483 = LINE ( 'NONE', #5043, #850 ) ;
#1484 = EDGE_LOOP ( 'NONE', ( #5618, #4790, #785, #5692 ) ) ;
#1485 = CARTESIAN_POINT ( 'NONE',  ( -2.638641766305777434E-08, -0.2561043307086614540, -0.4762840159295053666 ) ) ;
#1486 = SURFACE_STYLE_USAGE ( .BOTH. , #3799 ) ;
#1487 = AXIS2_PLACEMENT_3D ( 'NONE', #5145, #2873, #2395 ) ;
#1488 = VERTEX_POINT ( 'NONE', #429 ) ;
#1489 = DIRECTION ( 'NONE',  ( 1.000000000000000000, 0.000000000000000000, 0.000000000000000000 ) ) ;
#1490 = CARTESIAN_POINT ( 'NONE',  ( 0.03195668221146966831, -0.2559055118108149451, -0.4716898355650022689 ) ) ;
#1491 = EDGE_CURVE ( 'NONE', #1778, #512, #3689, .T. ) ;
#1492 = CARTESIAN_POINT ( 'NONE',  ( -0.1403926816658753740, -0.3665507596789619460, -0.3838582677165356949 ) ) ;
#1493 = VECTOR ( 'NONE', #1553, 39.37007874015748143 ) ;
#1494 = ADVANCED_FACE ( 'NONE', ( #4028 ), #959, .F. ) ;
#1495 = DIRECTION ( 'NONE',  ( 0.000000000000000000, 0.000000000000000000, 1.000000000000000000 ) ) ;
#1496 = DIRECTION ( 'NONE',  ( 0.000000000000000000, 0.000000000000000000, 1.000000000000000000 ) ) ;
#1497 = PLANE ( 'NONE',  #3686 ) ;
#1498 = AXIS2_PLACEMENT_3D ( 'NONE', #5722, #3571, #1762 ) ;
#1499 = ORIENTED_EDGE ( 'NONE', *, *, #3839, .T. ) ;
#1500 = DIRECTION ( 'NONE',  ( 0.000000000000000000, 1.000000000000000000, 0.000000000000000000 ) ) ;
#1501 = EDGE_CURVE ( 'NONE', #4842, #3253, #2093, .T. ) ;
#1502 = CIRCLE ( 'NONE', #179, 0.08661417322834646937 ) ;
#1503 = VECTOR ( 'NONE', #3108, 39.37007874015748143 ) ;
#1504 = ORIENTED_EDGE ( 'NONE', *, *, #1539, .F. ) ;
#1505 = PLANE ( 'NONE',  #96 ) ;
#1506 = CARTESIAN_POINT ( 'NONE',  ( 1.067128122525102435E-18, -0.2559055118110236116, -0.4291338582677165503 ) ) ;
#1507 = ORIENTED_EDGE ( 'NONE', *, *, #5512, .T. ) ;
#1508 = CARTESIAN_POINT ( 'NONE',  ( 0.000000000000000000, 1.603130160301161405E-18, -0.02559055118110236185 ) ) ;
#1509 = VECTOR ( 'NONE', #1118, 39.37007874015748143 ) ;
#1510 = AXIS2_PLACEMENT_3D ( 'NONE', #290, #2185, #3520 ) ;
#1511 = ORIENTED_EDGE ( 'NONE', *, *, #444, .F. ) ;
#1512 = EDGE_CURVE ( 'NONE', #2583, #5300, #5449, .T. ) ;
#1513 = VECTOR ( 'NONE', #903, 39.37007874015748143 ) ;
#1514 = VERTEX_POINT ( 'NONE', #925 ) ;
#1515 = ORIENTED_EDGE ( 'NONE', *, *, #2510, .F. ) ;
#1516 = LINE ( 'NONE', #1159, #5559 ) ;
#1517 = DIMENSIONAL_EXPONENTS ( 1.000000000000000000, 0.000000000000000000, 0.000000000000000000, 0.000000000000000000, 0.000000000000000000, 0.000000000000000000, 0.000000000000000000 ) ;
#1518 = LINE ( 'NONE', #3320, #5034 ) ;
#1519 = DIRECTION ( 'NONE',  ( 1.000000000000000000, 0.000000000000000000, 0.000000000000000000 ) ) ;
#1520 = ORIENTED_EDGE ( 'NONE', *, *, #732, .T. ) ;
#1521 = CARTESIAN_POINT ( 'NONE',  ( -0.02148175020107586514, -0.2362204724409449064, -0.4276843467665850107 ) ) ;
#1522 = CYLINDRICAL_SURFACE ( 'NONE', #3969, 0.02362204724409448092 ) ;
#1523 = ORIENTED_EDGE ( 'NONE', *, *, #3589, .F. ) ;
#1524 = FACE_OUTER_BOUND ( 'NONE', #5125, .T. ) ;
#1525 = CARTESIAN_POINT ( 'NONE',  ( 0.07874015748031495954, -0.03937007874015747977, -0.3248031496062992463 ) ) ;
#1526 = DIRECTION ( 'NONE',  ( 1.000000000000000000, 0.000000000000000000, 0.000000000000000000 ) ) ;
#1527 = VECTOR ( 'NONE', #3704, 39.37007874015748143 ) ;
#1528 = CARTESIAN_POINT ( 'NONE',  ( -0.1574803149606299191, 0.1496062992125984370, -0.007874015748031495954 ) ) ;
#1529 = EDGE_CURVE ( 'NONE', #1608, #1772, #5399, .T. ) ;
#1530 = CARTESIAN_POINT ( 'NONE',  ( -0.1515748031496063075, -0.2637795275590551491, -0.3838582677165354173 ) ) ;
#1531 = LINE ( 'NONE', #613, #648 ) ;
#1532 = CARTESIAN_POINT ( 'NONE',  ( -0.1423836630759220401, -0.3641732283464567121, -0.3248031496062992463 ) ) ;
#1533 = VECTOR ( 'NONE', #5165, 39.37007874015748143 ) ;
#1534 = EDGE_CURVE ( 'NONE', #1156, #352, #2765, .T. ) ;
#1535 = ORIENTED_EDGE ( 'NONE', *, *, #4122, .T. ) ;
#1536 = DIRECTION ( 'NONE',  ( 0.000000000000000000, 0.000000000000000000, 1.000000000000000000 ) ) ;
#1537 = FACE_OUTER_BOUND ( 'NONE', #5169, .T. ) ;
#1538 = ORIENTED_EDGE ( 'NONE', *, *, #2288, .F. ) ;
#1539 = EDGE_CURVE ( 'NONE', #2858, #3816, #4534, .T. ) ;
#1540 = DIRECTION ( 'NONE',  ( -0.000000000000000000, 1.000000000000000000, 0.000000000000000000 ) ) ;
#1541 = ORIENTED_EDGE ( 'NONE', *, *, #4637, .F. ) ;
#1542 = VERTEX_POINT ( 'NONE', #4561 ) ;
#1543 = ORIENTED_EDGE ( 'NONE', *, *, #1382, .F. ) ;
#1544 = DIRECTION ( 'NONE',  ( 1.000000000000000000, 0.000000000000000000, 0.000000000000000000 ) ) ;
#1545 = ORIENTED_EDGE ( 'NONE', *, *, #2288, .T. ) ;
#1546 = CARTESIAN_POINT ( 'NONE',  ( 0.1715311384824690921, -0.3297904909188866251, -0.3838582677165354173 ) ) ;
#1547 = CARTESIAN_POINT ( 'NONE',  ( 0.07874015748031495954, -0.07283464566929134798, -0.3818897637795276023 ) ) ;
#1548 = ORIENTED_EDGE ( 'NONE', *, *, #3305, .F. ) ;
#1549 = CARTESIAN_POINT ( 'NONE',  ( 0.01117607660989088786, -0.2561043307086614540, -0.4763200384333206583 ) ) ;
#1550 = DIRECTION ( 'NONE',  ( 2.168404344971012812E-15, 1.000000000000000000, 0.000000000000000000 ) ) ;
#1551 = ORIENTED_EDGE ( 'NONE', *, *, #4382, .T. ) ;
#1552 = CARTESIAN_POINT ( 'NONE',  ( 0.1496062992125984370, -0.3385826771653543399, -0.3838582677165354173 ) ) ;
#1553 = DIRECTION ( 'NONE',  ( 0.3722025511004635745, -0.9281515290911861449, 0.000000000000000000 ) ) ;
#1554 = DIRECTION ( 'NONE',  ( 0.000000000000000000, 0.000000000000000000, 1.000000000000000000 ) ) ;
#1555 = LINE ( 'NONE', #3745, #2737 ) ;
#1556 = CARTESIAN_POINT ( 'NONE',  ( -0.02657480314960630058, -0.1850393700787401619, -0.3818897637795276023 ) ) ;
#1557 = DIRECTION ( 'NONE',  ( 0.000000000000000000, 0.000000000000000000, 1.000000000000000000 ) ) ;
#1558 = EDGE_CURVE ( 'NONE', #5118, #509, #1930, .T. ) ;
#1559 = DIRECTION ( 'NONE',  ( 1.000000000000000000, 0.000000000000000000, 0.000000000000000000 ) ) ;
#1560 = ORIENTED_EDGE ( 'NONE', *, *, #1645, .F. ) ;
#1561 = DIRECTION ( 'NONE',  ( 0.000000000000000000, -1.000000000000000000, 0.000000000000000000 ) ) ;
#1562 = LINE ( 'NONE', #4280, #1509 ) ;
#1563 = EDGE_LOOP ( 'NONE', ( #1009, #2784, #3585, #861 ) ) ;
#1564 = EDGE_CURVE ( 'NONE', #1334, #5114, #5063, .T. ) ;
#1565 = EDGE_CURVE ( 'NONE', #4108, #2656, #581, .T. ) ;
#1566 = ORIENTED_EDGE ( 'NONE', *, *, #5147, .T. ) ;
#1567 = ORIENTED_EDGE ( 'NONE', *, *, #5514, .T. ) ;
#1568 = ADVANCED_FACE ( 'NONE', ( #5675 ), #128, .F. ) ;
#1569 = VERTEX_POINT ( 'NONE', #4652 ) ;
#1570 = DIRECTION ( 'NONE',  ( 0.000000000000000000, 0.000000000000000000, 1.000000000000000000 ) ) ;
#1571 = DIRECTION ( 'NONE',  ( 0.000000000000000000, 0.000000000000000000, -1.000000000000000000 ) ) ;
#1572 = DIRECTION ( 'NONE',  ( 0.000000000000000000, 0.000000000000000000, -1.000000000000000000 ) ) ;
#1573 = ORIENTED_EDGE ( 'NONE', *, *, #981, .F. ) ;
#1574 = EDGE_CURVE ( 'NONE', #1652, #5325, #4788, .T. ) ;
#1575 = CARTESIAN_POINT ( 'NONE',  ( -0.01413675618295570820, -0.2362204724409449064, -0.4821120441009401070 ) ) ;
#1576 = LINE ( 'NONE', #3380, #2640 ) ;
#1577 = ORIENTED_EDGE ( 'NONE', *, *, #4660, .T. ) ;
#1578 = LINE ( 'NONE', #3853, #5649 ) ;
#1579 = CARTESIAN_POINT ( 'NONE',  ( -0.1334704877588005767, -0.2715083398372629686, -0.3838582677165354173 ) ) ;
#1580 = FACE_OUTER_BOUND ( 'NONE', #418, .T. ) ;
#1581 = VECTOR ( 'NONE', #1338, 39.37007874015748143 ) ;
#1582 = DIRECTION ( 'NONE',  ( 1.000000000000000000, -3.469446951953614189E-15, 0.000000000000000000 ) ) ;
#1583 = EDGE_CURVE ( 'NONE', #1598, #3554, #731, .T. ) ;
#1584 = FACE_OUTER_BOUND ( 'NONE', #3086, .T. ) ;
#1585 = CARTESIAN_POINT ( 'NONE',  ( -0.1595801565636226493, -0.3436380280327216985, -0.3838582677165354173 ) ) ;
#1586 = AXIS2_PLACEMENT_3D ( 'NONE', #1406, #4182, #4661 ) ;
#1587 = CARTESIAN_POINT ( 'NONE',  ( 0.000000000000000000, -0.03937007874015782671, -0.4852362204724409156 ) ) ;
#1588 = VECTOR ( 'NONE', #5518, 39.37007874015748143 ) ;
#1589 = CARTESIAN_POINT ( 'NONE',  ( 0.1679896717646279791, -0.3534168515480263228, -0.3838582677165354173 ) ) ;
#1590 = VECTOR ( 'NONE', #2764, 39.37007874015748143 ) ;
#1591 = CARTESIAN_POINT ( 'NONE',  ( -0.03444881889763779653, -0.2559055118110236116, -0.5118110236220472231 ) ) ;
#1592 = VERTEX_POINT ( 'NONE', #5534 ) ;
#1593 = EDGE_CURVE ( 'NONE', #2905, #4997, #1055, .T. ) ;
#1594 = AXIS2_PLACEMENT_3D ( 'NONE', #2801, #3300, #1495 ) ;
#1595 = DIRECTION ( 'NONE',  ( 1.000000000000000000, 0.000000000000000000, 0.000000000000000000 ) ) ;
#1596 = AXIS2_PLACEMENT_3D ( 'NONE', #862, #1306, #2158 ) ;
#1597 = VERTEX_POINT ( 'NONE', #4588 ) ;
#1598 = VERTEX_POINT ( 'NONE', #1627 ) ;
#1599 = EDGE_CURVE ( 'NONE', #5793, #2154, #1653, .T. ) ;
#1600 = AXIS2_PLACEMENT_3D ( 'NONE', #5762, #2153, #5851 ) ;
#1601 = VECTOR ( 'NONE', #433, 39.37007874015748143 ) ;
#1602 = EDGE_LOOP ( 'NONE', ( #2807, #243, #3928, #4558, #3127, #2328 ) ) ;
#1603 =( NAMED_UNIT ( * ) PLANE_ANGLE_UNIT ( ) SI_UNIT ( $, .RADIAN. ) );
#1604 = CIRCLE ( 'NONE', #5667, 0.007874015748031499423 ) ;
#1605 = DIRECTION ( 'NONE',  ( 0.000000000000000000, 0.000000000000000000, 1.000000000000000000 ) ) ;
#1606 = AXIS2_PLACEMENT_3D ( 'NONE', #2324, #5411, #2716 ) ;
#1607 = DIRECTION ( 'NONE',  ( -0.3722025511004635745, 0.9281515290911861449, 0.000000000000000000 ) ) ;
#1608 = VERTEX_POINT ( 'NONE', #100 ) ;
#1609 = EDGE_CURVE ( 'NONE', #3140, #1598, #15, .T. ) ;
#1610 = CARTESIAN_POINT ( 'NONE',  ( 9.604153102725926148E-18, -0.2559055118110236116, -0.4763779527559054983 ) ) ;
#1611 = FILL_AREA_STYLE_COLOUR ( '', #5562 ) ;
#1612 = ORIENTED_EDGE ( 'NONE', *, *, #4097, .T. ) ;
#1613 = DIRECTION ( 'NONE',  ( 1.000000000000000000, 0.000000000000000000, 0.000000000000000000 ) ) ;
#1614 = CARTESIAN_POINT ( 'NONE',  ( 0.1574803149606299191, 0.1496062992125984370, -0.007874015748031495954 ) ) ;
#1615 = EDGE_CURVE ( 'NONE', #5679, #2088, #5096, .T. ) ;
#1616 = CARTESIAN_POINT ( 'NONE',  ( 0.1364543135679340824, -0.3674200234759955053, -0.3249371808935567763 ) ) ;
#1617 = LINE ( 'NONE', #3421, #1810 ) ;
#1618 = DIRECTION ( 'NONE',  ( 1.000000000000000000, 0.000000000000000000, 0.000000000000000000 ) ) ;
#1619 = CARTESIAN_POINT ( 'NONE',  ( 0.03248031496062991907, 0.000000000000000000, -0.03346456692913385433 ) ) ;
#1620 = CARTESIAN_POINT ( 'NONE',  ( 0.000000000000000000, 0.000000000000000000, -0.3248031496062992463 ) ) ;
#1621 = AXIS2_PLACEMENT_3D ( 'NONE', #4947, #893, #3114 ) ;
#1622 = LINE ( 'NONE', #4725, #588 ) ;
#1623 = DIRECTION ( 'NONE',  ( 1.000000000000000000, 0.000000000000000000, 0.000000000000000000 ) ) ;
#1624 = DIRECTION ( 'NONE',  ( 0.000000000000000000, 0.000000000000000000, 1.000000000000000000 ) ) ;
#1625 = ORIENTED_EDGE ( 'NONE', *, *, #2402, .F. ) ;
#1626 = TOROIDAL_SURFACE ( 'NONE', #2480, 0.01771653543307120243, 0.005905511811023517882 ) ;
#1627 = CARTESIAN_POINT ( 'NONE',  ( -0.1574803149606299191, 0.1496062992125984370, -0.007874015748031495954 ) ) ;
#1628 = VECTOR ( 'NONE', #3894, 39.37007874015748143 ) ;
#1629 = ORIENTED_EDGE ( 'NONE', *, *, #5042, .T. ) ;
#1630 = DIRECTION ( 'NONE',  ( 1.000000000000000000, 0.000000000000000000, 0.000000000000000000 ) ) ;
#1631 = VERTEX_POINT ( 'NONE', #4618 ) ;
#1632 = EDGE_CURVE ( 'NONE', #5820, #1652, #701, .T. ) ;
#1633 = DIRECTION ( 'NONE',  ( -1.000000000000000000, 0.000000000000000000, 0.000000000000000000 ) ) ;
#1634 = VERTEX_POINT ( 'NONE', #676 ) ;
#1635 = CARTESIAN_POINT ( 'NONE',  ( 0.01416606694003978532, -0.2360236220472441138, -0.4821693850143906057 ) ) ;
#1636 = CARTESIAN_POINT ( 'NONE',  ( 0.02657480314960630058, -0.2165354330708661457, -0.4251968503937008093 ) ) ;
#1637 = VERTEX_POINT ( 'NONE', #3898 ) ;
#1638 = CARTESIAN_POINT ( 'NONE',  ( 0.1715311384824690921, -0.3297904909188866251, -0.3248031496062992463 ) ) ;
#1639 = PLANE ( 'NONE',  #2537 ) ;
#1640 = CARTESIAN_POINT ( 'NONE',  ( -0.1047617924998177213, -0.2952755905511810774, -0.1916926953151452673 ) ) ;
#1641 = EDGE_CURVE ( 'NONE', #1862, #4314, #1904, .T. ) ;
#1642 = DIRECTION ( 'NONE',  ( -0.6420295601556555987, 0.7666798835800605616, 0.000000000000000000 ) ) ;
#1643 = B_SPLINE_CURVE_WITH_KNOTS ( 'NONE', 3,
 ( #4629, #5106, #499, #1441, #1490, #5489, #3742 ),
 .UNSPECIFIED., .F., .F.,
 ( 4, 1, 1, 1, 4 ),
 ( 0.000000000000000000, 0.2500000000530642197, 0.5000000001061284394, 0.7500000001591926591, 1.000000000000000000 ),
 .UNSPECIFIED. ) ;
#1644 = VERTEX_POINT ( 'NONE', #540 ) ;
#1645 = EDGE_CURVE ( 'NONE', #292, #2259, #1481, .T. ) ;
#1646 = CARTESIAN_POINT ( 'NONE',  ( 0.1390742640150066933, -0.3641732283464567121, -0.3838582677165354173 ) ) ;
#1647 = DIRECTION ( 'NONE',  ( 0.000000000000000000, 0.000000000000000000, 1.000000000000000000 ) ) ;
#1648 = DIRECTION ( 'NONE',  ( 0.000000000000000000, 0.000000000000000000, -1.000000000000000000 ) ) ;
#1649 = DIRECTION ( 'NONE',  ( 3.686287386450713182E-14, 1.000000000000000000, 0.000000000000000000 ) ) ;
#1650 = CARTESIAN_POINT ( 'NONE',  ( 0.04527559055118110520, -0.03937007874015747977, -0.3248031496062992463 ) ) ;
#1651 = CYLINDRICAL_SURFACE ( 'NONE', #3777, 0.02952755905511813758 ) ;
#1652 = VERTEX_POINT ( 'NONE', #3871 ) ;
#1653 = LINE ( 'NONE', #1044, #1806 ) ;
#1654 = VERTEX_POINT ( 'NONE', #2099 ) ;
#1655 = ORIENTED_EDGE ( 'NONE', *, *, #390, .F. ) ;
#1656 = ORIENTED_EDGE ( 'NONE', *, *, #4931, .T. ) ;
#1657 = ADVANCED_FACE ( 'NONE', ( #2515 ), #3710, .F. ) ;
#1658 = DIRECTION ( 'NONE',  ( -1.577021341797094849E-16, -1.000000000000000000, 0.000000000000000000 ) ) ;
#1659 = ORIENTED_EDGE ( 'NONE', *, *, #1964, .F. ) ;
#1660 = CARTESIAN_POINT ( 'NONE',  ( 0.1351599345345846637, -0.3690240933338633789, -0.3834570859271783649 ) ) ;
#1661 = ORIENTED_EDGE ( 'NONE', *, *, #5613, .T. ) ;
#1662 = CARTESIAN_POINT ( 'NONE',  ( -0.006514474980832080618, -0.2561043307086614540, -0.4292144645839383044 ) ) ;
#1663 = CARTESIAN_POINT ( 'NONE',  ( 0.000000000000000000, 0.000000000000000000, -0.3248031496062992463 ) ) ;
#1664 = EDGE_LOOP ( 'NONE', ( #654, #3491, #5731, #3015, #1875, #495 ) ) ;
#1665 = LINE ( 'NONE', #1638, #266 ) ;
#1666 = EDGE_CURVE ( 'NONE', #4913, #1918, #2814, .T. ) ;
#1667 = CYLINDRICAL_SURFACE ( 'NONE', #1712, 0.02362204724409449827 ) ;
#1668 = FACE_OUTER_BOUND ( 'NONE', #5597, .T. ) ;
#1669 = CARTESIAN_POINT ( 'NONE',  ( 0.01377952755905511792, -0.3818897637795276023, -0.4291338582677165503 ) ) ;
#1670 = VERTEX_POINT ( 'NONE', #2546 ) ;
#1671 = DIRECTION ( 'NONE',  ( 0.000000000000000000, 1.000000000000000000, 0.000000000000000000 ) ) ;
#1672 = DIRECTION ( 'NONE',  ( 0.000000000000000000, 0.000000000000000000, 1.000000000000000000 ) ) ;
#1673 = EDGE_CURVE ( 'NONE', #1752, #1789, #5513, .T. ) ;
#1674 = DIRECTION ( 'NONE',  ( 1.000000000000000000, 0.000000000000000000, 0.000000000000000000 ) ) ;
#1675 = CARTESIAN_POINT ( 'NONE',  ( 0.1316184678167437172, -0.2725717138055228639, -0.3838582677165354173 ) ) ;
#1676 = PLANE ( 'NONE',  #4339 ) ;
#1677 = CARTESIAN_POINT ( 'NONE',  ( 0.1569145789692220627, -0.3356519484165318978, -0.3248031496062992463 ) ) ;
#1678 = VERTEX_POINT ( 'NONE', #2622 ) ;
#1679 = ADVANCED_FACE ( 'NONE', ( #927 ), #2657, .T. ) ;
#1680 = ORIENTED_EDGE ( 'NONE', *, *, #955, .F. ) ;
#1681 = ORIENTED_EDGE ( 'NONE', *, *, #5803, .F. ) ;
#1682 = EDGE_LOOP ( 'NONE', ( #1160, #4538, #5824, #5276 ) ) ;
#1683 = DIRECTION ( 'NONE',  ( 0.000000000000000000, 0.000000000000000000, 1.000000000000000000 ) ) ;
#1684 = CIRCLE ( 'NONE', #4991, 0.02362204724409448092 ) ;
#1685 = VECTOR ( 'NONE', #4593, 39.37007874015748143 ) ;
#1686 = AXIS2_PLACEMENT_3D ( 'NONE', #624, #1570, #1953 ) ;
#1687 = CARTESIAN_POINT ( 'NONE',  ( -0.1334704877588005767, -0.2715083398372629686, -0.3838582677165354173 ) ) ;
#1688 = PRESENTATION_LAYER_ASSIGNMENT (  '', '', ( #4903 ) ) ;
#1689 = CIRCLE ( 'NONE', #3495, 0.02362204724409449827 ) ;
#1690 = EDGE_LOOP ( 'NONE', ( #4403, #2067, #8, #1573 ) ) ;
#1691 = CARTESIAN_POINT ( 'NONE',  ( 0.009055867336823267624, -0.2362204724409449064, -0.4843587761442000317 ) ) ;
#1692 = ORIENTED_EDGE ( 'NONE', *, *, #367, .F. ) ;
#1693 = CARTESIAN_POINT ( 'NONE',  ( -0.1364826794570854485, -0.3712198905481169930, -0.3256563072627974287 ) ) ;
#1694 = ORIENTED_EDGE ( 'NONE', *, *, #625, .T. ) ;
#1695 = AXIS2_PLACEMENT_3D ( 'NONE', #1669, #4392, #4753 ) ;
#1696 = AXIS2_PLACEMENT_3D ( 'NONE', #3725, #142, #5116 ) ;
#1697 = CARTESIAN_POINT ( 'NONE',  ( -0.1455379536725980028, -0.3788029168491680587, -0.3286821422674232607 ) ) ;
#1698 = CARTESIAN_POINT ( 'NONE',  ( -0.1181102362204724532, -0.2559055118110236116, -0.3248031496062992463 ) ) ;
#1699 = LINE ( 'NONE', #282, #564 ) ;
#1700 = ORIENTED_EDGE ( 'NONE', *, *, #2569, .T. ) ;
#1701 = AXIS2_PLACEMENT_3D ( 'NONE', #4009, #1761, #2266 ) ;
#1702 = FACE_OUTER_BOUND ( 'NONE', #2172, .T. ) ;
#1703 = CARTESIAN_POINT ( 'NONE',  ( 1.988845687591665503E-18, -0.03937007874015725772, -0.4133858267716565282 ) ) ;
#1704 = DIRECTION ( 'NONE',  ( 1.000000000000000000, 0.000000000000000000, 0.000000000000000000 ) ) ;
#1705 = DIRECTION ( 'NONE',  ( -6.505213034913035282E-15, 1.000000000000000000, 0.000000000000000000 ) ) ;
#1706 = ADVANCED_FACE ( 'NONE', ( #4978 ), #5456, .T. ) ;
#1707 = CARTESIAN_POINT ( 'NONE',  ( -0.09055118110236221041, -0.2165354330708661457, -0.07874015748031495954 ) ) ;
#1708 = LINE ( 'NONE', #5381, #2456 ) ;
#1709 = ORIENTED_EDGE ( 'NONE', *, *, #4382, .F. ) ;
#1710 = ORIENTED_EDGE ( 'NONE', *, *, #3018, .T. ) ;
#1711 = EDGE_CURVE ( 'NONE', #2088, #3084, #2233, .T. ) ;
#1712 = AXIS2_PLACEMENT_3D ( 'NONE', #2086, #4866, #3032 ) ;
#1713 = ORIENTED_EDGE ( 'NONE', *, *, #4984, .T. ) ;
#1714 = CARTESIAN_POINT ( 'NONE',  ( 0.000000000000000000, 0.000000000000000000, -0.03346456692913385433 ) ) ;
#1715 = EDGE_CURVE ( 'NONE', #5718, #356, #4868, .T. ) ;
#1716 = ORIENTED_EDGE ( 'NONE', *, *, #2875, .F. ) ;
#1717 = DIRECTION ( 'NONE',  ( 0.000000000000000000, -1.000000000000000000, 0.000000000000000000 ) ) ;
#1718 = VECTOR ( 'NONE', #3238, 39.37007874015748143 ) ;
#1719 = AXIS2_PLACEMENT_3D ( 'NONE', #3097, #1201, #2602 ) ;
#1720 = DIRECTION ( 'NONE',  ( 0.000000000000000000, 0.000000000000000000, 1.000000000000000000 ) ) ;
#1721 = AXIS2_PLACEMENT_3D ( 'NONE', #4316, #4381, #5771 ) ;
#1722 = AXIS2_PLACEMENT_3D ( 'NONE', #1737, #3482, #5259 ) ;
#1723 = ORIENTED_EDGE ( 'NONE', *, *, #3859, .F. ) ;
#1724 = CARTESIAN_POINT ( 'NONE',  ( 1.067128122525102435E-18, -0.2559055118110236116, -0.4291338582677165503 ) ) ;
#1725 = CARTESIAN_POINT ( 'NONE',  ( -0.1455379536725980028, -0.3788029168491680587, -0.3286821422674232607 ) ) ;
#1726 = ORIENTED_EDGE ( 'NONE', *, *, #4386, .F. ) ;
#1727 = CARTESIAN_POINT ( 'NONE',  ( -0.03195668219417620304, -0.2559055116635182148, -0.4716898355471335624 ) ) ;
#1728 = ORIENTED_EDGE ( 'NONE', *, *, #2912, .F. ) ;
#1729 = CARTESIAN_POINT ( 'NONE',  ( -0.1437007874015747977, -0.2637795275590551491, -0.3838582677165354173 ) ) ;
#1730 = CARTESIAN_POINT ( 'NONE',  ( -0.1121030455143281479, -0.2952755905511810774, -0.1793881594412444491 ) ) ;
#1731 = CARTESIAN_POINT ( 'NONE',  ( 5.966537062774998049E-18, -0.03248031496062991907, -0.4133858267716535861 ) ) ;
#1732 = LINE ( 'NONE', #4006, #5379 ) ;
#1733 = VERTEX_POINT ( 'NONE', #2177 ) ;
#1734 = CARTESIAN_POINT ( 'NONE',  ( 0.07874015748031495954, -0.03937007874015747977, -0.3248031496062992463 ) ) ;
#1735 = CARTESIAN_POINT ( 'NONE',  ( -0.1181102362204724532, -0.2559055118110236116, -0.4271653543307086798 ) ) ;
#1736 = DIRECTION ( 'NONE',  ( 1.000000000000000000, 0.000000000000000000, 0.000000000000000000 ) ) ;
#1737 = CARTESIAN_POINT ( 'NONE',  ( -0.1574812992125984301, -0.1771653543307086520, -0.3838582677165354173 ) ) ;
#1738 = DIRECTION ( 'NONE',  ( 0.000000000000000000, 0.000000000000000000, -1.000000000000000000 ) ) ;
#1739 = DIRECTION ( 'NONE',  ( 0.000000000000000000, -0.7752349855172889770, 0.6316729511622359849 ) ) ;
#1740 = ORIENTED_EDGE ( 'NONE', *, *, #1995, .F. ) ;
#1741 = EDGE_CURVE ( 'NONE', #4411, #4954, #2206, .T. ) ;
#1742 = ORIENTED_EDGE ( 'NONE', *, *, #4783, .F. ) ;
#1743 = EDGE_LOOP ( 'NONE', ( #3932, #631, #1566 ) ) ;
#1744 = DIRECTION ( 'NONE',  ( 0.000000000000000000, 0.000000000000000000, -1.000000000000000000 ) ) ;
#1745 = ORIENTED_EDGE ( 'NONE', *, *, #735, .F. ) ;
#1746 = LINE ( 'NONE', #4856, #5640 ) ;
#1747 = EDGE_CURVE ( 'NONE', #4714, #2982, #815, .T. ) ;
#1748 = EDGE_CURVE ( 'NONE', #1951, #3064, #4090, .T. ) ;
#1749 = FACE_OUTER_BOUND ( 'NONE', #281, .T. ) ;
#1750 = EDGE_CURVE ( 'NONE', #3074, #315, #1266, .T. ) ;
#1751 = ORIENTED_EDGE ( 'NONE', *, *, #2032, .F. ) ;
#1752 = VERTEX_POINT ( 'NONE', #3602 ) ;
#1753 = DIRECTION ( 'NONE',  ( -1.627241480206565122E-15, -0.7752349855172890880, 0.6316729511622359849 ) ) ;
#1754 = ORIENTED_EDGE ( 'NONE', *, *, #5301, .T. ) ;
#1755 = CARTESIAN_POINT ( 'NONE',  ( -0.1321788733883448863, -0.3797755417332670524, -0.3795204018865488416 ) ) ;
#1756 = ORIENTED_EDGE ( 'NONE', *, *, #3076, .F. ) ;
#1757 = CYLINDRICAL_SURFACE ( 'NONE', #2861, 0.01968503937007873988 ) ;
#1758 = PLANE ( 'NONE',  #2352 ) ;
#1759 = ORIENTED_EDGE ( 'NONE', *, *, #4600, .T. ) ;
#1760 = ORIENTED_EDGE ( 'NONE', *, *, #449, .F. ) ;
#1761 = DIRECTION ( 'NONE',  ( 1.000000000000000000, 1.652117596168389975E-16, 0.000000000000000000 ) ) ;
#1762 = DIRECTION ( 'NONE',  ( 0.000000000000000000, 1.000000000000000000, 0.000000000000000000 ) ) ;
#1763 = PLANE ( 'NONE',  #461 ) ;
#1764 = DIRECTION ( 'NONE',  ( 0.000000000000000000, 1.000000000000000000, 0.000000000000000000 ) ) ;
#1765 = EDGE_CURVE ( 'NONE', #4879, #1908, #1732, .T. ) ;
#1766 = CARTESIAN_POINT ( 'NONE',  ( -0.03444881889763779653, 0.1181102362204724532, -0.5118110236220472231 ) ) ;
#1767 = DIRECTION ( 'NONE',  ( 1.000000000000000000, 0.000000000000000000, 0.000000000000000000 ) ) ;
#1768 = ORIENTED_EDGE ( 'NONE', *, *, #987, .F. ) ;
#1769 = VERTEX_POINT ( 'NONE', #1348 ) ;
#1770 = CIRCLE ( 'NONE', #5454, 0.02460629921259842659 ) ;
#1771 = DIRECTION ( 'NONE',  ( 0.000000000000000000, -1.000000000000000000, 0.000000000000000000 ) ) ;
#1772 = VERTEX_POINT ( 'NONE', #3543 ) ;
#1773 = DIRECTION ( 'NONE',  ( 1.000000000000000000, 0.000000000000000000, 0.000000000000000000 ) ) ;
#1774 = VECTOR ( 'NONE', #5159, 39.37007874015748143 ) ;
#1775 = LINE ( 'NONE', #2729, #3040 ) ;
#1776 = EDGE_CURVE ( 'NONE', #5674, #2816, #5343, .T. ) ;
#1777 = EDGE_LOOP ( 'NONE', ( #3150, #956, #2465, #1177 ) ) ;
#1778 = VERTEX_POINT ( 'NONE', #3629 ) ;
#1779 = CIRCLE ( 'NONE', #5179, 0.007874015748031499423 ) ;
#1780 = DIRECTION ( 'NONE',  ( 0.000000000000000000, 0.000000000000000000, -1.000000000000000000 ) ) ;
#1781 = CARTESIAN_POINT ( 'NONE',  ( 0.1496062992125984370, -0.3385826771653543399, -0.3248031496062992463 ) ) ;
#1782 = VECTOR ( 'NONE', #2524, 39.37007874015748143 ) ;
#1783 = CARTESIAN_POINT ( 'NONE',  ( 0.1456692913385826960, -0.1299212598425196763, -0.3523622047244094335 ) ) ;
#1784 = VECTOR ( 'NONE', #710, 39.37007874015748143 ) ;
#1785 = EDGE_CURVE ( 'NONE', #3512, #1644, #2450, .T. ) ;
#1786 = B_SPLINE_CURVE_WITH_KNOTS ( 'NONE', 3,
 ( #3259, #3677, #3178, #4975 ),
 .UNSPECIFIED., .F., .F.,
 ( 4, 4 ),
 ( 0.000000000000000000, 0.0004376375653898403580 ),
 .UNSPECIFIED. ) ;
#1787 = CARTESIAN_POINT ( 'NONE',  ( -0.1496062992125984370, -0.2559055118110236116, -0.04724409448818897572 ) ) ;
#1788 = ORIENTED_EDGE ( 'NONE', *, *, #3052, .T. ) ;
#1789 = VERTEX_POINT ( 'NONE', #3156 ) ;
#1790 = ORIENTED_EDGE ( 'NONE', *, *, #2688, .F. ) ;
#1791 = LINE ( 'NONE', #3605, #482 ) ;
#1792 = ADVANCED_FACE ( 'NONE', ( #5811 ), #1758, .F. ) ;
#1793 = DIRECTION ( 'NONE',  ( 0.000000000000000000, 0.000000000000000000, -1.000000000000000000 ) ) ;
#1794 = VECTOR ( 'NONE', #2329, 39.37007874015748143 ) ;
#1795 = FACE_OUTER_BOUND ( 'NONE', #1682, .T. ) ;
#1796 = LINE ( 'NONE', #5408, #4076 ) ;
#1797 = CIRCLE ( 'NONE', #284, 0.007874015748031482076 ) ;
#1798 = CARTESIAN_POINT ( 'NONE',  ( -0.1496062992125984370, 0.1181102362204724532, -0.1535433070866141780 ) ) ;
#1799 = CARTESIAN_POINT ( 'NONE',  ( -0.1181102362204724532, -0.2559055118110236116, -0.1771653543307086520 ) ) ;
#1800 = VERTEX_POINT ( 'NONE', #3126 ) ;
#1801 = UNCERTAINTY_MEASURE_WITH_UNIT (LENGTH_MEASURE( 1.000000000000000082E-05 ), #630, 'distance_accuracy_value', 'NONE');
#1802 = CARTESIAN_POINT ( 'NONE',  ( -0.09842519685039370636, -0.08858267716535432601, -0.4271653543307086798 ) ) ;
#1803 =( BOUNDED_CURVE ( )  B_SPLINE_CURVE ( 3, ( #4272, #667, #3422, #1646 ),
 .UNSPECIFIED., .F., .F. ) 
 B_SPLINE_CURVE_WITH_KNOTS ( ( 4, 4 ),
 ( 4.547358266580200592, 4.712388980384689674 ),
 .UNSPECIFIED. ) 
 CURVE ( )  GEOMETRIC_REPRESENTATION_ITEM ( )  RATIONAL_B_SPLINE_CURVE ( ( 1.000000000000000000, 0.9977316927645649702, 0.9977316927645649702, 1.000000000000000000 ) ) 
 REPRESENTATION_ITEM ( '' )  );
#1804 = ORIENTED_EDGE ( 'NONE', *, *, #1432, .T. ) ;
#1805 = DIRECTION ( 'NONE',  ( 1.652117596168389975E-16, -1.000000000000000000, 0.000000000000000000 ) ) ;
#1806 = VECTOR ( 'NONE', #4762, 39.37007874015748143 ) ;
#1807 = CARTESIAN_POINT ( 'NONE',  ( -0.09842519685039370636, -0.07283464566929134798, -0.3602362204724409711 ) ) ;
#1808 = VERTEX_POINT ( 'NONE', #4953 ) ;
#1809 = ORIENTED_EDGE ( 'NONE', *, *, #4062, .F. ) ;
#1810 = VECTOR ( 'NONE', #4183, 39.37007874015748143 ) ;
#1811 = VERTEX_POINT ( 'NONE', #876 ) ;
#1812 = LINE ( 'NONE', #2734, #1117 ) ;
#1813 = EDGE_CURVE ( 'NONE', #264, #3994, #2682, .T. ) ;
#1814 = CARTESIAN_POINT ( 'NONE',  ( 0.02362204724409448786, 0.09842519685039370636, -0.5118110236220472231 ) ) ;
#1815 = VECTOR ( 'NONE', #2141, 39.37007874015748143 ) ;
#1816 = PLANE ( 'NONE',  #4740 ) ;
#1817 = VECTOR ( 'NONE', #4337, 39.37007874015748143 ) ;
#1818 = DIRECTION ( 'NONE',  ( 1.000000000000000000, 0.000000000000000000, 0.000000000000000000 ) ) ;
#1819 = ORIENTED_EDGE ( 'NONE', *, *, #2402, .T. ) ;
#1820 = ORIENTED_EDGE ( 'NONE', *, *, #2902, .F. ) ;
#1821 = FACE_OUTER_BOUND ( 'NONE', #4187, .T. ) ;
#1822 = DIRECTION ( 'NONE',  ( 0.000000000000000000, 0.000000000000000000, -1.000000000000000000 ) ) ;
#1823 = DIRECTION ( 'NONE',  ( 1.000000000000000000, 0.000000000000000000, 0.000000000000000000 ) ) ;
#1824 = EDGE_CURVE ( 'NONE', #1401, #3253, #4030, .T. ) ;
#1825 = DIRECTION ( 'NONE',  ( 0.000000000000000000, 0.000000000000000000, 1.000000000000000000 ) ) ;
#1826 = ADVANCED_FACE ( 'NONE', ( #2708 ), #4502, .T. ) ;
#1827 = EDGE_CURVE ( 'NONE', #4990, #946, #17, .T. ) ;
#1828 = LINE ( 'NONE', #3165, #5663 ) ;
#1829 = FACE_OUTER_BOUND ( 'NONE', #1096, .T. ) ;
#1830 = ORIENTED_EDGE ( 'NONE', *, *, #2585, .T. ) ;
#1831 = CARTESIAN_POINT ( 'NONE',  ( -0.09448818897637795144, -0.2559055118110236116, -0.1771653543307086520 ) ) ;
#1832 = ORIENTED_EDGE ( 'NONE', *, *, #5524, .F. ) ;
#1833 = CARTESIAN_POINT ( 'NONE',  ( 0.1181102362204724532, -0.07283464566929134798, -0.5118110236220472231 ) ) ;
#1834 = CARTESIAN_POINT ( 'NONE',  ( 0.02149970264447681467, -0.2360236220472441138, -0.4276698516515740622 ) ) ;
#1835 = ORIENTED_EDGE ( 'NONE', *, *, #2224, .F. ) ;
#1836 = LINE ( 'NONE', #1896, #1581 ) ;
#1837 = LINE ( 'NONE', #4971, #5115 ) ;
#1838 = EDGE_CURVE ( 'NONE', #4254, #454, #3239, .T. ) ;
#1839 = ORIENTED_EDGE ( 'NONE', *, *, #358, .F. ) ;
#1840 = EDGE_LOOP ( 'NONE', ( #4512, #2251, #4488, #56 ) ) ;
#1841 = DIRECTION ( 'NONE',  ( 0.000000000000000000, 3.942553354492735149E-16, -1.000000000000000000 ) ) ;
#1842 = ORIENTED_EDGE ( 'NONE', *, *, #4376, .F. ) ;
#1843 = LINE ( 'NONE', #5484, #2474 ) ;
#1844 = CARTESIAN_POINT ( 'NONE',  ( -0.1423836630759220401, -0.3641732283464567121, -0.3838582677165354173 ) ) ;
#1845 = DIRECTION ( 'NONE',  ( 0.000000000000000000, 0.000000000000000000, 1.000000000000000000 ) ) ;
#1846 = ORIENTED_EDGE ( 'NONE', *, *, #5348, .F. ) ;
#1847 = EDGE_CURVE ( 'NONE', #678, #2858, #67, .T. ) ;
#1848 = CARTESIAN_POINT ( 'NONE',  ( 0.05314960629921260116, 0.1181102362204724532, -0.5118110236220472231 ) ) ;
#1849 = CARTESIAN_POINT ( 'NONE',  ( -0.1595801565636226493, -0.3436380280327216985, -0.3248031496062992463 ) ) ;
#1850 = LINE ( 'NONE', #3658, #4798 ) ;
#1851 = CARTESIAN_POINT ( 'NONE',  ( 0.02657480314960630058, -0.1850393700787401619, -0.3818897637795276023 ) ) ;
#1852 = ADVANCED_FACE ( 'NONE', ( #3765 ), #131, .F. ) ;
#1853 = EDGE_CURVE ( 'NONE', #1951, #2718, #4335, .T. ) ;
#1854 = CARTESIAN_POINT ( 'NONE',  ( 0.07874015748031495954, -0.08858267716535432601, -0.3602362204724409711 ) ) ;
#1855 = CARTESIAN_POINT ( 'NONE',  ( 0.1496062992125984370, 0.1181102362204724532, -0.1062992125984252023 ) ) ;
#1856 = EDGE_CURVE ( 'NONE', #716, #4941, #1483, .T. ) ;
#1857 = EDGE_LOOP ( 'NONE', ( #1935, #1471, #1842, #1158 ) ) ;
#1858 = ADVANCED_FACE ( 'NONE', ( #1461 ), #3714, .F. ) ;
#1859 = EDGE_LOOP ( 'NONE', ( #214, #3210, #1656, #755, #5359, #3580 ) ) ;
#1860 = CARTESIAN_POINT ( 'NONE',  ( -0.1496062992125984370, -0.2559055118110236116, -0.04724409448818897572 ) ) ;
#1861 = CARTESIAN_POINT ( 'NONE',  ( 0.01412692837009523091, -0.2362204724409449341, -0.4828464705835025517 ) ) ;
#1862 = VERTEX_POINT ( 'NONE', #4146 ) ;
#1863 = EDGE_CURVE ( 'NONE', #445, #3036, #1932, .T. ) ;
#1864 = DIRECTION ( 'NONE',  ( 1.000000000000000000, -1.971276677246364863E-16, 0.000000000000000000 ) ) ;
#1865 = DIRECTION ( 'NONE',  ( 0.000000000000000000, -1.000000000000000000, 0.000000000000000000 ) ) ;
#1866 = VECTOR ( 'NONE', #2686, 39.37007874015748143 ) ;
#1867 = VERTEX_POINT ( 'NONE', #3736 ) ;
#1868 = ORIENTED_EDGE ( 'NONE', *, *, #2919, .T. ) ;
#1869 = LINE ( 'NONE', #5061, #4420 ) ;
#1870 = CIRCLE ( 'NONE', #1586, 0.007874015748031499423 ) ;
#1871 = DIRECTION ( 'NONE',  ( -1.000000000000000000, 0.000000000000000000, 0.000000000000000000 ) ) ;
#1872 = CARTESIAN_POINT ( 'NONE',  ( 0.09448818897637795144, -0.2165354330708661457, -0.1771653543307086520 ) ) ;
#1873 = VECTOR ( 'NONE', #4110, 39.37007874015748854 ) ;
#1874 = DIRECTION ( 'NONE',  ( 0.000000000000000000, 0.000000000000000000, -1.000000000000000000 ) ) ;
#1875 = ORIENTED_EDGE ( 'NONE', *, *, #4308, .F. ) ;
#1876 =( NAMED_UNIT ( * ) PLANE_ANGLE_UNIT ( ) SI_UNIT ( $, .RADIAN. ) );
#1877 = CARTESIAN_POINT ( 'NONE',  ( -0.1574803149606299191, -0.2480314960629921295, -0.1062992125984252023 ) ) ;
#1878 = DIRECTION ( 'NONE',  ( -1.000000000000000000, 0.000000000000000000, 0.000000000000000000 ) ) ;
#1879 = PRESENTATION_LAYER_ASSIGNMENT (  '', '', ( #1030 ) ) ;
#1880 = VECTOR ( 'NONE', #2796, 39.37007874015748143 ) ;
#1881 = AXIS2_PLACEMENT_3D ( 'NONE', #1476, #3280, #2811 ) ;
#1882 = CARTESIAN_POINT ( 'NONE',  ( 0.09055118110236221041, -0.2559055118110236116, -0.1538737016413399827 ) ) ;
#1883 = DIRECTION ( 'NONE',  ( 1.000000000000000000, -1.577021341797094849E-16, 0.000000000000000000 ) ) ;
#1884 = CIRCLE ( 'NONE', #2644, 0.005905511811023517882 ) ;
#1885 = VECTOR ( 'NONE', #3796, 39.37007874015748143 ) ;
#1886 = DIRECTION ( 'NONE',  ( 0.000000000000000000, -1.000000000000000000, 0.000000000000000000 ) ) ;
#1887 = CARTESIAN_POINT ( 'NONE',  ( 0.1574803149606299191, 0.1496062992125984370, -0.04724409448818897572 ) ) ;
#1888 = EDGE_CURVE ( 'NONE', #1867, #1349, #939, .T. ) ;
#1889 = VECTOR ( 'NONE', #3693, 39.37007874015748143 ) ;
#1890 = CARTESIAN_POINT ( 'NONE',  ( 0.01377952755905511792, -0.3818897637795276023, -0.4527559055118110520 ) ) ;
#1891 = AXIS2_PLACEMENT_3D ( 'NONE', #1766, #4071, #4483 ) ;
#1892 = DIRECTION ( 'NONE',  ( 0.000000000000000000, 1.000000000000000000, 0.000000000000000000 ) ) ;
#1893 = CARTESIAN_POINT ( 'NONE',  ( 2.612516601263260330E-06, -0.2362204724409449064, -0.4856786286371078676 ) ) ;
#1894 = ORIENTED_EDGE ( 'NONE', *, *, #54, .F. ) ;
#1895 = AXIS2_PLACEMENT_3D ( 'NONE', #1058, #200, #3746 ) ;
#1896 = CARTESIAN_POINT ( 'NONE',  ( -0.1574812992125984301, -0.03937007874015747977, -0.4271653543307086798 ) ) ;
#1897 = ADVANCED_FACE ( 'NONE', ( #963 ), #5065, .T. ) ;
#1898 = CARTESIAN_POINT ( 'NONE',  ( 0.1181102362204724532, -0.2559055118110236116, -0.1535433070866141780 ) ) ;
#1899 = EDGE_CURVE ( 'NONE', #3074, #2680, #1012, .T. ) ;
#1900 = ORIENTED_EDGE ( 'NONE', *, *, #5760, .T. ) ;
#1901 = EDGE_LOOP ( 'NONE', ( #2497, #912 ) ) ;
#1902 = CARTESIAN_POINT ( 'NONE',  ( 0.1299212598425196763, -0.1299212598425196763, -0.3523622047244094335 ) ) ;
#1903 = VECTOR ( 'NONE', #2231, 39.37007874015748143 ) ;
#1904 = LINE ( 'NONE', #2489, #2340 ) ;
#1905 = LINE ( 'NONE', #3713, #5787 ) ;
#1906 = APPLICATION_CONTEXT ( 'automotive_design' ) ;
#1907 = DIRECTION ( 'NONE',  ( 1.000000000000000000, 0.000000000000000000, 0.000000000000000000 ) ) ;
#1908 = VERTEX_POINT ( 'NONE', #1047 ) ;
#1909 = FACE_OUTER_BOUND ( 'NONE', #4001, .T. ) ;
#1910 = PLANE ( 'NONE',  #5845 ) ;
#1911 = DIRECTION ( 'NONE',  ( -1.000000000000000000, 0.000000000000000000, -9.856383386231860060E-17 ) ) ;
#1912 = VECTOR ( 'NONE', #3567, 39.37007874015748143 ) ;
#1913 = DIRECTION ( 'NONE',  ( 0.000000000000000000, 0.000000000000000000, -1.000000000000000000 ) ) ;
#1914 = CARTESIAN_POINT ( 'NONE',  ( 1.988845687591665503E-18, 0.03248031496062991907, -0.4133858267716535861 ) ) ;
#1915 = CARTESIAN_POINT ( 'NONE',  ( 0.09055118110236221041, -0.2165354330708661457, -0.4251968503937008093 ) ) ;
#1916 = PLANE ( 'NONE',  #2931 ) ;
#1917 = LINE ( 'NONE', #3723, #3048 ) ;
#1918 = VERTEX_POINT ( 'NONE', #4590 ) ;
#1919 = CARTESIAN_POINT ( 'NONE',  ( 0.02362204724409448786, 0.07086614173228346358, -0.3248031496062992463 ) ) ;
#1920 = LINE ( 'NONE', #591, #5005 ) ;
#1921 = EDGE_LOOP ( 'NONE', ( #2398, #1068, #921, #930, #2242, #4031, #3760, #4054, #869, #781, #3075, #2666, #902, #1209 ) ) ;
#1922 = EDGE_CURVE ( 'NONE', #1769, #3346, #4238, .T. ) ;
#1923 = CARTESIAN_POINT ( 'NONE',  ( 0.1456692913385826960, -0.1456692913385826960, -0.3326771653543306728 ) ) ;
#1924 = ORIENTED_EDGE ( 'NONE', *, *, #1942, .T. ) ;
#1925 = ADVANCED_FACE ( 'NONE', ( #2881 ), #4680, .F. ) ;
#1926 = VERTEX_POINT ( 'NONE', #3654 ) ;
#1927 = DIRECTION ( 'NONE',  ( 0.000000000000000000, -1.000000000000000000, 0.000000000000000000 ) ) ;
#1928 = ADVANCED_FACE ( 'NONE', ( #5451 ), #1400, .F. ) ;
#1929 = B_SPLINE_CURVE_WITH_KNOTS ( 'NONE', 3,
 ( #2005, #725, #1147, #5611, #697, #4247, #5551, #4757, #1087, #2417, #140, #4692, #2509, #204, #5583 ),
 .UNSPECIFIED., .F., .F.,
 ( 4, 2, 2, 2, 1, 2, 2, 4 ),
 ( 0.000000000000000000, 0.06249999999999829303, 0.1249999999999965861, 0.2499999999999940048, 0.3124999999999919509, 0.3437499999999919509, 0.3749999999999919509, 0.5000000016022615457 ),
 .UNSPECIFIED. ) ;
#1930 = LINE ( 'NONE', #2987, #1998 ) ;
#1931 = CYLINDRICAL_SURFACE ( 'NONE', #301, 0.03248031496062991907 ) ;
#1932 = LINE ( 'NONE', #1956, #1320 ) ;
#1933 = ORIENTED_EDGE ( 'NONE', *, *, #960, .F. ) ;
#1934 = CARTESIAN_POINT ( 'NONE',  ( -0.02964553060598594178, -0.2362204724409449064, -0.4362098842138716903 ) ) ;
#1935 = ORIENTED_EDGE ( 'NONE', *, *, #2226, .F. ) ;
#1936 = DIRECTION ( 'NONE',  ( 1.000000000000000000, 0.000000000000000000, 0.000000000000000000 ) ) ;
#1937 = DIRECTION ( 'NONE',  ( -1.000000000000000000, 0.000000000000000000, 0.000000000000000000 ) ) ;
#1938 = FACE_OUTER_BOUND ( 'NONE', #134, .T. ) ;
#1939 = PLANE ( 'NONE',  #1594 ) ;
#1940 = FACE_OUTER_BOUND ( 'NONE', #838, .T. ) ;
#1941 = CARTESIAN_POINT ( 'NONE',  ( 0.000000000000000000, 0.000000000000000000, -0.3248031496062992463 ) ) ;
#1942 = EDGE_CURVE ( 'NONE', #3410, #420, #990, .T. ) ;
#1943 = CARTESIAN_POINT ( 'NONE',  ( -0.07874015748031495954, -0.03937007874015747977, -0.3248031496062992463 ) ) ;
#1944 = ORIENTED_EDGE ( 'NONE', *, *, #4132, .F. ) ;
#1945 = CARTESIAN_POINT ( 'NONE',  ( -0.07677165354330690861, -0.2952755905511811330, -0.1771653543307086798 ) ) ;
#1946 = LINE ( 'NONE', #58, #1326 ) ;
#1947 = ORIENTED_EDGE ( 'NONE', *, *, #3234, .T. ) ;
#1948 = SPHERICAL_SURFACE ( 'NONE', #1016, 0.007874015748031499423 ) ;
#1949 = EDGE_LOOP ( 'NONE', ( #1820, #1985 ) ) ;
#1950 = EDGE_LOOP ( 'NONE', ( #3819, #1383, #1402, #3055 ) ) ;
#1951 = VERTEX_POINT ( 'NONE', #518 ) ;
#1952 = EDGE_LOOP ( 'NONE', ( #3401, #2584, #4938, #1006, #432, #5148, #5626, #2946 ) ) ;
#1953 = DIRECTION ( 'NONE',  ( 1.000000000000000000, 0.000000000000000000, 0.000000000000000000 ) ) ;
#1954 = EDGE_CURVE ( 'NONE', #4681, #4730, #2316, .T. ) ;
#1955 = DIRECTION ( 'NONE',  ( -9.856383386231860060E-17, 0.000000000000000000, 1.000000000000000000 ) ) ;
#1956 = CARTESIAN_POINT ( 'NONE',  ( 0.1299212598425196763, -0.07283464566929134798, -0.3602362204724409711 ) ) ;
#1957 = ORIENTED_EDGE ( 'NONE', *, *, #2981, .F. ) ;
#1958 = CARTESIAN_POINT ( 'NONE',  ( -0.01968650586098433242, -0.2559055118110236116, -0.4291338582677165503 ) ) ;
#1959 = SURFACE_STYLE_FILL_AREA ( #2914 ) ;
#1960 = AXIS2_PLACEMENT_3D ( 'NONE', #4781, #3314, #5085 ) ;
#1961 = ORIENTED_EDGE ( 'NONE', *, *, #2669, .F. ) ;
#1962 = LINE ( 'NONE', #2972, #4329 ) ;
#1963 = CARTESIAN_POINT ( 'NONE',  ( 0.1181102362204724532, -0.08858267716535432601, -0.4271653543307086798 ) ) ;
#1964 = EDGE_CURVE ( 'NONE', #3752, #2116, #1689, .T. ) ;
#1965 = PLANE ( 'NONE',  #5211 ) ;
#1966 = VECTOR ( 'NONE', #1082, 39.37007874015748143 ) ;
#1967 = EDGE_CURVE ( 'NONE', #684, #1789, #4464, .T. ) ;
#1968 = CARTESIAN_POINT ( 'NONE',  ( 3.977691375183332546E-18, -0.03937007874015747977, -0.4202755905511811330 ) ) ;
#1969 = CARTESIAN_POINT ( 'NONE',  ( 0.07874015748031495954, -0.03937007874015747977, -0.4271653543307086798 ) ) ;
#1970 = CARTESIAN_POINT ( 'NONE',  ( 0.02657480314960630058, -0.2559055118110236116, -0.5039370078740157410 ) ) ;
#1971 = VECTOR ( 'NONE', #3545, 39.37007874015748143 ) ;
#1972 = AXIS2_PLACEMENT_3D ( 'NONE', #5339, #4835, #1225 ) ;
#1973 = CARTESIAN_POINT ( 'NONE',  ( -0.1455379536725980305, -0.3788029168491681697, -0.3838582677165354173 ) ) ;
#1974 = AXIS2_PLACEMENT_3D ( 'NONE', #2021, #4385, #3439 ) ;
#1975 = VECTOR ( 'NONE', #1744, 39.37007874015748143 ) ;
#1976 = ORIENTED_EDGE ( 'NONE', *, *, #3771, .F. ) ;
#1977 = LINE ( 'NONE', #2844, #1038 ) ;
#1978 = DIRECTION ( 'NONE',  ( 0.000000000000000000, 0.000000000000000000, 1.000000000000000000 ) ) ;
#1979 = ORIENTED_EDGE ( 'NONE', *, *, #2890, .T. ) ;
#1980 = FACE_OUTER_BOUND ( 'NONE', #475, .T. ) ;
#1981 = VECTOR ( 'NONE', #1196, 39.37007874015748143 ) ;
#1982 = AXIS2_PLACEMENT_3D ( 'NONE', #972, #1413, #3692 ) ;
#1983 = ORIENTED_EDGE ( 'NONE', *, *, #2190, .T. ) ;
#1984 = AXIS2_PLACEMENT_3D ( 'NONE', #226, #4211, #164 ) ;
#1985 = ORIENTED_EDGE ( 'NONE', *, *, #1785, .F. ) ;
#1986 = ORIENTED_EDGE ( 'NONE', *, *, #1615, .F. ) ;
#1987 = CARTESIAN_POINT ( 'NONE',  ( 0.1456692913385826960, -0.2390222439278940902, -0.3838582677165354173 ) ) ;
#1988 = CARTESIAN_POINT ( 'NONE',  ( -0.1181102362204724532, 0.1181102362204724532, -0.5118110236220472231 ) ) ;
#1989 = FACE_OUTER_BOUND ( 'NONE', #288, .T. ) ;
#1990 = EDGE_LOOP ( 'NONE', ( #4973, #2428, #1041, #2969, #4886, #5258, #4369, #1723, #3310, #235 ) ) ;
#1991 = CARTESIAN_POINT ( 'NONE',  ( 0.01120568047454582709, -0.2559055118110236116, -0.4763779527559054983 ) ) ;
#1992 = PRESENTATION_STYLE_ASSIGNMENT (( #2435 ) ) ;
#1993 = ORIENTED_EDGE ( 'NONE', *, *, #3947, .T. ) ;
#1994 = LINE ( 'NONE', #4747, #2540 ) ;
#1995 = EDGE_CURVE ( 'NONE', #4885, #2583, #355, .T. ) ;
#1996 = CARTESIAN_POINT ( 'NONE',  ( -0.09448818897637795144, -0.2893700787401574659, -0.1771653543307086520 ) ) ;
#1997 = DIRECTION ( 'NONE',  ( 0.000000000000000000, -1.000000000000000000, 0.000000000000000000 ) ) ;
#1998 = VECTOR ( 'NONE', #4282, 39.37007874015748143 ) ;
#1999 = DIRECTION ( 'NONE',  ( 0.000000000000000000, 1.000000000000000000, 0.000000000000000000 ) ) ;
#2000 = FACE_OUTER_BOUND ( 'NONE', #307, .T. ) ;
#2001 = DIRECTION ( 'NONE',  ( 0.000000000000000000, 0.000000000000000000, -1.000000000000000000 ) ) ;
#2002 = EDGE_CURVE ( 'NONE', #3696, #4527, #4768, .T. ) ;
#2003 = VECTOR ( 'NONE', #1571, 39.37007874015748143 ) ;
#2004 = EDGE_CURVE ( 'NONE', #1349, #3560, #2968, .T. ) ;
#2005 = CARTESIAN_POINT ( 'NONE',  ( -0.09448818897637795144, -0.2952755905511810774, -0.1594488188976377896 ) ) ;
#2006 = EDGE_CURVE ( 'NONE', #2549, #909, #3847, .T. ) ;
#2007 = AXIS2_PLACEMENT_3D ( 'NONE', #3024, #4351, #300 ) ;
#2008 = CLOSED_SHELL ( 'NONE', ( #1028, #2440, #4023, #1657, #2548, #2423, #1098, #5014, #4208, #5829, #4989, #5226, #2178, #2980, #4939, #2798, #203, #4194, #5186, #3739, #958, #5146, #3375, #634, #3817, #2952, #3783, #201, #3408, #5433, #4157, #2698, #4815, #3775, #1310, #129 ) ) ;
#2009 = VERTEX_POINT ( 'NONE', #4317 ) ;
#2010 = LINE ( 'NONE', #559, #3498 ) ;
#2011 = DIRECTION ( 'NONE',  ( 0.000000000000000000, 0.000000000000000000, 1.000000000000000000 ) ) ;
#2012 = ORIENTED_EDGE ( 'NONE', *, *, #1888, .T. ) ;
#2013 = ORIENTED_EDGE ( 'NONE', *, *, #5428, .F. ) ;
#2014 = ORIENTED_EDGE ( 'NONE', *, *, #2736, .F. ) ;
#2015 = ORIENTED_EDGE ( 'NONE', *, *, #3164, .T. ) ;
#2016 = ADVANCED_FACE ( 'NONE', ( #1989 ), #3995, .F. ) ;
#2017 = DIRECTION ( 'NONE',  ( 0.000000000000000000, 0.000000000000000000, -1.000000000000000000 ) ) ;
#2018 = DIRECTION ( 'NONE',  ( 0.000000000000000000, 0.000000000000000000, -1.000000000000000000 ) ) ;
#2019 = ORIENTED_EDGE ( 'NONE', *, *, #1813, .T. ) ;
#2020 = CARTESIAN_POINT ( 'NONE',  ( 2.612516601263260330E-06, -0.2362204724409449064, -0.4856786286371078676 ) ) ;
#2021 = CARTESIAN_POINT ( 'NONE',  ( 0.1181102362204724532, -0.2559055118110236116, -0.5118110236220472231 ) ) ;
#2022 = ORIENTED_EDGE ( 'NONE', *, *, #1765, .T. ) ;
#2023 = DIRECTION ( 'NONE',  ( 0.000000000000000000, -1.008560160451631851E-16, 1.000000000000000000 ) ) ;
#2024 = PLANE ( 'NONE',  #166 ) ;
#2025 = CARTESIAN_POINT ( 'NONE',  ( -0.1181102362204724532, -0.2559055118110236116, -0.5118110236220472231 ) ) ;
#2026 = EDGE_CURVE ( 'NONE', #5471, #2882, #5194, .T. ) ;
#2027 = DIRECTION ( 'NONE',  ( 0.000000000000000000, 0.000000000000000000, -1.000000000000000000 ) ) ;
#2028 = FACE_OUTER_BOUND ( 'NONE', #1350, .T. ) ;
#2029 = DIRECTION ( 'NONE',  ( 0.6420295601556550436, -0.7666798835800611167, 0.000000000000000000 ) ) ;
#2030 = CARTESIAN_POINT ( 'NONE',  ( 0.1456692913385826960, -0.2637795275590551491, -0.4271653543307086798 ) ) ;
#2031 = EDGE_CURVE ( 'NONE', #2566, #4799, #5767, .T. ) ;
#2032 = EDGE_CURVE ( 'NONE', #3822, #5471, #5093, .T. ) ;
#2033 = CARTESIAN_POINT ( 'NONE',  ( -0.1577890804802433156, -0.3641732283464567121, -0.3248031496062992463 ) ) ;
#2034 = DIRECTION ( 'NONE',  ( 0.000000000000000000, 1.000000000000000000, 0.000000000000000000 ) ) ;
#2035 = EDGE_LOOP ( 'NONE', ( #5720, #3787, #1455, #3565, #4465, #4226, #5531, #1868, #3882, #5436, #2654, #273, #4772, #2696, #2851, #4306, #4945, #20, #2963, #1257, #5644, #3089 ) ) ;
#2036 = CARTESIAN_POINT ( 'NONE',  ( -0.07874015748031495954, -0.08858267716535432601, -0.3818897637795276023 ) ) ;
#2037 = EDGE_CURVE ( 'NONE', #1366, #477, #382, .T. ) ;
#2038 = ORIENTED_EDGE ( 'NONE', *, *, #2289, .F. ) ;
#2039 = EDGE_CURVE ( 'NONE', #98, #5127, #2671, .T. ) ;
#2040 = ORIENTED_EDGE ( 'NONE', *, *, #3452, .F. ) ;
#2041 = ORIENTED_EDGE ( 'NONE', *, *, #1019, .F. ) ;
#2042 = PLANE ( 'NONE',  #2957 ) ;
#2043 = CARTESIAN_POINT ( 'NONE',  ( 0.1316184678167437172, -0.2725717138055228639, -0.3838582677165354173 ) ) ;
#2044 = ORIENTED_EDGE ( 'NONE', *, *, #4731, .T. ) ;
#2045 = CARTESIAN_POINT ( 'NONE',  ( -0.04022578809885425655, -0.2561043307086614540, -0.4527559055118110520 ) ) ;
#2046 =( NAMED_UNIT ( * ) SI_UNIT ( $, .STERADIAN. ) SOLID_ANGLE_UNIT ( ) );
#2047 = ORIENTED_EDGE ( 'NONE', *, *, #4960, .T. ) ;
#2048 = DIRECTION ( 'NONE',  ( -1.000000000000000000, 0.000000000000000000, 0.000000000000000000 ) ) ;
#2049 = LINE ( 'NONE', #1193, #1774 ) ;
#2050 = FACE_OUTER_BOUND ( 'NONE', #1950, .T. ) ;
#2051 = CARTESIAN_POINT ( 'NONE',  ( -0.1515748031496063075, -0.2637795275590551491, -0.3248031496062992463 ) ) ;
#2052 = CIRCLE ( 'NONE', #5732, 0.02460629921259842659 ) ;
#2053 = DIRECTION ( 'NONE',  ( 2.168404344971012812E-15, 1.000000000000000000, 0.000000000000000000 ) ) ;
#2054 = CARTESIAN_POINT ( 'NONE',  ( -0.09842519685039370636, -0.07283464566929134798, -0.3602362204724409711 ) ) ;
#2055 = CARTESIAN_POINT ( 'NONE',  ( 0.1299212598425196763, -0.09645669291338582196, -0.4271653543307086798 ) ) ;
#2056 = VECTOR ( 'NONE', #5020, 39.37007874015748143 ) ;
#2057 = DIRECTION ( 'NONE',  ( 0.000000000000000000, 1.000000000000000000, 0.000000000000000000 ) ) ;
#2058 = VECTOR ( 'NONE', #5786, 39.37007874015748143 ) ;
#2059 = DIRECTION ( 'NONE',  ( 0.000000000000000000, 0.000000000000000000, 1.000000000000000000 ) ) ;
#2060 = AXIS2_PLACEMENT_3D ( 'NONE', #2789, #4587, #539 ) ;
#2061 = CARTESIAN_POINT ( 'NONE',  ( -0.1318897637795275746, -0.3641732283464567121, -0.3543307086614173040 ) ) ;
#2062 = ORIENTED_EDGE ( 'NONE', *, *, #5036, .F. ) ;
#2063 = ADVANCED_FACE ( 'NONE', ( #4289 ), #240, .T. ) ;
#2064 = AXIS2_PLACEMENT_3D ( 'NONE', #3057, #4861, #3972 ) ;
#2065 = DIRECTION ( 'NONE',  ( 1.000000000000000000, 0.000000000000000000, 0.000000000000000000 ) ) ;
#2066 = AXIS2_PLACEMENT_3D ( 'NONE', #4202, #3322, #5099 ) ;
#2067 = ORIENTED_EDGE ( 'NONE', *, *, #296, .T. ) ;
#2068 = ORIENTED_EDGE ( 'NONE', *, *, #2462, .T. ) ;
#2069 = ORIENTED_EDGE ( 'NONE', *, *, #2713, .T. ) ;
#2070 = VECTOR ( 'NONE', #728, 39.37007874015748143 ) ;
#2071 = VECTOR ( 'NONE', #4456, 39.37007874015748143 ) ;
#2072 = DIRECTION ( 'NONE',  ( 1.000000000000000000, -2.168404344971015179E-15, 0.000000000000000000 ) ) ;
#2073 = EDGE_CURVE ( 'NONE', #3440, #38, #4433, .T. ) ;
#2074 = EDGE_CURVE ( 'NONE', #577, #826, #5625, .T. ) ;
#2075 = AXIS2_PLACEMENT_3D ( 'NONE', #52, #3662, #5051 ) ;
#2076 = DIRECTION ( 'NONE',  ( 1.000000000000000000, 0.000000000000000000, 0.000000000000000000 ) ) ;
#2077 = VECTOR ( 'NONE', #4092, 39.37007874015748854 ) ;
#2078 = EDGE_CURVE ( 'NONE', #891, #261, #3077, .T. ) ;
#2079 = ORIENTED_EDGE ( 'NONE', *, *, #2189, .T. ) ;
#2080 = CARTESIAN_POINT ( 'NONE',  ( 0.009081080908465551105, -0.2360236220472441138, -0.4210721789020433481 ) ) ;
#2081 =( NAMED_UNIT ( * ) PLANE_ANGLE_UNIT ( ) SI_UNIT ( $, .RADIAN. ) );
#2082 = VERTEX_POINT ( 'NONE', #1101 ) ;
#2083 = LINE ( 'NONE', #4800, #3764 ) ;
#2084 = ORIENTED_EDGE ( 'NONE', *, *, #3230, .F. ) ;
#2085 = DIRECTION ( 'NONE',  ( 0.000000000000000000, -1.000000000000000000, 0.000000000000000000 ) ) ;
#2086 = CARTESIAN_POINT ( 'NONE',  ( 0.1496062992125984370, -0.3385826771653543399, -0.3838582677165354173 ) ) ;
#2087 = DIRECTION ( 'NONE',  ( 0.000000000000000000, -1.000000000000000000, 0.000000000000000000 ) ) ;
#2088 = VERTEX_POINT ( 'NONE', #828 ) ;
#2089 = CARTESIAN_POINT ( 'NONE',  ( -0.1577890804802433156, -0.3641732283464567121, -0.3838582677165354173 ) ) ;
#2090 = CARTESIAN_POINT ( 'NONE',  ( -0.1437007874015747977, -0.2637795275590551491, -0.3838582677165354173 ) ) ;
#2091 = PLANE ( 'NONE',  #2446 ) ;
#2092 = LINE ( 'NONE', #4672, #3374 ) ;
#2093 = CIRCLE ( 'NONE', #4546, 0.007874015748031499423 ) ;
#2094 = CARTESIAN_POINT ( 'NONE',  ( -0.01636592371413858257, -0.2362204724409449064, -0.4808116963743819250 ) ) ;
#2095 = AXIS2_PLACEMENT_3D ( 'NONE', #4036, #4096, #3690 ) ;
#2096 = CARTESIAN_POINT ( 'NONE',  ( -0.02362204724409448786, 0.09842519685039370636, -0.5118110236220472231 ) ) ;
#2097 = CARTESIAN_POINT ( 'NONE',  ( 0.1456692913385826960, -0.2637795275590551491, -0.3838582677165354173 ) ) ;
#2098 = ORIENTED_EDGE ( 'NONE', *, *, #664, .T. ) ;
#2099 = CARTESIAN_POINT ( 'NONE',  ( -0.1181102362204724532, -0.1850393700787401619, -0.3248031496062992463 ) ) ;
#2100 = AXIS2_PLACEMENT_3D ( 'NONE', #1831, #3643, #2390 ) ;
#2101 = EDGE_CURVE ( 'NONE', #615, #5828, #1412, .T. ) ;
#2102 = EDGE_LOOP ( 'NONE', ( #3109, #2129, #2285, #887 ) ) ;
#2103 = DIRECTION ( 'NONE',  ( 0.000000000000000000, -2.312964634635740689E-15, 1.000000000000000000 ) ) ;
#2104 = ORIENTED_EDGE ( 'NONE', *, *, #87, .F. ) ;
#2105 = DIRECTION ( 'NONE',  ( 0.000000000000000000, 0.000000000000000000, 1.000000000000000000 ) ) ;
#2106 = EDGE_CURVE ( 'NONE', #859, #2702, #2636, .T. ) ;
#2107 = ORIENTED_EDGE ( 'NONE', *, *, #152, .T. ) ;
#2108 = CARTESIAN_POINT ( 'NONE',  ( 0.03383624429212319512, -0.2360236220472441138, -0.4527559055118110520 ) ) ;
#2109 = EDGE_CURVE ( 'NONE', #3816, #4167, #1162, .T. ) ;
#2110 = ORIENTED_EDGE ( 'NONE', *, *, #5119, .F. ) ;
#2111 = LINE ( 'NONE', #5691, #5282 ) ;
#2112 = ORIENTED_EDGE ( 'NONE', *, *, #1019, .T. ) ;
#2113 = LINE ( 'NONE', #4775, #5770 ) ;
#2114 = SPHERICAL_SURFACE ( 'NONE', #776, 0.007874015748031709325 ) ;
#2115 = DIRECTION ( 'NONE',  ( 1.000000000000000000, -2.168404344971005318E-15, 0.000000000000000000 ) ) ;
#2116 = VERTEX_POINT ( 'NONE', #2941 ) ;
#2117 = DIRECTION ( 'NONE',  ( -1.000000000000000000, 0.000000000000000000, 0.000000000000000000 ) ) ;
#2118 = EDGE_CURVE ( 'NONE', #642, #1769, #3394, .T. ) ;
#2119 = CARTESIAN_POINT ( 'NONE',  ( -0.1318897637795275746, -0.3838582677165354173, -0.3838582677165354173 ) ) ;
#2120 = CARTESIAN_POINT ( 'NONE',  ( -4.173508357726834973E-12, -0.2362207185654496278, -0.4202743862002913389 ) ) ;
#2121 = PLANE ( 'NONE',  #4555 ) ;
#2122 = CARTESIAN_POINT ( 'NONE',  ( -0.05905511811023622659, -0.08858267716535432601, -0.4074803149606299191 ) ) ;
#2123 = CARTESIAN_POINT ( 'NONE',  ( 0.1496062992125984370, -0.2480314960629921295, -0.1535433070866141780 ) ) ;
#2124 = ORIENTED_EDGE ( 'NONE', *, *, #5641, .T. ) ;
#2125 = ORIENTED_EDGE ( 'NONE', *, *, #1632, .T. ) ;
#2126 = B_SPLINE_CURVE_WITH_KNOTS ( 'NONE', 3,
 ( #3464, #4829, #3931, #5736, #3500, #802 ),
 .UNSPECIFIED., .F., .F.,
 ( 4, 2, 4 ),
 ( 4.336808689942017736E-19, 0.0001949819585228301680, 0.0003899639170456599023 ),
 .UNSPECIFIED. ) ;
#2127 = ORIENTED_EDGE ( 'NONE', *, *, #2898, .T. ) ;
#2128 = ORIENTED_EDGE ( 'NONE', *, *, #2216, .T. ) ;
#2129 = ORIENTED_EDGE ( 'NONE', *, *, #3903, .F. ) ;
#2130 = DIRECTION ( 'NONE',  ( 0.000000000000000000, 0.000000000000000000, 1.000000000000000000 ) ) ;
#2131 = DIRECTION ( 'NONE',  ( 1.224646799147353207E-16, -5.901176534057697825E-31, 1.000000000000000000 ) ) ;
#2132 = ORIENTED_EDGE ( 'NONE', *, *, #5524, .T. ) ;
#2133 = FACE_OUTER_BOUND ( 'NONE', #3623, .T. ) ;
#2134 = CARTESIAN_POINT ( 'NONE',  ( -0.09055118110236221041, -0.2165354330708661457, -0.4251968503937008093 ) ) ;
#2135 = ORIENTED_EDGE ( 'NONE', *, *, #1427, .T. ) ;
#2136 = CARTESIAN_POINT ( 'NONE',  ( 0.1456692913385826960, -0.07283464566929134798, -0.3602362204724409711 ) ) ;
#2137 = VERTEX_POINT ( 'NONE', #2277 ) ;
#2138 = B_SPLINE_CURVE_WITH_KNOTS ( 'NONE', 3,
 ( #524, #4959, #5458, #548 ),
 .UNSPECIFIED., .F., .F.,
 ( 4, 4 ),
 ( 0.000000000000000000, 0.0004379039058503957364 ),
 .UNSPECIFIED. ) ;
#2139 = EDGE_CURVE ( 'NONE', #4254, #4954, #507, .T. ) ;
#2140 = CARTESIAN_POINT ( 'NONE',  ( 0.1474155162359375992, -0.3789135429223114415, -0.3838582677165354173 ) ) ;
#2141 = DIRECTION ( 'NONE',  ( 0.000000000000000000, 0.000000000000000000, -1.000000000000000000 ) ) ;
#2142 = CARTESIAN_POINT ( 'NONE',  ( 0.02362204724409448786, 0.07874015748031495954, -0.5118110236220472231 ) ) ;
#2143 = ORIENTED_EDGE ( 'NONE', *, *, #818, .F. ) ;
#2144 = PLANE ( 'NONE',  #2459 ) ;
#2145 = LINE ( 'NONE', #4480, #467 ) ;
#2146 = DIRECTION ( 'NONE',  ( 0.000000000000000000, 0.000000000000000000, -1.000000000000000000 ) ) ;
#2147 = EDGE_CURVE ( 'NONE', #1592, #2631, #1, .T. ) ;
#2148 = ORIENTED_EDGE ( 'NONE', *, *, #558, .F. ) ;
#2149 = DIRECTION ( 'NONE',  ( 0.000000000000000000, 0.000000000000000000, -1.000000000000000000 ) ) ;
#2150 = AXIS2_PLACEMENT_3D ( 'NONE', #3343, #4367, #1452 ) ;
#2151 = EDGE_CURVE ( 'NONE', #2380, #1608, #5654, .T. ) ;
#2152 = CARTESIAN_POINT ( 'NONE',  ( 0.1574803149606299191, -0.2480314960629921295, -0.04724409448818897572 ) ) ;
#2153 = DIRECTION ( 'NONE',  ( 0.000000000000000000, -1.000000000000000000, 0.000000000000000000 ) ) ;
#2154 = VERTEX_POINT ( 'NONE', #2808 ) ;
#2155 = VECTOR ( 'NONE', #2085, 39.37007874015748143 ) ;
#2156 = ORIENTED_EDGE ( 'NONE', *, *, #3414, .F. ) ;
#2157 = EDGE_LOOP ( 'NONE', ( #4638, #2406, #2901 ) ) ;
#2158 = DIRECTION ( 'NONE',  ( -9.856383386231860060E-17, 0.000000000000000000, 1.000000000000000000 ) ) ;
#2159 = EDGE_LOOP ( 'NONE', ( #2128, #1709, #3552, #4020, #3990, #2014, #1245, #3905 ) ) ;
#2160 = CARTESIAN_POINT ( 'NONE',  ( 0.1299212598425196763, -0.1852428974198401246, -0.4253955510670653917 ) ) ;
#2161 = VECTOR ( 'NONE', #3720, 39.37007874015748854 ) ;
#2162 = AXIS2_PLACEMENT_3D ( 'NONE', #2743, #4541, #3267 ) ;
#2163 = VECTOR ( 'NONE', #2850, 39.37007874015748143 ) ;
#2164 = DIRECTION ( 'NONE',  ( 1.000000000000000000, 0.000000000000000000, 0.000000000000000000 ) ) ;
#2165 = VECTOR ( 'NONE', #3943, 39.37007874015748143 ) ;
#2166 = VECTOR ( 'NONE', #901, 39.37007874015748143 ) ;
#2167 = ORIENTED_EDGE ( 'NONE', *, *, #229, .T. ) ;
#2168 = CARTESIAN_POINT ( 'NONE',  ( 0.04016252528888669682, -0.2559055118110236116, -0.4527559055118110520 ) ) ;
#2169 = DIRECTION ( 'NONE',  ( 1.000000000000000000, 0.000000000000000000, 0.000000000000000000 ) ) ;
#2170 = ORIENTED_EDGE ( 'NONE', *, *, #1741, .F. ) ;
#2171 = CARTESIAN_POINT ( 'NONE',  ( -0.08661417322834646937, 1.060717700048888628E-17, -0.3248031496062992463 ) ) ;
#2172 = EDGE_LOOP ( 'NONE', ( #3927, #4064, #1819, #2135 ) ) ;
#2173 = VECTOR ( 'NONE', #2359, 39.37007874015748143 ) ;
#2174 = VECTOR ( 'NONE', #1203, 39.37007874015748143 ) ;
#2175 = LINE ( 'NONE', #2140, #3978 ) ;
#2176 = CARTESIAN_POINT ( 'NONE',  ( -0.09448818897637795144, -0.2952755905511810774, -0.1771653543307086520 ) ) ;
#2177 = CARTESIAN_POINT ( 'NONE',  ( 0.1181102362204724532, -0.1850393700787401619, -0.3838582677165354173 ) ) ;
#2178 = ADVANCED_FACE ( 'NONE', ( #421 ), #3143, .F. ) ;
#2179 = VECTOR ( 'NONE', #1647, 39.37007874015748143 ) ;
#2180 = DIRECTION ( 'NONE',  ( 0.000000000000000000, 0.000000000000000000, -1.000000000000000000 ) ) ;
#2181 = LINE ( 'NONE', #1735, #1971 ) ;
#2182 = CYLINDRICAL_SURFACE ( 'NONE', #3006, 0.007874015748031499423 ) ;
#2183 = DIRECTION ( 'NONE',  ( 0.7666798835800606726, 0.6420295601556558207, 0.000000000000000000 ) ) ;
#2184 = EDGE_CURVE ( 'NONE', #3843, #1733, #4019, .T. ) ;
#2185 = DIRECTION ( 'NONE',  ( 0.000000000000000000, 0.000000000000000000, -1.000000000000000000 ) ) ;
#2186 = CARTESIAN_POINT ( 'NONE',  ( 0.1299212598425196763, -0.1852428974198401246, -0.4253955510670653917 ) ) ;
#2187 = VERTEX_POINT ( 'NONE', #3666 ) ;
#2188 = AXIS2_PLACEMENT_3D ( 'NONE', #1781, #3123, #3235 ) ;
#2189 = EDGE_CURVE ( 'NONE', #5185, #3382, #3170, .T. ) ;
#2190 = EDGE_CURVE ( 'NONE', #4616, #3938, #4550, .T. ) ;
#2191 = ORIENTED_EDGE ( 'NONE', *, *, #3589, .T. ) ;
#2192 = VECTOR ( 'NONE', #2239, 39.37007874015748143 ) ;
#2193 = EDGE_LOOP ( 'NONE', ( #1548, #5529, #2763, #2517, #5646, #2700 ) ) ;
#2194 = DIRECTION ( 'NONE',  ( -8.673617379884039416E-16, 0.000000000000000000, 1.000000000000000000 ) ) ;
#2195 = VERTEX_POINT ( 'NONE', #913 ) ;
#2196 = DIRECTION ( 'NONE',  ( 0.000000000000000000, 1.000000000000000000, 0.000000000000000000 ) ) ;
#2197 = CIRCLE ( 'NONE', #2100, 0.02362204724409448092 ) ;
#2198 = CARTESIAN_POINT ( 'NONE',  ( 0.000000000000000000, -0.03248031496062992601, -0.03346456692913385433 ) ) ;
#2199 = EDGE_LOOP ( 'NONE', ( #4585, #646 ) ) ;
#2200 = ORIENTED_EDGE ( 'NONE', *, *, #3534, .F. ) ;
#2201 = CARTESIAN_POINT ( 'NONE',  ( 0.09055118110236221041, -0.2559055118110236116, -0.4251968503937008093 ) ) ;
#2202 = ORIENTED_EDGE ( 'NONE', *, *, #2396, .F. ) ;
#2203 = EDGE_CURVE ( 'NONE', #154, #5238, #1219, .T. ) ;
#2204 = LINE ( 'NONE', #4111, #4447 ) ;
#2205 = CARTESIAN_POINT ( 'NONE',  ( -0.1181102362204724532, -0.1653543307086614012, -0.3248031496062992463 ) ) ;
#2206 = LINE ( 'NONE', #494, #1912 ) ;
#2207 = VERTEX_POINT ( 'NONE', #5469 ) ;
#2208 = PLANE ( 'NONE',  #1701 ) ;
#2209 = CARTESIAN_POINT ( 'NONE',  ( -0.1364826794570854485, -0.3712198905481169930, -0.3256563072627974287 ) ) ;
#2210 = DIRECTION ( 'NONE',  ( 1.000000000000000000, -2.168404344971005318E-15, 0.000000000000000000 ) ) ;
#2211 = ORIENTED_EDGE ( 'NONE', *, *, #3832, .T. ) ;
#2212 = DIRECTION ( 'NONE',  ( 0.000000000000000000, 0.000000000000000000, 1.000000000000000000 ) ) ;
#2213 = CARTESIAN_POINT ( 'NONE',  ( -0.1102362204724409434, -0.1771653543307086520, -0.5118110236220472231 ) ) ;
#2214 = CARTESIAN_POINT ( 'NONE',  ( 0.1181102362204724532, -0.1456692913385826960, -0.3838582677165354173 ) ) ;
#2215 = ORIENTED_EDGE ( 'NONE', *, *, #3771, .T. ) ;
#2216 = EDGE_CURVE ( 'NONE', #18, #2259, #2694, .T. ) ;
#2217 = ORIENTED_EDGE ( 'NONE', *, *, #2625, .F. ) ;
#2218 = ORIENTED_EDGE ( 'NONE', *, *, #3200, .T. ) ;
#2219 = CARTESIAN_POINT ( 'NONE',  ( 0.1299212598425196763, -0.3838582677165354173, -0.3838582677165354173 ) ) ;
#2220 =( BOUNDED_CURVE ( )  B_SPLINE_CURVE ( 3, ( #5493, #3246, #3779, #3273 ),
 .UNSPECIFIED., .F., .F. ) 
 B_SPLINE_CURVE_WITH_KNOTS ( ( 4, 4 ),
 ( 1.570796326794895004, 2.093477728131644788 ),
 .UNSPECIFIED. ) 
 CURVE ( )  GEOMETRIC_REPRESENTATION_ITEM ( )  RATIONAL_B_SPLINE_CURVE ( ( 1.000000000000000000, 0.9773629610917680122, 0.9773629610917680122, 1.000000000000000000 ) ) 
 REPRESENTATION_ITEM ( '' )  );
#2221 = ORIENTED_EDGE ( 'NONE', *, *, #3159, .T. ) ;
#2222 = B_SPLINE_SURFACE_WITH_KNOTS ( 'NONE', 3, 1, ( 
 ( #2278, #745, #305 ),
 ( #4079, #33, #1834 ),
 ( #5219, #4407, #5273 ),
 ( #2168, #1164, #2108 ),
 ( #4770, #3906, #3933 ),
 ( #4319, #712, #3971 ),
 ( #3879, #5687, #1635 ),
 ( #5712, #1691, #3502 ),
 ( #1067, #1893, #3726 ),
 ( #617, #1034, #532 ),
 ( #948, #3195, #88 ),
 ( #2393, #119, #5528 ),
 ( #4996, #3699, #4161 ),
 ( #4642, #1450, #4606 ),
 ( #4551, #3668, #2845 ),
 ( #5117, #2871, #508 ),
 ( #5555, #3751, #5083 ),
 ( #2307, #5470, #978 ),
 ( #1506, #4192, #5502 ),
 ( #2783, #2754, #5031 ),
 ( #3252, #4103, #4581 ),
 ( #2809, #2367, #560 ) ),
 .UNSPECIFIED., .T., .F., .F.,
 ( 4, 1, 1, 1, 2, 1, 1, 1, 2, 1, 1, 1, 2, 1, 1, 1, 4 ),
 ( 2, 1, 2 ),
 ( 0.000000000000000000, 0.08706372975324749852, 0.1741274595064949970, 0.2611911892597424956, 0.3482549190129899941, 0.3861911892597424956, 0.4241274595064949970, 0.4620637297532479981, 0.5000000000000000000, 0.5870637297532480536, 0.6741274595064949970, 0.7611911892597430507, 0.8482549190129901051, 0.8861911892597430507, 0.9241274595064949970, 0.9620637297532480536, 1.000000000000000000 ),
 ( 0.000000000000000000, 1.000000000000000000, 1.010000000000000009 ),
 .UNSPECIFIED. ) ;
#2223 = CARTESIAN_POINT ( 'NONE',  ( -0.1240157480314960647, -0.1653543307086614012, -0.3838582677165354173 ) ) ;
#2224 = EDGE_CURVE ( 'NONE', #5266, #1800, #5388, .T. ) ;
#2225 = CARTESIAN_POINT ( 'NONE',  ( -0.03444881889763779653, -0.1771653543307086520, -0.3838582677165354173 ) ) ;
#2226 = EDGE_CURVE ( 'NONE', #3938, #325, #4102, .T. ) ;
#2227 = ORIENTED_EDGE ( 'NONE', *, *, #1066, .T. ) ;
#2228 = ORIENTED_EDGE ( 'NONE', *, *, #4052, .F. ) ;
#2229 = CARTESIAN_POINT ( 'NONE',  ( -0.09055118110236221041, -0.2165354330708661457, -0.4251968503937008093 ) ) ;
#2230 = DIRECTION ( 'NONE',  ( 0.000000000000000000, 0.000000000000000000, -1.000000000000000000 ) ) ;
#2231 = DIRECTION ( 'NONE',  ( -1.000000000000000000, 0.000000000000000000, 0.000000000000000000 ) ) ;
#2232 = CARTESIAN_POINT ( 'NONE',  ( 0.1574803149606299191, -0.2480314960629921295, -0.1535433070866141780 ) ) ;
#2233 = LINE ( 'NONE', #3181, #357 ) ;
#2234 = ORIENTED_EDGE ( 'NONE', *, *, #4107, .F. ) ;
#2235 = EDGE_LOOP ( 'NONE', ( #5678, #3797, #5645, #400 ) ) ;
#2236 = DIRECTION ( 'NONE',  ( 0.000000000000000000, -1.000000000000000000, 0.000000000000000000 ) ) ;
#2237 = PLANE ( 'NONE',  #1215 ) ;
#2238 = DIRECTION ( 'NONE',  ( 0.000000000000000000, 1.000000000000000000, 1.008560160451631851E-16 ) ) ;
#2239 = DIRECTION ( 'NONE',  ( -1.000000000000000000, 0.000000000000000000, 2.478176394252580155E-15 ) ) ;
#2240 = CARTESIAN_POINT ( 'NONE',  ( -0.1334704877588005767, -0.2715083398372629686, -0.3248031496062992463 ) ) ;
#2241 = CARTESIAN_POINT ( 'NONE',  ( -0.1574803149606299191, 0.1574803149606299191, -0.007874015748031495954 ) ) ;
#2242 = ORIENTED_EDGE ( 'NONE', *, *, #2073, .T. ) ;
#2243 = EDGE_LOOP ( 'NONE', ( #754, #1933, #681, #561 ) ) ;
#2244 = AXIS2_PLACEMENT_3D ( 'NONE', #510, #916, #2697 ) ;
#2245 = DIRECTION ( 'NONE',  ( 1.000000000000000000, 0.000000000000000000, 0.000000000000000000 ) ) ;
#2246 = VERTEX_POINT ( 'NONE', #4580 ) ;
#2247 = ADVANCED_FACE ( 'NONE', ( #531 ), #1384, .F. ) ;
#2248 = FACE_OUTER_BOUND ( 'NONE', #5189, .T. ) ;
#2249 = DIRECTION ( 'NONE',  ( 0.000000000000000000, 1.000000000000000000, 0.000000000000000000 ) ) ;
#2250 =( BOUNDED_CURVE ( )  B_SPLINE_CURVE ( 3, ( #5545, #1492, #3299, #5107 ),
 .UNSPECIFIED., .F., .F. ) 
 B_SPLINE_CURVE_WITH_KNOTS ( ( 4, 4 ),
 ( 1.570796326794895004, 1.811768641276404912 ),
 .UNSPECIFIED. ) 
 CURVE ( )  GEOMETRIC_REPRESENTATION_ITEM ( )  RATIONAL_B_SPLINE_CURVE ( ( 1.000000000000000000, 0.9951668797167899649, 0.9951668797167899649, 1.000000000000000000 ) ) 
 REPRESENTATION_ITEM ( '' )  );
#2251 = ORIENTED_EDGE ( 'NONE', *, *, #4449, .T. ) ;
#2252 = EDGE_CURVE ( 'NONE', #4623, #3852, #32, .T. ) ;
#2253 = AXIS2_PLACEMENT_3D ( 'NONE', #5814, #5317, #4844 ) ;
#2254 = ORIENTED_EDGE ( 'NONE', *, *, #5170, .F. ) ;
#2255 = VECTOR ( 'NONE', #1927, 39.37007874015748143 ) ;
#2256 = CARTESIAN_POINT ( 'NONE',  ( 0.1299212598425196763, -0.07283464566929134798, -0.4271653543307086798 ) ) ;
#2257 = EDGE_CURVE ( 'NONE', #3382, #1332, #57, .T. ) ;
#2258 = DIRECTION ( 'NONE',  ( -1.000000000000000000, 0.000000000000000000, 0.000000000000000000 ) ) ;
#2259 = VERTEX_POINT ( 'NONE', #3698 ) ;
#2260 = EDGE_CURVE ( 'NONE', #766, #2703, #5293, .T. ) ;
#2261 = COLOUR_RGB ( '',0.7921568627450980005, 0.8196078431372548767, 0.9333333333333333481 ) ;
#2262 = DIRECTION ( 'NONE',  ( 1.000000000000000000, -2.168404344971005318E-15, 0.000000000000000000 ) ) ;
#2263 = VECTOR ( 'NONE', #5655, 39.37007874015748143 ) ;
#2264 = DIRECTION ( 'NONE',  ( 0.000000000000000000, -1.000000000000000000, 0.000000000000000000 ) ) ;
#2265 = ORIENTED_EDGE ( 'NONE', *, *, #4960, .F. ) ;
#2266 = DIRECTION ( 'NONE',  ( -1.652117596168389975E-16, 1.000000000000000000, 0.000000000000000000 ) ) ;
#2267 = DIRECTION ( 'NONE',  ( -0.6420295601556550436, 0.7666798835800611167, 0.000000000000000000 ) ) ;
#2268 = AXIS2_PLACEMENT_3D ( 'NONE', #1204, #1150, #3867 ) ;
#2269 = CIRCLE ( 'NONE', #3778, 0.007874015748031499423 ) ;
#2270 = CARTESIAN_POINT ( 'NONE',  ( 0.02657480314960630058, -0.2165354330708661457, -0.5039370078740157410 ) ) ;
#2271 = DIRECTION ( 'NONE',  ( 0.000000000000000000, 0.000000000000000000, 1.000000000000000000 ) ) ;
#2272 = CARTESIAN_POINT ( 'NONE',  ( 0.1181102362204724532, -0.03937007874015747977, -0.4271653543307086798 ) ) ;
#2273 = SPHERICAL_SURFACE ( 'NONE', #3869, 0.007874015748031619119 ) ;
#2274 = ORIENTED_EDGE ( 'NONE', *, *, #708, .T. ) ;
#2275 = EDGE_CURVE ( 'NONE', #1221, #3822, #5098, .T. ) ;
#2276 = ORIENTED_EDGE ( 'NONE', *, *, #1776, .F. ) ;
#2277 = CARTESIAN_POINT ( 'NONE',  ( -0.08661417322834646937, 1.060717700048888628E-17, 0.000000000000000000 ) ) ;
#2278 = CARTESIAN_POINT ( 'NONE',  ( 0.01377952754474942934, -0.2559055118110236116, -0.4291338582677165503 ) ) ;
#2279 = VERTEX_POINT ( 'NONE', #5439 ) ;
#2280 = DIRECTION ( 'NONE',  ( -0.7071067811865504593, 0.7071067811865444641, 0.000000000000000000 ) ) ;
#2281 = AXIS2_PLACEMENT_3D ( 'NONE', #2618, #5278, #1229 ) ;
#2282 = ADVANCED_FACE ( 'NONE', ( #3251 ), #1505, .F. ) ;
#2283 = CARTESIAN_POINT ( 'NONE',  ( -0.02657480314960630058, -0.2559055118110236116, -0.4251968503937008093 ) ) ;
#2284 = ORIENTED_EDGE ( 'NONE', *, *, #3135, .T. ) ;
#2285 = ORIENTED_EDGE ( 'NONE', *, *, #5147, .F. ) ;
#2286 = PLANE ( 'NONE',  #4330 ) ;
#2287 = DIRECTION ( 'NONE',  ( -1.000000000000000000, 0.000000000000000000, 0.000000000000000000 ) ) ;
#2288 = EDGE_CURVE ( 'NONE', #2246, #4177, #3311, .T. ) ;
#2289 = EDGE_CURVE ( 'NONE', #1332, #1134, #616, .T. ) ;
#2290 = VECTOR ( 'NONE', #5398, 39.37007874015748143 ) ;
#2291 = DIRECTION ( 'NONE',  ( -4.818676322157806250E-15, -1.000000000000000000, -0.000000000000000000 ) ) ;
#2292 = AXIS2_PLACEMENT_3D ( 'NONE', #2574, #1705, #4370 ) ;
#2293 = EDGE_CURVE ( 'NONE', #5772, #2304, #2552, .T. ) ;
#2294 = CARTESIAN_POINT ( 'NONE',  ( -0.1496062992125984370, -0.2480314960629921295, -0.04724409448818897572 ) ) ;
#2295 = ORIENTED_EDGE ( 'NONE', *, *, #5228, .F. ) ;
#2296 = ORIENTED_EDGE ( 'NONE', *, *, #1899, .F. ) ;
#2297 = CARTESIAN_POINT ( 'NONE',  ( 0.02657480314960630058, -0.2165354330708661457, -0.4251968503937008093 ) ) ;
#2298 = CARTESIAN_POINT ( 'NONE',  ( 0.1557340900632747938, -0.3435274019595783712, -0.3838582677165354173 ) ) ;
#2299 = DIRECTION ( 'NONE',  ( 1.000000000000000000, 0.000000000000000000, 0.000000000000000000 ) ) ;
#2300 = CARTESIAN_POINT ( 'NONE',  ( -0.09055118110236221041, -0.2559055118110236116, -0.07874015748031495954 ) ) ;
#2301 = ADVANCED_FACE ( 'NONE', ( #4279 ), #3363, .F. ) ;
#2302 = DIRECTION ( 'NONE',  ( -1.000000000000000000, -6.505213034913024237E-15, 0.000000000000000000 ) ) ;
#2303 = DIRECTION ( 'NONE',  ( 1.000000000000000000, 0.000000000000000000, 0.000000000000000000 ) ) ;
#2304 = VERTEX_POINT ( 'NONE', #1945 ) ;
#2305 = ORIENTED_EDGE ( 'NONE', *, *, #5641, .F. ) ;
#2306 = DIRECTION ( 'NONE',  ( -1.000000000000000000, 1.971276677246364863E-16, 0.000000000000000000 ) ) ;
#2307 = CARTESIAN_POINT ( 'NONE',  ( -0.006539886388411043742, -0.2559055118110236116, -0.4291338582677165503 ) ) ;
#2308 = ORIENTED_EDGE ( 'NONE', *, *, #2184, .T. ) ;
#2309 = CYLINDRICAL_SURFACE ( 'NONE', #545, 0.03248031496062991907 ) ;
#2310 = LINE ( 'NONE', #3256, #1527 ) ;
#2311 = VERTEX_POINT ( 'NONE', #2033 ) ;
#2312 = VERTEX_POINT ( 'NONE', #4250 ) ;
#2313 = CYLINDRICAL_SURFACE ( 'NONE', #2542, 0.007874015748031499423 ) ;
#2314 = DIRECTION ( 'NONE',  ( 0.000000000000000000, 0.000000000000000000, -1.000000000000000000 ) ) ;
#2315 = DIRECTION ( 'NONE',  ( 0.000000000000000000, 0.000000000000000000, -1.000000000000000000 ) ) ;
#2316 = LINE ( 'NONE', #4113, #4431 ) ;
#2317 = ORIENTED_EDGE ( 'NONE', *, *, #5, .F. ) ;
#2318 =( CONVERSION_BASED_UNIT ( 'INCH', #3265 ) LENGTH_UNIT ( ) NAMED_UNIT ( #4191 ) );
#2319 = DIRECTION ( 'NONE',  ( 0.000000000000000000, -1.000000000000000000, 0.000000000000000000 ) ) ;
#2320 = EDGE_CURVE ( 'NONE', #1105, #5264, #801, .T. ) ;
#2321 = FACE_OUTER_BOUND ( 'NONE', #4786, .T. ) ;
#2322 = CARTESIAN_POINT ( 'NONE',  ( 0.09448818897637795144, -0.2893700787401574659, -0.1535433070866141780 ) ) ;
#2323 = DIRECTION ( 'NONE',  ( 0.000000000000000000, -1.000000000000000000, 0.000000000000000000 ) ) ;
#2324 = CARTESIAN_POINT ( 'NONE',  ( -0.1240157480314960647, -0.1850393700787401619, -0.3248031496062992463 ) ) ;
#2325 = CARTESIAN_POINT ( 'NONE',  ( 0.01377952755190228404, -0.2559055118110236116, -0.4291338582677165503 ) ) ;
#2326 = EDGE_CURVE ( 'NONE', #5328, #4325, #1977, .T. ) ;
#2327 = EDGE_CURVE ( 'NONE', #2718, #2279, #2365, .T. ) ;
#2328 = ORIENTED_EDGE ( 'NONE', *, *, #5042, .F. ) ;
#2329 = DIRECTION ( 'NONE',  ( 0.000000000000000000, 0.000000000000000000, 1.000000000000000000 ) ) ;
#2330 = DIRECTION ( 'NONE',  ( 1.000000000000000000, 0.000000000000000000, 0.000000000000000000 ) ) ;
#2331 = ORIENTED_EDGE ( 'NONE', *, *, #852, .T. ) ;
#2332 = CARTESIAN_POINT ( 'NONE',  ( 0.000000000000000000, 0.000000000000000000, -0.3248031496062992463 ) ) ;
#2333 = CARTESIAN_POINT ( 'NONE',  ( -0.02657480314960630058, -0.2165354330708661457, -0.4251968503937008093 ) ) ;
#2334 = AXIS2_PLACEMENT_3D ( 'NONE', #4313, #2072, #4583 ) ;
#2335 = ORIENTED_EDGE ( 'NONE', *, *, #2590, .T. ) ;
#2336 = ORIENTED_EDGE ( 'NONE', *, *, #3735, .T. ) ;
#2337 = ORIENTED_EDGE ( 'NONE', *, *, #3694, .T. ) ;
#2338 = CARTESIAN_POINT ( 'NONE',  ( -0.1716476224774200754, -0.3308538648871460763, -0.3838582677165354173 ) ) ;
#2339 = VECTOR ( 'NONE', #5631, 39.37007874015748143 ) ;
#2340 = VECTOR ( 'NONE', #1183, 39.37007874015748143 ) ;
#2341 = DIRECTION ( 'NONE',  ( 0.7782294380359159325, -0.6279800488664448732, 0.000000000000000000 ) ) ;
#2342 = CARTESIAN_POINT ( 'NONE',  ( 0.07874015748031495954, -0.1771653543307086520, -0.3838582677165354173 ) ) ;
#2343 = AXIS2_PLACEMENT_3D ( 'NONE', #5573, #4323, #3826 ) ;
#2344 = AXIS2_PLACEMENT_3D ( 'NONE', #4617, #150, #1544 ) ;
#2345 = DIRECTION ( 'NONE',  ( -9.427844978134820201E-17, 0.000000000000000000, 1.000000000000000000 ) ) ;
#2346 = ORIENTED_EDGE ( 'NONE', *, *, #1641, .F. ) ;
#2347 =( NAMED_UNIT ( * ) PLANE_ANGLE_UNIT ( ) SI_UNIT ( $, .RADIAN. ) );
#2348 = CARTESIAN_POINT ( 'NONE',  ( -0.1437007874015747977, -0.1850393700787401619, -0.3248031496062992463 ) ) ;
#2349 = DIRECTION ( 'NONE',  ( 1.000000000000000000, 0.000000000000000000, 0.000000000000000000 ) ) ;
#2350 = VECTOR ( 'NONE', #1845, 39.37007874015748143 ) ;
#2351 = AXIS2_PLACEMENT_3D ( 'NONE', #5521, #4575, #4688 ) ;
#2352 = AXIS2_PLACEMENT_3D ( 'NONE', #5368, #5838, #1322 ) ;
#2353 = CARTESIAN_POINT ( 'NONE',  ( -0.1607850332429366091, -0.3354911522540708346, -0.3838582677165354173 ) ) ;
#2354 = EDGE_CURVE ( 'NONE', #1670, #1288, #2010, .T. ) ;
#2355 = FACE_OUTER_BOUND ( 'NONE', #4428, .T. ) ;
#2356 = AXIS2_PLACEMENT_3D ( 'NONE', #3829, #1173, #1582 ) ;
#2357 = VECTOR ( 'NONE', #2059, 39.37007874015748143 ) ;
#2358 = DIRECTION ( 'NONE',  ( 1.000000000000000000, 0.000000000000000000, 0.000000000000000000 ) ) ;
#2359 = DIRECTION ( 'NONE',  ( 0.000000000000000000, 0.000000000000000000, -1.000000000000000000 ) ) ;
#2360 = VECTOR ( 'NONE', #794, 39.37007874015748143 ) ;
#2361 = ORIENTED_EDGE ( 'NONE', *, *, #3255, .T. ) ;
#2362 = CARTESIAN_POINT ( 'NONE',  ( 0.1456692913385826960, -0.3641732283464567121, -0.3543307086614173040 ) ) ;
#2363 = AXIS2_PLACEMENT_3D ( 'NONE', #3814, #673, #3339 ) ;
#2364 = ADVANCED_FACE ( 'NONE', ( #3785 ), #230, .F. ) ;
#2365 = LINE ( 'NONE', #2928, #5567 ) ;
#2366 = ADVANCED_FACE ( 'NONE', ( #1089 ), #3834, .T. ) ;
#2367 = CARTESIAN_POINT ( 'NONE',  ( 0.01636588960721315281, -0.2362204724409449064, -0.4247000947534984028 ) ) ;
#2368 = ORIENTED_EDGE ( 'NONE', *, *, #2890, .F. ) ;
#2369 = CARTESIAN_POINT ( 'NONE',  ( -0.07874015748031495954, -0.03937007874015747977, -0.3248031496062992463 ) ) ;
#2370 = ORIENTED_EDGE ( 'NONE', *, *, #1432, .F. ) ;
#2371 = ORIENTED_EDGE ( 'NONE', *, *, #2912, .T. ) ;
#2372 = ORIENTED_EDGE ( 'NONE', *, *, #5263, .F. ) ;
#2373 = DIRECTION ( 'NONE',  ( -0.7782294380359181529, 0.6279800488664420977, 0.000000000000000000 ) ) ;
#2374 = VECTOR ( 'NONE', #42, 39.37007874015748143 ) ;
#2375 = DIRECTION ( 'NONE',  ( 0.000000000000000000, -1.000000000000000000, 0.000000000000000000 ) ) ;
#2376 = DIRECTION ( 'NONE',  ( 1.000000000000000000, 0.000000000000000000, 0.000000000000000000 ) ) ;
#2377 = CARTESIAN_POINT ( 'NONE',  ( 0.05314960629921260116, 0.07874015748031495954, -0.5118110236220472231 ) ) ;
#2378 = VERTEX_POINT ( 'NONE', #4640 ) ;
#2379 = CARTESIAN_POINT ( 'NONE',  ( -0.009055920566683011569, -0.2362204724409449064, -0.4843598135139984828 ) ) ;
#2380 = VERTEX_POINT ( 'NONE', #1589 ) ;
#2381 = CARTESIAN_POINT ( 'NONE',  ( 0.000000000000000000, -0.02460629921259842659, -0.02559055118110234450 ) ) ;
#2382 = EDGE_CURVE ( 'NONE', #5517, #2771, #4253, .T. ) ;
#2383 = DIRECTION ( 'NONE',  ( 1.000000000000000000, 0.000000000000000000, 0.000000000000000000 ) ) ;
#2384 = VECTOR ( 'NONE', #490, 39.37007874015748143 ) ;
#2385 = AXIS2_PLACEMENT_3D ( 'NONE', #413, #2183, #5725 ) ;
#2386 = PLANE ( 'NONE',  #113 ) ;
#2387 = CARTESIAN_POINT ( 'NONE',  ( -0.02362204724409448786, 0.09842519685039370636, -0.3248031496062992463 ) ) ;
#2388 = CARTESIAN_POINT ( 'NONE',  ( 0.1456692913385826960, -0.1852428974198401246, -0.4253955510670653917 ) ) ;
#2389 = CARTESIAN_POINT ( 'NONE',  ( 0.1220472440944881942, -0.08858267716535432601, -0.4271653543307086798 ) ) ;
#2390 = DIRECTION ( 'NONE',  ( 0.000000000000000000, 0.000000000000000000, -1.000000000000000000 ) ) ;
#2391 = VERTEX_POINT ( 'NONE', #4605 ) ;
#2392 = DIRECTION ( 'NONE',  ( 0.000000000000000000, -1.000000000000000000, 0.000000000000000000 ) ) ;
#2393 = CARTESIAN_POINT ( 'NONE',  ( -0.01968650586098433242, -0.2559055118110236116, -0.4763779527559054983 ) ) ;
#2394 = ORIENTED_EDGE ( 'NONE', *, *, #2275, .F. ) ;
#2395 = DIRECTION ( 'NONE',  ( 0.000000000000000000, 0.000000000000000000, 1.000000000000000000 ) ) ;
#2396 = EDGE_CURVE ( 'NONE', #454, #615, #3687, .T. ) ;
#2397 = PRODUCT_RELATED_PRODUCT_CATEGORY ( 'part', '', ( #3070 ) ) ;
#2398 = ORIENTED_EDGE ( 'NONE', *, *, #3168, .F. ) ;
#2399 = ORIENTED_EDGE ( 'NONE', *, *, #4830, .T. ) ;
#2400 = VERTEX_POINT ( 'NONE', #5142 ) ;
#2401 = FILL_AREA_STYLE ('',( #4225 ) ) ;
#2402 = EDGE_CURVE ( 'NONE', #1652, #3843, #4694, .T. ) ;
#2403 = EDGE_CURVE ( 'NONE', #1262, #4140, #643, .T. ) ;
#2404 = DIRECTION ( 'NONE',  ( 0.000000000000000000, 0.000000000000000000, 1.000000000000000000 ) ) ;
#2405 = CARTESIAN_POINT ( 'NONE',  ( 0.09055118110236221041, -0.2559055118110236116, -0.07874015748031495954 ) ) ;
#2406 = ORIENTED_EDGE ( 'NONE', *, *, #854, .F. ) ;
#2407 = CARTESIAN_POINT ( 'NONE',  ( 0.01636588960721315281, -0.2362204724409449064, -0.4247000947534984028 ) ) ;
#2408 = CARTESIAN_POINT ( 'NONE',  ( 0.09448818897637795144, -0.2165354330708661457, -0.1771653543307086520 ) ) ;
#2409 = ORIENTED_EDGE ( 'NONE', *, *, #310, .F. ) ;
#2410 = CARTESIAN_POINT ( 'NONE',  ( 0.1299212598425196763, -0.1456692913385826960, -0.3326771653543306728 ) ) ;
#2411 = DIRECTION ( 'NONE',  ( 0.000000000000000000, 0.000000000000000000, 1.000000000000000000 ) ) ;
#2412 = CARTESIAN_POINT ( 'NONE',  ( -0.1364826794570762059, -0.3712198905481125522, -0.3830051100600423974 ) ) ;
#2413 = DIRECTION ( 'NONE',  ( 0.000000000000000000, -1.000000000000000000, 0.000000000000000000 ) ) ;
#2414 = DIRECTION ( 'NONE',  ( 0.000000000000000000, -1.000000000000000000, 0.000000000000000000 ) ) ;
#2415 = DIRECTION ( 'NONE',  ( 1.000000000000000000, -6.505213034913024237E-15, 0.000000000000000000 ) ) ;
#2416 = VERTEX_POINT ( 'NONE', #4784 ) ;
#2417 = CARTESIAN_POINT ( 'NONE',  ( -0.1099255201754407579, -0.2952755905511810774, -0.1684465672779703049 ) ) ;
#2418 = ORIENTED_EDGE ( 'NONE', *, *, #127, .T. ) ;
#2419 = CARTESIAN_POINT ( 'NONE',  ( 0.1302486194521753904, -0.3790929103355696328, -0.3799690710900671120 ) ) ;
#2420 = CARTESIAN_POINT ( 'NONE',  ( 0.02247625395524330966, -0.2362204724409448509, -0.4282644739561238256 ) ) ;
#2421 = ORIENTED_EDGE ( 'NONE', *, *, #2039, .T. ) ;
#2422 = CARTESIAN_POINT ( 'NONE',  ( 0.1181102362204724532, -0.1850393700787401619, -0.3838582677165354173 ) ) ;
#2423 = ADVANCED_FACE ( 'NONE', ( #5791 ), #822, .F. ) ;
#2424 = VERTEX_POINT ( 'NONE', #727 ) ;
#2425 = ORIENTED_EDGE ( 'NONE', *, *, #1863, .F. ) ;
#2426 = VERTEX_POINT ( 'NONE', #698 ) ;
#2427 = DIRECTION ( 'NONE',  ( 0.000000000000000000, -1.000000000000000000, 0.000000000000000000 ) ) ;
#2428 = ORIENTED_EDGE ( 'NONE', *, *, #2774, .F. ) ;
#2429 = AXIS2_PLACEMENT_3D ( 'NONE', #4404, #5800, #1658 ) ;
#2430 = DIRECTION ( 'NONE',  ( 2.168404344971008079E-15, 1.000000000000000000, 0.000000000000000000 ) ) ;
#2431 = EDGE_CURVE ( 'NONE', #3229, #3926, #3953, .T. ) ;
#2432 = CARTESIAN_POINT ( 'NONE',  ( -0.1181102362204724532, -0.1653543307086614012, -0.5118110236220472231 ) ) ;
#2433 = ORIENTED_EDGE ( 'NONE', *, *, #1501, .F. ) ;
#2434 = CARTESIAN_POINT ( 'NONE',  ( 0.01968650586098433242, -0.2559055118110236116, -0.4291338582677165503 ) ) ;
#2435 = SURFACE_STYLE_USAGE ( .BOTH. , #156 ) ;
#2436 = EDGE_CURVE ( 'NONE', #1608, #3752, #4759, .T. ) ;
#2437 = ORIENTED_EDGE ( 'NONE', *, *, #5396, .T. ) ;
#2438 = DIRECTION ( 'NONE',  ( 0.000000000000000000, -1.000000000000000000, 0.000000000000000000 ) ) ;
#2439 = FACE_OUTER_BOUND ( 'NONE', #3562, .T. ) ;
#2440 = ADVANCED_FACE ( 'NONE', ( #5727 ), #3866, .T. ) ;
#2441 = DIRECTION ( 'NONE',  ( 0.000000000000000000, -1.000000000000000000, 0.000000000000000000 ) ) ;
#2442 = LINE ( 'NONE', #4242, #5001 ) ;
#2443 = DIRECTION ( 'NONE',  ( 0.000000000000000000, 1.000000000000000000, 0.000000000000000000 ) ) ;
#2444 = CARTESIAN_POINT ( 'NONE',  ( 0.1496062992125984370, 0.1102362204724409434, -0.1535433070866141780 ) ) ;
#2445 = AXIS2_PLACEMENT_3D ( 'NONE', #2891, #4689, #2978 ) ;
#2446 = AXIS2_PLACEMENT_3D ( 'NONE', #1145, #2892, #722 ) ;
#2447 = AXIS2_PLACEMENT_3D ( 'NONE', #1902, #3625, #5422 ) ;
#2448 = CARTESIAN_POINT ( 'NONE',  ( -0.09448818897637795144, -0.2893700787401574659, -0.1771653543307086520 ) ) ;
#2449 = CIRCLE ( 'NONE', #5848, 0.08661417322834646937 ) ;
#2450 = CIRCLE ( 'NONE', #3681, 0.01771653543307086243 ) ;
#2451 = ORIENTED_EDGE ( 'NONE', *, *, #1279, .T. ) ;
#2452 = CARTESIAN_POINT ( 'NONE',  ( -0.1515748031496063075, -0.2637795275590551491, -0.3248031496062992463 ) ) ;
#2453 = DIRECTION ( 'NONE',  ( 0.000000000000000000, 0.000000000000000000, 1.000000000000000000 ) ) ;
#2454 = ORIENTED_EDGE ( 'NONE', *, *, #2847, .F. ) ;
#2455 = EDGE_CURVE ( 'NONE', #4325, #3594, #2932, .T. ) ;
#2456 = VECTOR ( 'NONE', #4458, 39.37007874015748143 ) ;
#2457 = VECTOR ( 'NONE', #5761, 39.37007874015748143 ) ;
#2458 = ORIENTED_EDGE ( 'NONE', *, *, #4087, .T. ) ;
#2459 = AXIS2_PLACEMENT_3D ( 'NONE', #2090, #2599, #693 ) ;
#2460 = ORIENTED_EDGE ( 'NONE', *, *, #4783, .T. ) ;
#2461 = ORIENTED_EDGE ( 'NONE', *, *, #5616, .T. ) ;
#2462 = EDGE_CURVE ( 'NONE', #4954, #352, #3549, .T. ) ;
#2463 = LINE ( 'NONE', #2909, #5313 ) ;
#2464 = CARTESIAN_POINT ( 'NONE',  ( 0.1181102362204724532, -0.2559055118110236116, -0.1062992125984252023 ) ) ;
#2465 = ORIENTED_EDGE ( 'NONE', *, *, #4520, .F. ) ;
#2466 = CARTESIAN_POINT ( 'NONE',  ( 0.02964553060598594178, -0.2362204724409449064, -0.4362098842138716903 ) ) ;
#2467 = ORIENTED_EDGE ( 'NONE', *, *, #666, .T. ) ;
#2468 = CARTESIAN_POINT ( 'NONE',  ( -0.1181102362204724532, 0.1181102362204724532, -0.1062992125984252023 ) ) ;
#2469 = DIRECTION ( 'NONE',  ( 1.000000000000000000, 1.084202172485503694E-16, 0.000000000000000000 ) ) ;
#2470 = ADVANCED_FACE ( 'NONE', ( #253 ), #3072, .T. ) ;
#2471 = ADVANCED_FACE ( 'NONE', ( #2576 ), #5323, .F. ) ;
#2472 = AXIS2_PLACEMENT_3D ( 'NONE', #3357, #1997, #2504 ) ;
#2473 = CARTESIAN_POINT ( 'NONE',  ( -0.1574812992125984301, -0.03937007874015747977, -0.5118110236220472231 ) ) ;
#2474 = VECTOR ( 'NONE', #840, 39.37007874015748143 ) ;
#2475 = EDGE_CURVE ( 'NONE', #3313, #5094, #2984, .T. ) ;
#2476 = VECTOR ( 'NONE', #2687, 39.37007874015748143 ) ;
#2477 = CARTESIAN_POINT ( 'NONE',  ( 0.07874015748031495954, -0.1653543307086614012, -0.3838582677165354173 ) ) ;
#2478 = CARTESIAN_POINT ( 'NONE',  ( -0.07874015748031495954, -0.03937007874015747977, -0.4271653543307086798 ) ) ;
#2479 = CARTESIAN_POINT ( 'NONE',  ( 0.1474155162359375992, -0.3789135429223114415, -0.3248031496062992463 ) ) ;
#2480 = AXIS2_PLACEMENT_3D ( 'NONE', #4589, #2291, #43 ) ;
#2481 = CIRCLE ( 'NONE', #4457, 0.02362204724409448092 ) ;
#2482 = EDGE_CURVE ( 'NONE', #5264, #4963, #5349, .T. ) ;
#2483 = DIRECTION ( 'NONE',  ( -1.000000000000000000, 2.168404344971005318E-15, 0.000000000000000000 ) ) ;
#2484 = EDGE_CURVE ( 'NONE', #3140, #4032, #4372, .T. ) ;
#2485 = VECTOR ( 'NONE', #5566, 39.37007874015748143 ) ;
#2486 = DIRECTION ( 'NONE',  ( 0.000000000000000000, 0.000000000000000000, -1.000000000000000000 ) ) ;
#2487 = PLANE ( 'NONE',  #476 ) ;
#2488 = ORIENTED_EDGE ( 'NONE', *, *, #2875, .T. ) ;
#2489 = CARTESIAN_POINT ( 'NONE',  ( -0.1181102362204724532, -0.2559055118110236116, -0.1535433070866141780 ) ) ;
#2490 = ORIENTED_EDGE ( 'NONE', *, *, #2118, .T. ) ;
#2491 = EDGE_LOOP ( 'NONE', ( #5532, #3836, #1759, #4909 ) ) ;
#2492 = ORIENTED_EDGE ( 'NONE', *, *, #1066, .F. ) ;
#2493 = CARTESIAN_POINT ( 'NONE',  ( -0.09055118110236221041, -0.2165354330708661457, -0.4251968503937008093 ) ) ;
#2494 = ORIENTED_EDGE ( 'NONE', *, *, #345, .F. ) ;
#2495 = CARTESIAN_POINT ( 'NONE',  ( 0.08661417322834646937, 0.000000000000000000, -0.3248031496062992463 ) ) ;
#2496 = DIRECTION ( 'NONE',  ( 1.000000000000000000, 0.000000000000000000, 0.000000000000000000 ) ) ;
#2497 = ORIENTED_EDGE ( 'NONE', *, *, #3642, .T. ) ;
#2498 = CARTESIAN_POINT ( 'NONE',  ( 2.638641767275795224E-06, -0.2360236220472441138, -0.4857716353959196653 ) ) ;
#2499 = LINE ( 'NONE', #5220, #3959 ) ;
#2500 = ORIENTED_EDGE ( 'NONE', *, *, #525, .F. ) ;
#2501 = CARTESIAN_POINT ( 'NONE',  ( 0.1181102362204724532, -0.2559055118110236116, -0.1535433070866141780 ) ) ;
#2502 = DIRECTION ( 'NONE',  ( 0.000000000000000000, 0.000000000000000000, 1.000000000000000000 ) ) ;
#2503 = LINE ( 'NONE', #751, #109 ) ;
#2504 = DIRECTION ( 'NONE',  ( 0.000000000000000000, 0.000000000000000000, -1.000000000000000000 ) ) ;
#2505 = DIRECTION ( 'NONE',  ( 0.7071067811865445751, -0.7071067811865505703, 0.000000000000000000 ) ) ;
#2506 = EDGE_CURVE ( 'NONE', #326, #3752, #1418, .T. ) ;
#2507 = DIRECTION ( 'NONE',  ( 0.000000000000000000, 0.000000000000000000, 1.000000000000000000 ) ) ;
#2508 = CARTESIAN_POINT ( 'NONE',  ( -0.1318897637795275746, -0.2637795275590551491, -0.3248031496062992463 ) ) ;
#2509 = CARTESIAN_POINT ( 'NONE',  ( -0.1117874158634084708, -0.2952755905511810774, -0.1727249578802175223 ) ) ;
#2510 = EDGE_CURVE ( 'NONE', #5591, #2391, #3987, .T. ) ;
#2511 = DIRECTION ( 'NONE',  ( 1.000000000000000000, 1.084202172485503694E-16, 0.000000000000000000 ) ) ;
#2512 = CARTESIAN_POINT ( 'NONE',  ( 0.02362204724409448786, 0.07086614173228346358, -0.5039370078740157410 ) ) ;
#2513 = VERTEX_POINT ( 'NONE', #2152 ) ;
#2514 = EDGE_CURVE ( 'NONE', #2416, #1637, #320, .T. ) ;
#2515 = FACE_OUTER_BOUND ( 'NONE', #894, .T. ) ;
#2516 = VERTEX_POINT ( 'NONE', #3010 ) ;
#2517 = ORIENTED_EDGE ( 'NONE', *, *, #2688, .T. ) ;
#2518 = EDGE_LOOP ( 'NONE', ( #513, #714 ) ) ;
#2519 = CARTESIAN_POINT ( 'NONE',  ( 2.837649354119448872E-12, -0.2362207185654496278, -0.4852374248233307097 ) ) ;
#2520 = DIRECTION ( 'NONE',  ( 0.000000000000000000, 1.000000000000000000, 0.000000000000000000 ) ) ;
#2521 = DIRECTION ( 'NONE',  ( 1.000000000000000000, 0.000000000000000000, 0.000000000000000000 ) ) ;
#2522 = EDGE_LOOP ( 'NONE', ( #324, #2971, #2607, #5355 ) ) ;
#2523 = CARTESIAN_POINT ( 'NONE',  ( -0.01416606694003972461, -0.2360236220472441138, -0.4233424260092314984 ) ) ;
#2524 = DIRECTION ( 'NONE',  ( 1.000000000000000000, 0.000000000000000000, 0.000000000000000000 ) ) ;
#2525 = EDGE_LOOP ( 'NONE', ( #5614, #1472, #4356, #1523 ) ) ;
#2526 = CARTESIAN_POINT ( 'NONE',  ( -0.04527559055118110520, 0.07086614173228346358, -0.5039370078740157410 ) ) ;
#2527 = ORIENTED_EDGE ( 'NONE', *, *, #1208, .F. ) ;
#2528 = DIRECTION ( 'NONE',  ( 0.000000000000000000, -1.000000000000000000, 0.000000000000000000 ) ) ;
#2529 = DIRECTION ( 'NONE',  ( 0.000000000000000000, 0.000000000000000000, -1.000000000000000000 ) ) ;
#2530 = DIRECTION ( 'NONE',  ( 1.000000000000000000, 0.000000000000000000, 0.000000000000000000 ) ) ;
#2531 = EDGE_LOOP ( 'NONE', ( #3284, #1661, #5389, #3058 ) ) ;
#2532 = VECTOR ( 'NONE', #287, 39.37007874015748143 ) ;
#2533 = DIRECTION ( 'NONE',  ( 1.000000000000000000, -2.168404344971005318E-15, 0.000000000000000000 ) ) ;
#2534 = FACE_OUTER_BOUND ( 'NONE', #2608, .T. ) ;
#2535 = CARTESIAN_POINT ( 'NONE',  ( -0.1716476224774200754, -0.3308538648871460763, -0.3838582677165354173 ) ) ;
#2536 = CARTESIAN_POINT ( 'NONE',  ( 0.07874015748031495954, -0.03937007874015747977, -0.4271653543307086798 ) ) ;
#2537 = AXIS2_PLACEMENT_3D ( 'NONE', #5661, #1141, #2469 ) ;
#2538 = ADVANCED_FACE ( 'NONE', ( #3922 ), #1676, .F. ) ;
#2539 = CARTESIAN_POINT ( 'NONE',  ( 0.1102362204724409434, -0.1771653543307086520, -0.5118110236220472231 ) ) ;
#2540 = VECTOR ( 'NONE', #2048, 39.37007874015748143 ) ;
#2541 = CARTESIAN_POINT ( 'NONE',  ( 0.1496062992125984370, -0.3385826771653543399, -0.3838582677165354173 ) ) ;
#2542 = AXIS2_PLACEMENT_3D ( 'NONE', #4530, #1431, #3233 ) ;
#2543 = CYLINDRICAL_SURFACE ( 'NONE', #4338, 0.03248031496062989826 ) ;
#2544 = ORIENTED_EDGE ( 'NONE', *, *, #664, .F. ) ;
#2545 = EDGE_CURVE ( 'NONE', #2561, #3554, #2269, .T. ) ;
#2546 = CARTESIAN_POINT ( 'NONE',  ( -0.1437007874015747977, -0.3838582677165353618, -0.3763392517470451892 ) ) ;
#2547 = AXIS2_PLACEMENT_3D ( 'NONE', #5486, #5568, #1519 ) ;
#2548 = ADVANCED_FACE ( 'NONE', ( #2603 ), #3099, .F. ) ;
#2549 = VERTEX_POINT ( 'NONE', #2213 ) ;
#2550 = EDGE_LOOP ( 'NONE', ( #3868, #1655, #5804, #3023, #4927, #2500, #2560, #212 ) ) ;
#2551 = AXIS2_PLACEMENT_3D ( 'NONE', #2186, #5792, #1739 ) ;
#2552 = CIRCLE ( 'NONE', #5856, 0.01771653543307089712 ) ;
#2553 = PLANE ( 'NONE',  #4508 ) ;
#2554 = ORIENTED_EDGE ( 'NONE', *, *, #4823, .T. ) ;
#2555 = PLANE ( 'NONE',  #2007 ) ;
#2556 = AXIS2_PLACEMENT_3D ( 'NONE', #758, #3065, #5753 ) ;
#2557 = VERTEX_POINT ( 'NONE', #1798 ) ;
#2558 = CARTESIAN_POINT ( 'NONE',  ( -0.1181102362204724532, -0.2559055118110236116, -0.5118110236220472231 ) ) ;
#2559 = CARTESIAN_POINT ( 'NONE',  ( -0.1496062992125984370, 0.1496062992125683222, 3.201384367575307689E-18 ) ) ;
#2560 = ORIENTED_EDGE ( 'NONE', *, *, #3601, .F. ) ;
#2561 = VERTEX_POINT ( 'NONE', #4098 ) ;
#2562 = PRODUCT_CONTEXT ( 'NONE', #805, 'mechanical' ) ;
#2563 = CARTESIAN_POINT ( 'NONE',  ( -0.1577890804802433156, -0.3641732283464567121, -0.3248031496062992463 ) ) ;
#2564 = DIRECTION ( 'NONE',  ( 0.000000000000000000, 0.000000000000000000, 1.000000000000000000 ) ) ;
#2565 = ORIENTED_EDGE ( 'NONE', *, *, #2482, .F. ) ;
#2566 = VERTEX_POINT ( 'NONE', #4961 ) ;
#2567 = DIRECTION ( 'NONE',  ( 0.000000000000000000, 0.000000000000000000, 1.000000000000000000 ) ) ;
#2568 = ORIENTED_EDGE ( 'NONE', *, *, #1426, .F. ) ;
#2569 = EDGE_CURVE ( 'NONE', #2304, #4497, #386, .T. ) ;
#2570 = DIRECTION ( 'NONE',  ( 0.000000000000000000, 0.000000000000000000, -1.000000000000000000 ) ) ;
#2571 = DIRECTION ( 'NONE',  ( 2.168404344971008079E-15, 1.000000000000000000, 2.602085213965209695E-14 ) ) ;
#2572 = VECTOR ( 'NONE', #3622, 39.37007874015748143 ) ;
#2573 = ORIENTED_EDGE ( 'NONE', *, *, #1289, .T. ) ;
#2574 = CARTESIAN_POINT ( 'NONE',  ( 0.09448818897637795144, -0.2893700787401572994, -0.1771653543307086798 ) ) ;
#2575 = CIRCLE ( 'NONE', #492, 0.08661417322834646937 ) ;
#2576 = FACE_OUTER_BOUND ( 'NONE', #4646, .T. ) ;
#2577 = FACE_OUTER_BOUND ( 'NONE', #1314, .T. ) ;
#2578 = ORIENTED_EDGE ( 'NONE', *, *, #2436, .F. ) ;
#2579 = CIRCLE ( 'NONE', #5215, 0.007874015748031482076 ) ;
#2580 = ORIENTED_EDGE ( 'NONE', *, *, #1632, .F. ) ;
#2581 = TOROIDAL_SURFACE ( 'NONE', #5028, 0.02460629921259844047, 0.007874015748031494219 ) ;
#2582 = ORIENTED_EDGE ( 'NONE', *, *, #2484, .F. ) ;
#2583 = VERTEX_POINT ( 'NONE', #2272 ) ;
#2584 = ORIENTED_EDGE ( 'NONE', *, *, #4287, .F. ) ;
#2585 = EDGE_CURVE ( 'NONE', #4285, #5206, #1828, .T. ) ;
#2586 = LINE ( 'NONE', #263, #4793 ) ;
#2587 = ORIENTED_EDGE ( 'NONE', *, *, #2991, .F. ) ;
#2588 = PLANE ( 'NONE',  #971 ) ;
#2589 = ORIENTED_EDGE ( 'NONE', *, *, #5270, .F. ) ;
#2590 = EDGE_CURVE ( 'NONE', #1808, #5793, #4244, .T. ) ;
#2591 = CARTESIAN_POINT ( 'NONE',  ( -0.09055118110236221041, -0.2165354330708661457, -0.4251968503937008093 ) ) ;
#2592 = ORIENTED_EDGE ( 'NONE', *, *, #3340, .T. ) ;
#2593 = DIRECTION ( 'NONE',  ( 0.000000000000000000, 0.000000000000000000, -1.000000000000000000 ) ) ;
#2594 = EDGE_CURVE ( 'NONE', #2187, #3737, #4905, .T. ) ;
#2595 = CARTESIAN_POINT ( 'NONE',  ( 0.1456692913385826960, -0.09645669291338582196, -0.4271653543307086798 ) ) ;
#2596 = LINE ( 'NONE', #2620, #501 ) ;
#2597 = FACE_OUTER_BOUND ( 'NONE', #1307, .T. ) ;
#2598 = VERTEX_POINT ( 'NONE', #940 ) ;
#2599 = DIRECTION ( 'NONE',  ( 1.000000000000000000, 0.000000000000000000, 0.000000000000000000 ) ) ;
#2600 = CARTESIAN_POINT ( 'NONE',  ( 0.1496062992125984370, -0.2559055118110236116, -0.04724409448818897572 ) ) ;
#2601 = CARTESIAN_POINT ( 'NONE',  ( -0.1716476224774200754, -0.3308538648871460763, -0.3248031496062992463 ) ) ;
#2602 = DIRECTION ( 'NONE',  ( 0.000000000000000000, 0.000000000000000000, 1.000000000000000000 ) ) ;
#2603 = FACE_OUTER_BOUND ( 'NONE', #3326, .T. ) ;
#2604 = CARTESIAN_POINT ( 'NONE',  ( -0.1515748031496063075, -0.3641732283464567121, -0.3838582677165354173 ) ) ;
#2605 = ORIENTED_EDGE ( 'NONE', *, *, #5062, .F. ) ;
#2606 = EDGE_LOOP ( 'NONE', ( #2993, #5393, #2732, #3700, #4974, #5080, #4379, #3176 ) ) ;
#2607 = ORIENTED_EDGE ( 'NONE', *, *, #3665, .F. ) ;
#2608 = EDGE_LOOP ( 'NONE', ( #5480, #5639, #915, #2527 ) ) ;
#2609 = DIRECTION ( 'NONE',  ( -0.000000000000000000, 1.000000000000000000, 0.000000000000000000 ) ) ;
#2610 = ADVANCED_FACE ( 'NONE', ( #3576 ), #2689, .F. ) ;
#2611 = CARTESIAN_POINT ( 'NONE',  ( 0.1181102362204724809, -0.2893700787401574659, -0.1771653543307086798 ) ) ;
#2612 = ORIENTED_EDGE ( 'NONE', *, *, #3919, .T. ) ;
#2613 = CARTESIAN_POINT ( 'NONE',  ( -0.1574803149606299191, -0.2559055118110236116, -0.4251968503937008093 ) ) ;
#2614 = CARTESIAN_POINT ( 'NONE',  ( -0.1496062992125984370, -0.2559055118110236116, -0.04724409448818897572 ) ) ;
#2615 = ORIENTED_EDGE ( 'NONE', *, *, #1715, .F. ) ;
#2616 = DIRECTION ( 'NONE',  ( 0.000000000000000000, 1.000000000000000000, 0.000000000000000000 ) ) ;
#2617 = DIRECTION ( 'NONE',  ( 0.000000000000000000, 0.000000000000000000, 1.000000000000000000 ) ) ;
#2618 = CARTESIAN_POINT ( 'NONE',  ( -0.01377952755905511792, -0.3818897637795276023, -0.4527559055118110520 ) ) ;
#2619 = EDGE_CURVE ( 'NONE', #4730, #4792, #5380, .T. ) ;
#2620 = CARTESIAN_POINT ( 'NONE',  ( -0.1455379536725980305, -0.3788029168491681697, -0.3838582677165354173 ) ) ;
#2621 = ADVANCED_FACE ( 'NONE', ( #2664 ), #3638, .F. ) ;
#2622 = CARTESIAN_POINT ( 'NONE',  ( 0.1102362204724409434, -0.1771653543307086520, -0.5118110236220472231 ) ) ;
#2623 = DIRECTION ( 'NONE',  ( 0.000000000000000000, 1.000000000000000000, 0.000000000000000000 ) ) ;
#2624 = DIRECTION ( 'NONE',  ( 1.000000000000000000, -1.971276677246364863E-16, 0.000000000000000000 ) ) ;
#2625 = EDGE_CURVE ( 'NONE', #4879, #1148, #4151, .T. ) ;
#2626 = CARTESIAN_POINT ( 'NONE',  ( -0.07874015748031495954, -0.03937007874015747977, -0.4271653543307086798 ) ) ;
#2627 = DIRECTION ( 'NONE',  ( 0.000000000000000000, 0.000000000000000000, 1.000000000000000000 ) ) ;
#2628 = AXIS2_PLACEMENT_3D ( 'NONE', #2661, #3948, #2210 ) ;
#2629 = DIRECTION ( 'NONE',  ( -1.000000000000000000, 0.000000000000000000, 0.000000000000000000 ) ) ;
#2630 = PLANE ( 'NONE',  #2551 ) ;
#2631 = VERTEX_POINT ( 'NONE', #1330 ) ;
#2632 = AXIS2_PLACEMENT_3D ( 'NONE', #5431, #1374, #2299 ) ;
#2633 = ORIENTED_EDGE ( 'NONE', *, *, #994, .T. ) ;
#2634 = AXIS2_PLACEMENT_3D ( 'NONE', #600, #4256, #4286 ) ;
#2635 = ORIENTED_EDGE ( 'NONE', *, *, #233, .T. ) ;
#2636 = LINE ( 'NONE', #5354, #472 ) ;
#2637 = EDGE_LOOP ( 'NONE', ( #5604, #2565 ) ) ;
#2638 = EDGE_CURVE ( 'NONE', #4997, #1148, #441, .T. ) ;
#2639 = DIRECTION ( 'NONE',  ( 0.000000000000000000, 0.000000000000000000, 1.000000000000000000 ) ) ;
#2640 = VECTOR ( 'NONE', #1136, 39.37007874015748143 ) ;
#2641 = AXIS2_PLACEMENT_3D ( 'NONE', #2501, #5222, #3327 ) ;
#2642 = CIRCLE ( 'NONE', #844, 0.007874015748031499423 ) ;
#2643 = PLANE ( 'NONE',  #1721 ) ;
#2644 = AXIS2_PLACEMENT_3D ( 'NONE', #3100, #2717, #4484 ) ;
#2645 = VECTOR ( 'NONE', #1607, 39.37007874015748143 ) ;
#2646 = ORIENTED_EDGE ( 'NONE', *, *, #4940, .F. ) ;
#2647 = ORIENTED_EDGE ( 'NONE', *, *, #696, .F. ) ;
#2648 = DIRECTION ( 'NONE',  ( 0.000000000000000000, -1.000000000000000000, 1.836970198721029688E-16 ) ) ;
#2649 = EDGE_CURVE ( 'NONE', #2662, #577, #4576, .T. ) ;
#2650 = EDGE_LOOP ( 'NONE', ( #5248, #533, #1017, #1429 ) ) ;
#2651 = VECTOR ( 'NONE', #5023, 39.37007874015748143 ) ;
#2652 = VECTOR ( 'NONE', #5434, 39.37007874015748143 ) ;
#2653 = CARTESIAN_POINT ( 'NONE',  ( -0.09842519685039370636, -0.08858267716535432601, -0.3602362204724409711 ) ) ;
#2654 = ORIENTED_EDGE ( 'NONE', *, *, #1838, .T. ) ;
#2655 = CARTESIAN_POINT ( 'NONE',  ( -0.1574812992125984301, -0.03937007874015747977, -0.4271653543307086798 ) ) ;
#2656 = VERTEX_POINT ( 'NONE', #2240 ) ;
#2657 = CYLINDRICAL_SURFACE ( 'NONE', #3575, 0.007874015748031499423 ) ;
#2658 = CARTESIAN_POINT ( 'NONE',  ( -0.1574812992125984301, -0.1456692913385826960, -0.3838582677165354173 ) ) ;
#2659 = FACE_OUTER_BOUND ( 'NONE', #2518, .T. ) ;
#2660 = EDGE_CURVE ( 'NONE', #2598, #4816, #5850, .T. ) ;
#2661 = CARTESIAN_POINT ( 'NONE',  ( 0.1299212598425196763, -0.1377952755905511861, -0.3326771653543306728 ) ) ;
#2662 = VERTEX_POINT ( 'NONE', #1854 ) ;
#2663 = DIRECTION ( 'NONE',  ( 1.000000000000000000, 0.000000000000000000, 0.000000000000000000 ) ) ;
#2664 = FACE_OUTER_BOUND ( 'NONE', #796, .T. ) ;
#2665 = CARTESIAN_POINT ( 'NONE',  ( -0.03248031496062991907, 3.977691375183332546E-18, -0.03346456692913385433 ) ) ;
#2666 = ORIENTED_EDGE ( 'NONE', *, *, #1529, .F. ) ;
#2667 = ADVANCED_FACE ( 'NONE', ( #4509 ), #3609, .T. ) ;
#2668 = VECTOR ( 'NONE', #1340, 39.37007874015748143 ) ;
#2669 = EDGE_CURVE ( 'NONE', #4979, #4529, #4544, .T. ) ;
#2670 = ORIENTED_EDGE ( 'NONE', *, *, #3958, .T. ) ;
#2671 = LINE ( 'NONE', #5329, #5849 ) ;
#2672 = ORIENTED_EDGE ( 'NONE', *, *, #562, .T. ) ;
#2673 = LINE ( 'NONE', #892, #4601 ) ;
#2674 = CIRCLE ( 'NONE', #115, 0.007874015748031499423 ) ;
#2675 = PLANE ( 'NONE',  #3517 ) ;
#2676 = ORIENTED_EDGE ( 'NONE', *, *, #260, .T. ) ;
#2677 = ORIENTED_EDGE ( 'NONE', *, *, #4275, .F. ) ;
#2678 = CARTESIAN_POINT ( 'NONE',  ( -0.1423836630759220401, -0.3641732283464567121, -0.3248031496062992463 ) ) ;
#2679 = CARTESIAN_POINT ( 'NONE',  ( -0.1318897637795275468, -0.3819244504887884251, -0.3780689104579662008 ) ) ;
#2680 = VERTEX_POINT ( 'NONE', #415 ) ;
#2681 = CYLINDRICAL_SURFACE ( 'NONE', #3795, 0.02362204724409448092 ) ;
#2682 = LINE ( 'NONE', #4475, #1601 ) ;
#2683 = ORIENTED_EDGE ( 'NONE', *, *, #5406, .T. ) ;
#2684 = CARTESIAN_POINT ( 'NONE',  ( 0.1456692913385826960, -0.3838582677165354173, -0.3763392517470452447 ) ) ;
#2685 = CARTESIAN_POINT ( 'NONE',  ( -0.1181102362204724532, -0.03937007874015747977, -0.5118110236220472231 ) ) ;
#2686 = DIRECTION ( 'NONE',  ( 0.6279800488664448732, 0.7782294380359158215, 0.000000000000000000 ) ) ;
#2687 = DIRECTION ( 'NONE',  ( 1.000000000000000000, 0.000000000000000000, 0.000000000000000000 ) ) ;
#2688 = EDGE_CURVE ( 'NONE', #1631, #891, #1327, .T. ) ;
#2689 = PLANE ( 'NONE',  #1891 ) ;
#2690 = DIRECTION ( 'NONE',  ( 0.000000000000000000, 0.000000000000000000, 1.000000000000000000 ) ) ;
#2691 = ORIENTED_EDGE ( 'NONE', *, *, #5071, .F. ) ;
#2692 = ORIENTED_EDGE ( 'NONE', *, *, #1785, .T. ) ;
#2693 = EDGE_CURVE ( 'NONE', #2549, #2741, #907, .T. ) ;
#2694 = LINE ( 'NONE', #3222, #478 ) ;
#2695 = EDGE_CURVE ( 'NONE', #2187, #909, #111, .T. ) ;
#2696 = ORIENTED_EDGE ( 'NONE', *, *, #4641, .T. ) ;
#2697 = DIRECTION ( 'NONE',  ( 0.000000000000000000, 0.000000000000000000, -1.000000000000000000 ) ) ;
#2698 = ADVANCED_FACE ( 'NONE', ( #668 ), #5137, .T. ) ;
#2699 = CARTESIAN_POINT ( 'NONE',  ( 0.09055118110236221041, -0.2165354330708661457, -0.2004570070200771825 ) ) ;
#2700 = ORIENTED_EDGE ( 'NONE', *, *, #4967, .F. ) ;
#2701 = EDGE_LOOP ( 'NONE', ( #5338, #1188, #3916, #5087, #2274, #427, #672, #2265, #3522, #3784, #2460, #2425 ) ) ;
#2702 = VERTEX_POINT ( 'NONE', #1915 ) ;
#2703 = VERTEX_POINT ( 'NONE', #2388 ) ;
#2704 = DIRECTION ( 'NONE',  ( 0.000000000000000000, 1.000000000000000000, 3.942553354492735149E-16 ) ) ;
#2705 = LINE ( 'NONE', #2653, #3139 ) ;
#2706 = EDGE_LOOP ( 'NONE', ( #3201, #5330, #3768, #3740, #4056 ) ) ;
#2707 = FACE_OUTER_BOUND ( 'NONE', #5044, .T. ) ;
#2708 = FACE_OUTER_BOUND ( 'NONE', #1859, .T. ) ;
#2709 = ORIENTED_EDGE ( 'NONE', *, *, #5608, .F. ) ;
#2710 = ORIENTED_EDGE ( 'NONE', *, *, #884, .T. ) ;
#2711 = LINE ( 'NONE', #1351, #5012 ) ;
#2712 = CARTESIAN_POINT ( 'NONE',  ( -0.1181102362204724532, -0.03937007874015747977, -0.4271653543307086798 ) ) ;
#2713 = EDGE_CURVE ( 'NONE', #5768, #3504, #1085, .T. ) ;
#2714 = CARTESIAN_POINT ( 'NONE',  ( 0.07874015748031495954, -0.1653543307086614012, -0.3248031496062992463 ) ) ;
#2715 = CARTESIAN_POINT ( 'NONE',  ( -0.1574803149606299191, -0.2480314960629921295, 0.000000000000000000 ) ) ;
#2716 = DIRECTION ( 'NONE',  ( 1.000000000000000000, 0.000000000000000000, 0.000000000000000000 ) ) ;
#2717 = DIRECTION ( 'NONE',  ( 0.000000000000000000, 0.000000000000000000, -1.000000000000000000 ) ) ;
#2718 = VERTEX_POINT ( 'NONE', #1111 ) ;
#2719 = EDGE_CURVE ( 'NONE', #362, #445, #4229, .T. ) ;
#2720 = ORIENTED_EDGE ( 'NONE', *, *, #594, .T. ) ;
#2721 = AXIS2_PLACEMENT_3D ( 'NONE', #4571, #5047, #4542 ) ;
#2722 = DIRECTION ( 'NONE',  ( 0.000000000000000000, 1.000000000000000000, 0.000000000000000000 ) ) ;
#2723 = CARTESIAN_POINT ( 'NONE',  ( 0.009055920566682834627, -0.2362204724409449064, -0.4211519975096243984 ) ) ;
#2724 = ORIENTED_EDGE ( 'NONE', *, *, #804, .F. ) ;
#2725 = CARTESIAN_POINT ( 'NONE',  ( 0.1181102362204724532, -0.2559055118110236116, -0.3602362204724409711 ) ) ;
#2726 = ADVANCED_FACE ( 'NONE', ( #2000 ), #5163, .T. ) ;
#2727 = AXIS2_PLACEMENT_3D ( 'NONE', #4236, #2918, #4716 ) ;
#2728 = EDGE_CURVE ( 'NONE', #4529, #5828, #2866, .T. ) ;
#2729 = CARTESIAN_POINT ( 'NONE',  ( 0.01377952755905511792, -0.3818897637795276023, -0.4291338582677165503 ) ) ;
#2730 = ORIENTED_EDGE ( 'NONE', *, *, #229, .F. ) ;
#2731 = VECTOR ( 'NONE', #4690, 39.37007874015748143 ) ;
#2732 = ORIENTED_EDGE ( 'NONE', *, *, #4602, .T. ) ;
#2733 = VECTOR ( 'NONE', #3469, 39.37007874015748143 ) ;
#2734 = CARTESIAN_POINT ( 'NONE',  ( 0.1181102362204724532, -0.1771653543307086520, -0.5118110236220472231 ) ) ;
#2735 = DIRECTION ( 'NONE',  ( 0.000000000000000000, 1.000000000000000000, 0.000000000000000000 ) ) ;
#2736 = EDGE_CURVE ( 'NONE', #351, #5560, #3303, .T. ) ;
#2737 = VECTOR ( 'NONE', #2865, 39.37007874015748143 ) ;
#2738 = DIRECTION ( 'NONE',  ( 0.000000000000000000, -1.000000000000000000, 0.000000000000000000 ) ) ;
#2739 = VECTOR ( 'NONE', #1892, 39.37007874015748143 ) ;
#2740 = DIRECTION ( 'NONE',  ( 0.000000000000000000, 0.000000000000000000, 1.000000000000000000 ) ) ;
#2741 = VERTEX_POINT ( 'NONE', #4665 ) ;
#2742 = DIRECTION ( 'NONE',  ( 1.000000000000000000, 0.000000000000000000, 0.000000000000000000 ) ) ;
#2743 = CARTESIAN_POINT ( 'NONE',  ( -0.01377952755905511792, -0.3818897637795276023, -0.4527559055118110520 ) ) ;
#2744 = AXIS2_PLACEMENT_3D ( 'NONE', #3610, #388, #416 ) ;
#2745 = AXIS2_PLACEMENT_3D ( 'NONE', #1473, #118, #1065 ) ;
#2746 = FACE_OUTER_BOUND ( 'NONE', #2650, .T. ) ;
#2747 = CARTESIAN_POINT ( 'NONE',  ( 0.1456692913385826960, -0.1456692913385826960, -0.3248031496062992463 ) ) ;
#2748 = AXIS2_PLACEMENT_3D ( 'NONE', #5156, #4179, #1550 ) ;
#2749 = DIRECTION ( 'NONE',  ( -1.652117596168389975E-16, 1.000000000000000000, 0.000000000000000000 ) ) ;
#2750 = LINE ( 'NONE', #4634, #2173 ) ;
#2751 = FACE_OUTER_BOUND ( 'NONE', #5479, .T. ) ;
#2752 = VERTEX_POINT ( 'NONE', #612 ) ;
#2753 = CARTESIAN_POINT ( 'NONE',  ( 0.09448818897637795144, -0.2893700787401574659, -0.1771653543307086520 ) ) ;
#2754 = CARTESIAN_POINT ( 'NONE',  ( 0.009055920566682834627, -0.2362204724409449064, -0.4211519975096243984 ) ) ;
#2755 = ORIENTED_EDGE ( 'NONE', *, *, #4460, .F. ) ;
#2756 = LINE ( 'NONE', #3647, #3281 ) ;
#2757 = VECTOR ( 'NONE', #3608, 39.37007874015748143 ) ;
#2758 = VECTOR ( 'NONE', #986, 39.37007874015748143 ) ;
#2759 = CARTESIAN_POINT ( 'NONE',  ( 0.1181102362204724532, 0.1181102362204724532, -0.5118110236220472231 ) ) ;
#2760 = ADVANCED_FACE ( 'NONE', ( #2028 ), #1469, .T. ) ;
#2761 = ORIENTED_EDGE ( 'NONE', *, *, #1137, .T. ) ;
#2762 = VECTOR ( 'NONE', #5180, 39.37007874015748143 ) ;
#2763 = ORIENTED_EDGE ( 'NONE', *, *, #4535, .T. ) ;
#2764 = DIRECTION ( 'NONE',  ( -1.000000000000000000, 0.000000000000000000, 0.000000000000000000 ) ) ;
#2765 = LINE ( 'NONE', #1344, #3318 ) ;
#2766 = VECTOR ( 'NONE', #656, 39.37007874015748143 ) ;
#2767 = DIRECTION ( 'NONE',  ( 1.548860246407864815E-16, 1.000000000000000000, 0.000000000000000000 ) ) ;
#2768 = AXIS2_PLACEMENT_3D ( 'NONE', #1178, #2956, #5636 ) ;
#2769 = EDGE_CURVE ( 'NONE', #59, #2400, #2220, .T. ) ;
#2770 = DIRECTION ( 'NONE',  ( 0.000000000000000000, 0.000000000000000000, -1.000000000000000000 ) ) ;
#2771 = VERTEX_POINT ( 'NONE', #1024 ) ;
#2772 = EDGE_LOOP ( 'NONE', ( #5585, #3291, #4223, #597 ) ) ;
#2773 = FACE_OUTER_BOUND ( 'NONE', #1901, .T. ) ;
#2774 = EDGE_CURVE ( 'NONE', #5325, #487, #998, .T. ) ;
#2775 = LINE ( 'NONE', #1877, #1880 ) ;
#2776 = CARTESIAN_POINT ( 'NONE',  ( -0.1318897637795275746, -0.3641732283464567121, -0.3543307086614173040 ) ) ;
#2777 = CARTESIAN_POINT ( 'NONE',  ( 0.1220472440944881942, -0.08858267716535432601, -0.3602362204724409711 ) ) ;
#2778 = FACE_OUTER_BOUND ( 'NONE', #1119, .T. ) ;
#2779 = CARTESIAN_POINT ( 'NONE',  ( -0.1574812992125984301, -0.1653543307086614012, -0.3838582677165354173 ) ) ;
#2780 = FACE_OUTER_BOUND ( 'NONE', #4746, .T. ) ;
#2781 = CARTESIAN_POINT ( 'NONE',  ( -0.09055118110236221041, -0.2165354330708661457, -0.4251968503937008093 ) ) ;
#2782 = CARTESIAN_POINT ( 'NONE',  ( -0.1574812992125984301, -0.03937007874015747977, -0.4271653543307086798 ) ) ;
#2783 = CARTESIAN_POINT ( 'NONE',  ( 0.006539886388411062824, -0.2559055118110236116, -0.4291338582677165503 ) ) ;
#2784 = ORIENTED_EDGE ( 'NONE', *, *, #2719, .F. ) ;
#2785 = CYLINDRICAL_SURFACE ( 'NONE', #256, 0.08661417322834646937 ) ;
#2786 = DIRECTION ( 'NONE',  ( 0.000000000000000000, 0.000000000000000000, -1.000000000000000000 ) ) ;
#2787 = VERTEX_POINT ( 'NONE', #4185 ) ;
#2788 = EDGE_LOOP ( 'NONE', ( #3047, #3044, #3031, #85, #4084, #2605, #5208, #4643, #124, #4361, #3707, #895 ) ) ;
#2789 = CARTESIAN_POINT ( 'NONE',  ( 0.000000000000000000, 0.000000000000000000, 0.000000000000000000 ) ) ;
#2790 = ADVANCED_FACE ( 'NONE', ( #3808 ), #138, .T. ) ;
#2791 = DIRECTION ( 'NONE',  ( 0.000000000000000000, 0.000000000000000000, -1.000000000000000000 ) ) ;
#2792 = DIRECTION ( 'NONE',  ( 0.000000000000000000, 0.000000000000000000, 1.000000000000000000 ) ) ;
#2793 = CARTESIAN_POINT ( 'NONE',  ( 0.1496062992125984370, -0.3385826771653543399, -0.3248031496062992463 ) ) ;
#2794 = ORIENTED_EDGE ( 'NONE', *, *, #5504, .T. ) ;
#2795 = FILL_AREA_STYLE ('',( #3325 ) ) ;
#2796 = DIRECTION ( 'NONE',  ( 0.000000000000000000, 0.000000000000000000, -1.000000000000000000 ) ) ;
#2797 = CARTESIAN_POINT ( 'NONE',  ( -0.09055118110236221041, -0.2165354330708661457, -0.07874015748031495954 ) ) ;
#2798 = ADVANCED_FACE ( 'NONE', ( #2803 ), #4598, .F. ) ;
#2799 = CARTESIAN_POINT ( 'NONE',  ( -0.09055118110236221041, -0.2165354330708661457, -0.07874015748031495954 ) ) ;
#2800 = EDGE_CURVE ( 'NONE', #5103, #4714, #4155, .T. ) ;
#2801 = CARTESIAN_POINT ( 'NONE',  ( 0.1181102362204724532, -0.2559055118110236116, -0.5118110236220472231 ) ) ;
#2802 = ADVANCED_FACE ( 'NONE', ( #1940 ), #3122, .T. ) ;
#2803 = FACE_OUTER_BOUND ( 'NONE', #1921, .T. ) ;
#2804 = ADVANCED_FACE ( 'NONE', ( #3334 ), #4779, .F. ) ;
#2805 = CYLINDRICAL_SURFACE ( 'NONE', #4435, 0.08661417322834646937 ) ;
#2806 = ORIENTED_EDGE ( 'NONE', *, *, #3135, .F. ) ;
#2807 = ORIENTED_EDGE ( 'NONE', *, *, #1922, .T. ) ;
#2808 = CARTESIAN_POINT ( 'NONE',  ( 0.1574803149606299191, -0.2480314960629921295, -0.007874015748031495954 ) ) ;
#2809 = CARTESIAN_POINT ( 'NONE',  ( 0.01377952754474942934, -0.2559055118110236116, -0.4291338582677165503 ) ) ;
#2810 = ORIENTED_EDGE ( 'NONE', *, *, #4535, .F. ) ;
#2811 = DIRECTION ( 'NONE',  ( 1.000000000000000000, -4.818676322157806250E-15, 0.000000000000000000 ) ) ;
#2812 = ORIENTED_EDGE ( 'NONE', *, *, #1565, .T. ) ;
#2813 = AXIS2_PLACEMENT_3D ( 'NONE', #359, #5708, #2103 ) ;
#2814 = CIRCLE ( 'NONE', #3754, 0.01968503937007873988 ) ;
#2815 = ADVANCED_FACE ( 'NONE', ( #2534 ), #4333, .F. ) ;
#2816 = VERTEX_POINT ( 'NONE', #2054 ) ;
#2817 = ORIENTED_EDGE ( 'NONE', *, *, #5, .T. ) ;
#2818 = DIRECTION ( 'NONE',  ( 0.000000000000000000, -1.000000000000000000, 0.000000000000000000 ) ) ;
#2819 = VECTOR ( 'NONE', #3296, 39.37007874015748143 ) ;
#2820 = DIRECTION ( 'NONE',  ( 0.000000000000000000, 0.000000000000000000, 1.000000000000000000 ) ) ;
#2821 = CARTESIAN_POINT ( 'NONE',  ( 0.02657480314960630058, -0.2165354330708661457, -0.4251968503937008093 ) ) ;
#2822 = AXIS2_PLACEMENT_3D ( 'NONE', #5494, #3424, #4301 ) ;
#2823 = COLOUR_RGB ( '',0.7921568627450980005, 0.8196078431372548767, 0.9333333333333333481 ) ;
#2824 = CARTESIAN_POINT ( 'NONE',  ( 0.000000000000000000, 0.000000000000000000, -0.4133858267716535861 ) ) ;
#2825 = ORIENTED_EDGE ( 'NONE', *, *, #3200, .F. ) ;
#2826 = CARTESIAN_POINT ( 'NONE',  ( 0.009055867336823267624, -0.2362204724409449064, -0.4843587761442000317 ) ) ;
#2827 = DIRECTION ( 'NONE',  ( -9.856383386231860060E-17, 0.000000000000000000, 1.000000000000000000 ) ) ;
#2828 = ORIENTED_EDGE ( 'NONE', *, *, #4132, .T. ) ;
#2829 = CARTESIAN_POINT ( 'NONE',  ( -0.1181102362204724532, -0.2559055118110236116, -0.04724409448818897572 ) ) ;
#2830 = CARTESIAN_POINT ( 'NONE',  ( 0.1220472440944881942, -0.07283464566929134798, -0.3602362204724409711 ) ) ;
#2831 = MECHANICAL_DESIGN_GEOMETRIC_PRESENTATION_REPRESENTATION (  '', ( #1030 ), #3587 ) ;
#2832 = VECTOR ( 'NONE', #3290, 39.37007874015748143 ) ;
#2833 = DIRECTION ( 'NONE',  ( -0.000000000000000000, 0.7071067811865470176, 0.7071067811865480168 ) ) ;
#2834 = DIRECTION ( 'NONE',  ( 1.000000000000000000, 0.000000000000000000, 0.000000000000000000 ) ) ;
#2835 = ADVANCED_FACE ( 'NONE', ( #1702 ), #285, .F. ) ;
#2836 = AXIS2_PLACEMENT_3D ( 'NONE', #4841, #2533, #3915 ) ;
#2837 = VECTOR ( 'NONE', #5030, 39.37007874015748143 ) ;
#2838 = DIRECTION ( 'NONE',  ( 0.000000000000000000, 0.000000000000000000, 1.000000000000000000 ) ) ;
#2839 = DIRECTION ( 'NONE',  ( 0.000000000000000000, -1.000000000000000000, 0.000000000000000000 ) ) ;
#2840 = CARTESIAN_POINT ( 'NONE',  ( 0.1316184678167437172, -0.2725717138055228639, -0.3838582677165354173 ) ) ;
#2841 = CIRCLE ( 'NONE', #3216, 0.01771653543307086243 ) ;
#2842 = EDGE_CURVE ( 'NONE', #97, #2311, #788, .T. ) ;
#2843 = EDGE_LOOP ( 'NONE', ( #5310, #168, #2646, #120 ) ) ;
#2844 = CARTESIAN_POINT ( 'NONE',  ( -0.09055118110236221041, -0.2165354330708661457, -0.2004570070200771825 ) ) ;
#2845 = CARTESIAN_POINT ( 'NONE',  ( -0.02962241908993086537, -0.2360236220472441138, -0.4362337633014243821 ) ) ;
#2846 = VERTEX_POINT ( 'NONE', #5697 ) ;
#2847 = EDGE_CURVE ( 'NONE', #4193, #5206, #5316, .T. ) ;
#2848 = ORIENTED_EDGE ( 'NONE', *, *, #2638, .T. ) ;
#2849 = ORIENTED_EDGE ( 'NONE', *, *, #4678, .F. ) ;
#2850 = DIRECTION ( 'NONE',  ( 1.000000000000000000, 0.000000000000000000, 0.000000000000000000 ) ) ;
#2851 = ORIENTED_EDGE ( 'NONE', *, *, #2403, .T. ) ;
#2852 = AXIS2_PLACEMENT_3D ( 'NONE', #3733, #3431, #5236 ) ;
#2853 = CARTESIAN_POINT ( 'NONE',  ( 0.1181102362204724532, -0.2559055118110236116, -0.1062992125984252023 ) ) ;
#2854 = LINE ( 'NONE', #151, #4269 ) ;
#2855 = DIRECTION ( 'NONE',  ( 1.000000000000000000, 0.000000000000000000, 0.000000000000000000 ) ) ;
#2856 = ORIENTED_EDGE ( 'NONE', *, *, #339, .F. ) ;
#2857 = CARTESIAN_POINT ( 'NONE',  ( -0.01966837389314940801, -0.2561043307086614540, -0.4291484983338779702 ) ) ;
#2858 = VERTEX_POINT ( 'NONE', #1144 ) ;
#2859 = DIRECTION ( 'NONE',  ( 0.000000000000000000, 0.7071067811865479058, -0.7071067811865469066 ) ) ;
#2860 = CARTESIAN_POINT ( 'NONE',  ( 0.1181102362204724532, -0.2559055118110236116, -0.1535433070866141780 ) ) ;
#2861 = AXIS2_PLACEMENT_3D ( 'NONE', #5809, #4328, #5251 ) ;
#2862 = CIRCLE ( 'NONE', #3527, 0.02362204724409448092 ) ;
#2863 = CARTESIAN_POINT ( 'NONE',  ( -0.1574812992125984301, -0.03937007874015747977, -0.5118110236220472231 ) ) ;
#2864 =( BOUNDED_CURVE ( )  B_SPLINE_CURVE ( 3, ( #2563, #5780, #5744, #1697 ),
 .UNSPECIFIED., .F., .F. ) 
 B_SPLINE_CURVE_WITH_KNOTS ( ( 4, 4 ),
 ( 1.570796326794895004, 2.089159247635020034 ),
 .UNSPECIFIED. ) 
 CURVE ( )  GEOMETRIC_REPRESENTATION_ITEM ( )  RATIONAL_B_SPLINE_CURVE ( ( 1.000000000000000000, 0.9777333899826279318, 0.9777333899826279318, 1.000000000000000000 ) ) 
 REPRESENTATION_ITEM ( '' )  );
#2865 = DIRECTION ( 'NONE',  ( 0.000000000000000000, -1.000000000000000000, 0.000000000000000000 ) ) ;
#2866 = LINE ( 'NONE', #5522, #3202 ) ;
#2867 = CARTESIAN_POINT ( 'NONE',  ( -0.1181102362204724532, -0.2559055118110236116, -0.1062992125984252023 ) ) ;
#2868 = ADVANCED_FACE ( 'NONE', ( #2954 ), #2144, .F. ) ;
#2869 = ORIENTED_EDGE ( 'NONE', *, *, #1856, .T. ) ;
#2870 = DIRECTION ( 'NONE',  ( 0.000000000000000000, 0.000000000000000000, -1.000000000000000000 ) ) ;
#2871 = CARTESIAN_POINT ( 'NONE',  ( -0.02148175020107586514, -0.2362204724409449064, -0.4276843467665850107 ) ) ;
#2872 = ORIENTED_EDGE ( 'NONE', *, *, #3190, .F. ) ;
#2873 = DIRECTION ( 'NONE',  ( -1.000000000000000000, -0.000000000000000000, 0.000000000000000000 ) ) ;
#2874 = ADVANCED_FACE ( 'NONE', ( #1584 ), #1235, .F. ) ;
#2875 = EDGE_CURVE ( 'NONE', #946, #3229, #4300, .T. ) ;
#2876 = ORIENTED_EDGE ( 'NONE', *, *, #2728, .T. ) ;
#2877 = EDGE_CURVE ( 'NONE', #4928, #3129, #4393, .T. ) ;
#2878 = VERTEX_POINT ( 'NONE', #3449 ) ;
#2879 =( CONVERSION_BASED_UNIT ( 'INCH', #5596 ) LENGTH_UNIT ( ) NAMED_UNIT ( #644 ) );
#2880 = DIRECTION ( 'NONE',  ( 1.000000000000000000, 0.000000000000000000, 0.000000000000000000 ) ) ;
#2881 = FACE_OUTER_BOUND ( 'NONE', #5594, .T. ) ;
#2882 = VERTEX_POINT ( 'NONE', #1619 ) ;
#2883 = CARTESIAN_POINT ( 'NONE',  ( 0.03389888073763570875, -0.2362204724409449064, -0.4527559055118110520 ) ) ;
#2884 = SURFACE_STYLE_FILL_AREA ( #2795 ) ;
#2885 = ORIENTED_EDGE ( 'NONE', *, *, #450, .T. ) ;
#2886 = CARTESIAN_POINT ( 'NONE',  ( -0.1515748031496063075, -0.3838582677165354173, -0.3838582677165354173 ) ) ;
#2887 = CYLINDRICAL_SURFACE ( 'NONE', #2727, 0.02362204724409448092 ) ;
#2888 = DIRECTION ( 'NONE',  ( 1.000000000000000000, 0.000000000000000000, 0.000000000000000000 ) ) ;
#2889 = CARTESIAN_POINT ( 'NONE',  ( 0.1456692913385826960, -0.1377952755905511861, -0.3523622047244094335 ) ) ;
#2890 = EDGE_CURVE ( 'NONE', #4387, #5517, #1220, .T. ) ;
#2891 = CARTESIAN_POINT ( 'NONE',  ( 0.000000000000000000, 2.591070712017866640E-18, -0.03346456692913386821 ) ) ;
#2892 = DIRECTION ( 'NONE',  ( 0.9196992218529371765, -0.3926236637329720836, 0.000000000000000000 ) ) ;
#2893 = FACE_OUTER_BOUND ( 'NONE', #3530, .T. ) ;
#2894 = ORIENTED_EDGE ( 'NONE', *, *, #2769, .F. ) ;
#2895 = CARTESIAN_POINT ( 'NONE',  ( 0.1551107419867794324, -0.3693771711499164168, -0.3248031496062994683 ) ) ;
#2896 = DIRECTION ( 'NONE',  ( 1.000000000000000000, 0.000000000000000000, 0.000000000000000000 ) ) ;
#2897 = EDGE_LOOP ( 'NONE', ( #4007, #2418, #5351, #825 ) ) ;
#2898 = EDGE_CURVE ( 'NONE', #4727, #5328, #1684, .T. ) ;
#2899 = DIRECTION ( 'NONE',  ( -0.7071067811865504593, 0.7071067811865444641, 0.000000000000000000 ) ) ;
#2900 = EDGE_CURVE ( 'NONE', #5394, #4363, #3423, .T. ) ;
#2901 = ORIENTED_EDGE ( 'NONE', *, *, #4713, .T. ) ;
#2902 = EDGE_CURVE ( 'NONE', #1644, #3512, #2841, .T. ) ;
#2903 = ORIENTED_EDGE ( 'NONE', *, *, #4758, .F. ) ;
#2904 = DIRECTION ( 'NONE',  ( 0.000000000000000000, 0.000000000000000000, -1.000000000000000000 ) ) ;
#2905 = VERTEX_POINT ( 'NONE', #5669 ) ;
#2906 = B_SPLINE_CURVE_WITH_KNOTS ( 'NONE', 3,
 ( #3887, #4805, #4360, #313 ),
 .UNSPECIFIED., .F., .F.,
 ( 4, 4 ),
 ( 0.000000000000000000, 0.0001666693295551714953 ),
 .UNSPECIFIED. ) ;
#2907 = VECTOR ( 'NONE', #5356, 39.37007874015748143 ) ;
#2908 = AXIS2_PLACEMENT_3D ( 'NONE', #4415, #44, #4448 ) ;
#2909 = CARTESIAN_POINT ( 'NONE',  ( 0.1181102362204724532, 0.1181102362204724532, -0.5118110236220472231 ) ) ;
#2910 = DIRECTION ( 'NONE',  ( 1.000000000000000000, 0.000000000000000000, 0.000000000000000000 ) ) ;
#2911 = ORIENTED_EDGE ( 'NONE', *, *, #5419, .F. ) ;
#2912 = EDGE_CURVE ( 'NONE', #3535, #1422, #5230, .T. ) ;
#2913 = CARTESIAN_POINT ( 'NONE',  ( -0.006539886388411043742, -0.2559055118110236116, -0.4763779527559054983 ) ) ;
#2914 = FILL_AREA_STYLE ('',( #190 ) ) ;
#2915 = VECTOR ( 'NONE', #2411, 39.37007874015748143 ) ;
#2916 = EDGE_LOOP ( 'NONE', ( #4836, #3020, #2458, #5053 ) ) ;
#2917 = DIRECTION ( 'NONE',  ( 1.000000000000000000, 0.000000000000000000, 0.000000000000000000 ) ) ;
#2918 = DIRECTION ( 'NONE',  ( 0.000000000000000000, 0.000000000000000000, 1.000000000000000000 ) ) ;
#2919 = EDGE_CURVE ( 'NONE', #2416, #4222, #391, .T. ) ;
#2920 = DIRECTION ( 'NONE',  ( 0.000000000000000000, 0.000000000000000000, 1.000000000000000000 ) ) ;
#2921 = CARTESIAN_POINT ( 'NONE',  ( -0.1574803149606299191, -0.2559055118110236116, -0.04724409448818897572 ) ) ;
#2922 = CARTESIAN_POINT ( 'NONE',  ( 0.1220472440944881942, -0.09645669291338582196, -0.4271653543307086798 ) ) ;
#2923 = VECTOR ( 'NONE', #2029, 39.37007874015748854 ) ;
#2924 = CARTESIAN_POINT ( 'NONE',  ( 0.07874015748031495954, -0.1771653543307086520, -0.3838582677165354173 ) ) ;
#2925 = CIRCLE ( 'NONE', #3497, 0.02362204724409448092 ) ;
#2926 = VECTOR ( 'NONE', #3409, 39.37007874015748854 ) ;
#2927 = VERTEX_POINT ( 'NONE', #5286 ) ;
#2928 = CARTESIAN_POINT ( 'NONE',  ( 0.1456692913385826960, -0.2637795275590551491, -0.3838582677165354173 ) ) ;
#2929 = DIRECTION ( 'NONE',  ( 0.000000000000000000, -1.000000000000000000, 0.000000000000000000 ) ) ;
#2930 = ORIENTED_EDGE ( 'NONE', *, *, #2106, .F. ) ;
#2931 = AXIS2_PLACEMENT_3D ( 'NONE', #3639, #4072, #4124 ) ;
#2932 = CIRCLE ( 'NONE', #4526, 0.02362204724409448092 ) ;
#2933 = ORIENTED_EDGE ( 'NONE', *, *, #1847, .F. ) ;
#2934 = ORIENTED_EDGE ( 'NONE', *, *, #1593, .T. ) ;
#2935 = AXIS2_PLACEMENT_3D ( 'NONE', #5548, #638, #2414 ) ;
#2936 = ORIENTED_EDGE ( 'NONE', *, *, #1208, .T. ) ;
#2937 = ORIENTED_EDGE ( 'NONE', *, *, #5724, .T. ) ;
#2938 = SURFACE_STYLE_USAGE ( .BOTH. , #238 ) ;
#2939 = ADVANCED_FACE ( 'NONE', ( #5198 ), #4569, .F. ) ;
#2940 = CARTESIAN_POINT ( 'NONE',  ( -0.1574803149606299191, 0.1102362204724409434, -0.1062992125984252023 ) ) ;
#2941 = CARTESIAN_POINT ( 'NONE',  ( 0.1679896717646279791, -0.3534168515480263228, -0.3248031496062992463 ) ) ;
#2942 = ORIENTED_EDGE ( 'NONE', *, *, #3559, .F. ) ;
#2943 = CARTESIAN_POINT ( 'NONE',  ( -0.02962241908993094516, -0.2360236220472441138, -0.4692780477221976665 ) ) ;
#2944 = LINE ( 'NONE', #5337, #4614 ) ;
#2945 = AXIS2_PLACEMENT_3D ( 'NONE', #4390, #5664, #3087 ) ;
#2946 = ORIENTED_EDGE ( 'NONE', *, *, #1255, .F. ) ;
#2947 = LINE ( 'NONE', #1081, #3386 ) ;
#2948 = CARTESIAN_POINT ( 'NONE',  ( 0.1299212598425196763, -0.3641732283464567121, -0.3543307086614173040 ) ) ;
#2949 = EDGE_CURVE ( 'NONE', #3064, #2279, #1797, .T. ) ;
#2950 = CIRCLE ( 'NONE', #2472, 0.02362204724409448092 ) ;
#2951 = DIRECTION ( 'NONE',  ( 0.000000000000000000, 0.000000000000000000, -1.000000000000000000 ) ) ;
#2952 = ADVANCED_FACE ( 'NONE', ( #4929 ), #4066, .F. ) ;
#2953 = CARTESIAN_POINT ( 'NONE',  ( 0.1181102362204724532, 0.1181102362204724532, -0.5118110236220472231 ) ) ;
#2954 = FACE_OUTER_BOUND ( 'NONE', #37, .T. ) ;
#2955 = CARTESIAN_POINT ( 'NONE',  ( 0.02657480314960630058, -0.1850393700787401619, -0.5039370078740157410 ) ) ;
#2956 = DIRECTION ( 'NONE',  ( 0.000000000000000000, -1.000000000000000000, 0.000000000000000000 ) ) ;
#2957 = AXIS2_PLACEMENT_3D ( 'NONE', #3846, #5652, #3054 ) ;
#2958 = DIRECTION ( 'NONE',  ( 0.000000000000000000, 0.000000000000000000, 1.000000000000000000 ) ) ;
#2959 = DIRECTION ( 'NONE',  ( -1.000000000000000000, 0.000000000000000000, 0.000000000000000000 ) ) ;
#2960 = ORIENTED_EDGE ( 'NONE', *, *, #5109, .F. ) ;
#2961 = DIRECTION ( 'NONE',  ( 1.000000000000000000, 0.000000000000000000, 0.000000000000000000 ) ) ;
#2962 = ORIENTED_EDGE ( 'NONE', *, *, #3618, .T. ) ;
#2963 = ORIENTED_EDGE ( 'NONE', *, *, #4528, .T. ) ;
#2964 = ORIENTED_EDGE ( 'NONE', *, *, #3248, .T. ) ;
#2965 = FACE_OUTER_BOUND ( 'NONE', #2701, .T. ) ;
#2966 = ORIENTED_EDGE ( 'NONE', *, *, #1389, .F. ) ;
#2967 = DIRECTION ( 'NONE',  ( -1.000000000000000000, 0.000000000000000000, 0.000000000000000000 ) ) ;
#2968 = LINE ( 'NONE', #658, #1784 ) ;
#2969 = ORIENTED_EDGE ( 'NONE', *, *, #2660, .F. ) ;
#2970 = LINE ( 'NONE', #2558, #4717 ) ;
#2971 = ORIENTED_EDGE ( 'NONE', *, *, #4756, .F. ) ;
#2972 = CARTESIAN_POINT ( 'NONE',  ( -0.07874015748031495954, -0.03937007874015747977, -0.5118110236220472231 ) ) ;
#2973 = EDGE_CURVE ( 'NONE', #4801, #5416, #3633, .T. ) ;
#2974 = DIRECTION ( 'NONE',  ( 0.000000000000000000, 0.000000000000000000, -1.000000000000000000 ) ) ;
#2975 = CARTESIAN_POINT ( 'NONE',  ( -0.09448818897637795144, -0.2952755905511810774, -0.1948818897637795422 ) ) ;
#2976 = PLANE ( 'NONE',  #5027 ) ;
#2977 = DIRECTION ( 'NONE',  ( 0.000000000000000000, 0.000000000000000000, 1.000000000000000000 ) ) ;
#2978 = DIRECTION ( 'NONE',  ( 0.000000000000000000, -1.000000000000000000, -5.204170427930420297E-16 ) ) ;
#2979 = DIRECTION ( 'NONE',  ( -0.6420295601556551546, 0.7666798835800611167, 0.000000000000000000 ) ) ;
#2980 = ADVANCED_FACE ( 'NONE', ( #2773 ), #5842, .F. ) ;
#2981 = EDGE_CURVE ( 'NONE', #3458, #1654, #3130, .T. ) ;
#2982 = VERTEX_POINT ( 'NONE', #5018 ) ;
#2983 = CARTESIAN_POINT ( 'NONE',  ( 0.1299212598425196763, -0.1377952755905511861, -0.3523622047244094335 ) ) ;
#2984 = LINE ( 'NONE', #4340, #2357 ) ;
#2985 = LINE ( 'NONE', #5234, #5292 ) ;
#2986 = ORIENTED_EDGE ( 'NONE', *, *, #1176, .F. ) ;
#2987 = CARTESIAN_POINT ( 'NONE',  ( -0.05905511811023622659, -0.07283464566929134798, -0.4074803149606299191 ) ) ;
#2988 = ORIENTED_EDGE ( 'NONE', *, *, #2078, .F. ) ;
#2989 = LINE ( 'NONE', #706, #3387 ) ;
#2990 = ORIENTED_EDGE ( 'NONE', *, *, #1359, .F. ) ;
#2991 = EDGE_CURVE ( 'NONE', #577, #3852, #4504, .T. ) ;
#2992 = CARTESIAN_POINT ( 'NONE',  ( 0.1456692913385826960, -0.3838582677165354173, -0.3763392517470452447 ) ) ;
#2993 = ORIENTED_EDGE ( 'NONE', *, *, #1863, .T. ) ;
#2994 = CARTESIAN_POINT ( 'NONE',  ( -0.1364826794570854485, -0.3712198905481169930, -0.3838582677165354173 ) ) ;
#2995 = ORIENTED_EDGE ( 'NONE', *, *, #2260, .T. ) ;
#2996 = DIRECTION ( 'NONE',  ( 1.000000000000000000, 0.000000000000000000, 0.000000000000000000 ) ) ;
#2997 = ORIENTED_EDGE ( 'NONE', *, *, #4600, .F. ) ;
#2998 = LINE ( 'NONE', #222, #1493 ) ;
#2999 = CYLINDRICAL_SURFACE ( 'NONE', #2281, 0.02362204724409448092 ) ;
#3000 = FACE_OUTER_BOUND ( 'NONE', #4994, .T. ) ;
#3001 = VECTOR ( 'NONE', #1388, 39.37007874015748143 ) ;
#3002 = LINE ( 'NONE', #2921, #2165 ) ;
#3003 = CARTESIAN_POINT ( 'NONE',  ( 0.1456692913385826960, -0.3838582677165355284, -0.3323221655757895299 ) ) ;
#3004 = DIRECTION ( 'NONE',  ( 0.000000000000000000, -1.000000000000000000, 0.000000000000000000 ) ) ;
#3005 = CARTESIAN_POINT ( 'NONE',  ( -0.02247628088667713922, -0.2362204724409448509, -0.4772473114015413076 ) ) ;
#3006 = AXIS2_PLACEMENT_3D ( 'NONE', #438, #5405, #1704 ) ;
#3007 = CARTESIAN_POINT ( 'NONE',  ( 3.977691375183335628E-18, -0.03937007874015713976, -0.4202755905511811330 ) ) ;
#3008 = EDGE_CURVE ( 'NONE', #3790, #1488, #5575, .T. ) ;
#3009 = AXIS2_PLACEMENT_3D ( 'NONE', #5670, #4755, #4274 ) ;
#3010 = CARTESIAN_POINT ( 'NONE',  ( -0.1686354307791350648, -0.3512210543337728752, -0.3248031496062992463 ) ) ;
#3011 = VECTOR ( 'NONE', #2859, 39.37007874015748854 ) ;
#3012 = CARTESIAN_POINT ( 'NONE',  ( 0.1496062992125984370, -0.2480314960629921295, 1.600692183787653844E-18 ) ) ;
#3013 = VERTEX_POINT ( 'NONE', #2684 ) ;
#3014 = VECTOR ( 'NONE', #1223, 39.37007874015748143 ) ;
#3015 = ORIENTED_EDGE ( 'NONE', *, *, #1318, .T. ) ;
#3016 = VECTOR ( 'NONE', #446, 39.37007874015748143 ) ;
#3017 = ADVANCED_BREP_SHAPE_REPRESENTATION ( 'Same_Sky_PJ-073', ( #3102, #3113, #3155, #4942, #79 ), #468 ) ;
#3018 = EDGE_CURVE ( 'NONE', #4990, #5569, #464, .T. ) ;
#3019 = EDGE_CURVE ( 'NONE', #2718, #4901, #1295, .T. ) ;
#3020 = ORIENTED_EDGE ( 'NONE', *, *, #1888, .F. ) ;
#3021 = AXIS2_PLACEMENT_3D ( 'NONE', #3895, #3455, #387 ) ;
#3022 = LINE ( 'NONE', #4828, #3845 ) ;
#3023 = ORIENTED_EDGE ( 'NONE', *, *, #1512, .T. ) ;
#3024 = CARTESIAN_POINT ( 'NONE',  ( -0.09842519685039370636, -0.08858267716535432601, -0.4271653543307086798 ) ) ;
#3025 = AXIS2_PLACEMENT_3D ( 'NONE', #5429, #2236, #4955 ) ;
#3026 = ORIENTED_EDGE ( 'NONE', *, *, #2431, .F. ) ;
#3027 = CARTESIAN_POINT ( 'NONE',  ( 0.01377952754474942934, -0.2559055118110236116, -0.4291338582677165503 ) ) ;
#3028 = LINE ( 'NONE', #780, #3111 ) ;
#3029 = ORIENTED_EDGE ( 'NONE', *, *, #122, .F. ) ;
#3030 = CARTESIAN_POINT ( 'NONE',  ( -0.1181102362204725365, -0.2893700787401574659, -0.1771653543307086798 ) ) ;
#3031 = ORIENTED_EDGE ( 'NONE', *, *, #839, .F. ) ;
#3032 = DIRECTION ( 'NONE',  ( 1.000000000000000000, 0.000000000000000000, 0.000000000000000000 ) ) ;
#3033 = CARTESIAN_POINT ( 'NONE',  ( 0.1574803149606299191, -0.2480314960629921295, -0.1062992125984252023 ) ) ;
#3034 = ORIENTED_EDGE ( 'NONE', *, *, #5677, .T. ) ;
#3035 = DIRECTION ( 'NONE',  ( 0.000000000000000000, 0.000000000000000000, 1.000000000000000000 ) ) ;
#3036 = VERTEX_POINT ( 'NONE', #3211 ) ;
#3037 = CARTESIAN_POINT ( 'NONE',  ( -0.1515748031496063075, -0.3641732283464567121, -0.3248031496062992463 ) ) ;
#3038 = FACE_OUTER_BOUND ( 'NONE', #5589, .T. ) ;
#3039 = LINE ( 'NONE', #4845, #1113 ) ;
#3040 = VECTOR ( 'NONE', #1865, 39.37007874015748143 ) ;
#3041 = DIRECTION ( 'NONE',  ( 1.000000000000000000, 0.000000000000000000, 0.000000000000000000 ) ) ;
#3042 = DIRECTION ( 'NONE',  ( 0.000000000000000000, 0.000000000000000000, 1.000000000000000000 ) ) ;
#3043 = FACE_OUTER_BOUND ( 'NONE', #178, .T. ) ;
#3044 = ORIENTED_EDGE ( 'NONE', *, *, #4602, .F. ) ;
#3045 = EDGE_CURVE ( 'NONE', #5821, #2878, #3093, .T. ) ;
#3046 = VECTOR ( 'NONE', #3125, 39.37007874015748143 ) ;
#3047 = ORIENTED_EDGE ( 'NONE', *, *, #4778, .F. ) ;
#3048 = VECTOR ( 'NONE', #1448, 39.37007874015748143 ) ;
#3049 = ORIENTED_EDGE ( 'NONE', *, *, #422, .F. ) ;
#3050 = ORIENTED_EDGE ( 'NONE', *, *, #3248, .F. ) ;
#3051 = CARTESIAN_POINT ( 'NONE',  ( -0.09055118110236221041, -0.2165354330708661457, -0.4251968503937008093 ) ) ;
#3052 = EDGE_CURVE ( 'NONE', #3816, #4714, #3160, .T. ) ;
#3053 = ADVANCED_FACE ( 'NONE', ( #1821 ), #4479, .T. ) ;
#3054 = DIRECTION ( 'NONE',  ( 0.000000000000000000, 0.000000000000000000, -1.000000000000000000 ) ) ;
#3055 = ORIENTED_EDGE ( 'NONE', *, *, #3709, .T. ) ;
#3056 = CARTESIAN_POINT ( 'NONE',  ( 0.01416606694003974369, -0.2360236220472441138, -0.4233424260092314984 ) ) ;
#3057 = CARTESIAN_POINT ( 'NONE',  ( 0.09448818897637795144, -0.2893700787401574659, -0.1771653543307086520 ) ) ;
#3058 = ORIENTED_EDGE ( 'NONE', *, *, #161, .T. ) ;
#3059 = DIRECTION ( 'NONE',  ( -0.000000000000000000, 1.000000000000000000, 0.000000000000000000 ) ) ;
#3060 = ORIENTED_EDGE ( 'NONE', *, *, #5247, .T. ) ;
#3061 = DIRECTION ( 'NONE',  ( 0.000000000000000000, 1.000000000000000000, 0.000000000000000000 ) ) ;
#3062 = DIRECTION ( 'NONE',  ( 1.000000000000000000, 0.000000000000000000, 0.000000000000000000 ) ) ;
#3063 = CARTESIAN_POINT ( 'NONE',  ( 0.1462350273299907744, -0.2667102563078775357, -0.3838582677165354173 ) ) ;
#3064 = VERTEX_POINT ( 'NONE', #4450 ) ;
#3065 = DIRECTION ( 'NONE',  ( -2.478176394218150321E-15, 0.000000000000000000, 1.000000000000000000 ) ) ;
#3066 = DIRECTION ( 'NONE',  ( -6.505213034913035282E-15, 1.000000000000000000, 0.000000000000000000 ) ) ;
#3067 = CARTESIAN_POINT ( 'NONE',  ( 0.07874015748031495954, -0.1456692913385826960, -0.3818897637795276023 ) ) ;
#3068 = ORIENTED_EDGE ( 'NONE', *, *, #5794, .F. ) ;
#3069 = DIRECTION ( 'NONE',  ( 0.000000000000000000, 0.000000000000000000, -1.000000000000000000 ) ) ;
#3070 = PRODUCT ( 'Same_Sky_PJ-073', 'Same_Sky_PJ-073', '', ( #2562 ) ) ;
#3071 = ADVANCED_FACE ( 'NONE', ( #409 ), #2208, .T. ) ;
#3072 = CYLINDRICAL_SURFACE ( 'NONE', #5007, 0.03248031496062989826 ) ;
#3073 = CARTESIAN_POINT ( 'NONE',  ( -0.09842519685039370636, -0.08858267716535432601, -0.4271653543307086798 ) ) ;
#3074 = VERTEX_POINT ( 'NONE', #5372 ) ;
#3075 = ORIENTED_EDGE ( 'NONE', *, *, #5794, .T. ) ;
#3076 = EDGE_CURVE ( 'NONE', #3594, #4222, #1324, .T. ) ;
#3077 = LINE ( 'NONE', #216, #93 ) ;
#3078 = ORIENTED_EDGE ( 'NONE', *, *, #2649, .T. ) ;
#3079 = CARTESIAN_POINT ( 'NONE',  ( -0.02657480314960630058, 0.1181102362204724532, -0.5039370078740157410 ) ) ;
#3080 = FACE_OUTER_BOUND ( 'NONE', #4080, .T. ) ;
#3081 = EDGE_CURVE ( 'NONE', #4901, #1334, #1791, .T. ) ;
#3082 = EDGE_CURVE ( 'NONE', #4284, #3373, #2711, .T. ) ;
#3083 = ORIENTED_EDGE ( 'NONE', *, *, #1045, .T. ) ;
#3084 = VERTEX_POINT ( 'NONE', #5102 ) ;
#3085 = LINE ( 'NONE', #3974, #4807 ) ;
#3086 = EDGE_LOOP ( 'NONE', ( #270, #5558, #5822, #4322 ) ) ;
#3087 = DIRECTION ( 'NONE',  ( 0.000000000000000000, 0.000000000000000000, -1.000000000000000000 ) ) ;
#3088 = CARTESIAN_POINT ( 'NONE',  ( 0.1181102362204724532, -0.08858267716535432601, -0.3602362204724409711 ) ) ;
#3089 = ORIENTED_EDGE ( 'NONE', *, *, #1824, .T. ) ;
#3090 = ADVANCED_FACE ( 'NONE', ( #1050 ), #1522, .T. ) ;
#3091 = DIRECTION ( 'NONE',  ( -1.000000000000000000, 0.000000000000000000, 0.000000000000000000 ) ) ;
#3092 = ORIENTED_EDGE ( 'NONE', *, *, #3524, .T. ) ;
#3093 = LINE ( 'NONE', #1734, #4533 ) ;
#3094 = EDGE_CURVE ( 'NONE', #4196, #4901, #3782, .T. ) ;
#3095 = CARTESIAN_POINT ( 'NONE',  ( 0.09448818897637795144, -0.2559055118110236116, -0.1771653543307086520 ) ) ;
#3096 = DIRECTION ( 'NONE',  ( -1.000000000000000000, 0.000000000000000000, 0.000000000000000000 ) ) ;
#3097 = CARTESIAN_POINT ( 'NONE',  ( 5.966537062774998049E-18, -0.03937007874015725772, -0.4133858267716565282 ) ) ;
#3098 = AXIS2_PLACEMENT_3D ( 'NONE', #35, #3145, #90 ) ;
#3099 = PLANE ( 'NONE',  #4915 ) ;
#3100 = CARTESIAN_POINT ( 'NONE',  ( -0.07677165354330671432, -0.2893700787401574659, -0.1771653543307086798 ) ) ;
#3101 = ORIENTED_EDGE ( 'NONE', *, *, #5833, .F. ) ;
#3102 = MANIFOLD_SOLID_BREP ( 'NONE', #407 ) ;
#3103 = AXIS2_PLACEMENT_3D ( 'NONE', #1237, #5788, #1736 ) ;
#3104 = ORIENTED_EDGE ( 'NONE', *, *, #1838, .F. ) ;
#3105 = UNCERTAINTY_MEASURE_WITH_UNIT (LENGTH_MEASURE( 1.000000000000000082E-05 ), #2879, 'distance_accuracy_value', 'NONE');
#3106 = TOROIDAL_SURFACE ( 'NONE', #3763, 0.03937007874015725772, 0.03248031496062991907 ) ;
#3107 = VECTOR ( 'NONE', #2616, 39.37007874015748143 ) ;
#3108 = DIRECTION ( 'NONE',  ( -1.000000000000000000, 0.000000000000000000, 0.000000000000000000 ) ) ;
#3109 = ORIENTED_EDGE ( 'NONE', *, *, #3873, .T. ) ;
#3110 = CARTESIAN_POINT ( 'NONE',  ( -0.09448818897637795144, -0.2165354330708661457, -0.2007874015748031260 ) ) ;
#3111 = VECTOR ( 'NONE', #5658, 39.37007874015748854 ) ;
#3112 = VECTOR ( 'NONE', #3682, 39.37007874015748143 ) ;
#3113 = MANIFOLD_SOLID_BREP ( 'NONE', #3988 ) ;
#3114 = DIRECTION ( 'NONE',  ( 0.000000000000000000, 0.000000000000000000, 1.000000000000000000 ) ) ;
#3115 = AXIS2_PLACEMENT_3D ( 'NONE', #5666, #2977, #1618 ) ;
#3116 = VECTOR ( 'NONE', #5817, 39.37007874015748143 ) ;
#3117 = ORIENTED_EDGE ( 'NONE', *, *, #225, .T. ) ;
#3118 = ORIENTED_EDGE ( 'NONE', *, *, #5139, .T. ) ;
#3119 = DIRECTION ( 'NONE',  ( 0.000000000000000000, -1.000000000000000000, 0.000000000000000000 ) ) ;
#3120 = EDGE_CURVE ( 'NONE', #29, #4432, #5571, .T. ) ;
#3121 = VECTOR ( 'NONE', #5111, 39.37007874015748854 ) ;
#3122 = TOROIDAL_SURFACE ( 'NONE', #2445, 0.02460629921259844047, 0.007874015748031494219 ) ;
#3123 = DIRECTION ( 'NONE',  ( 0.000000000000000000, 0.000000000000000000, -1.000000000000000000 ) ) ;
#3124 = VERTEX_POINT ( 'NONE', #4148 ) ;
#3125 = DIRECTION ( 'NONE',  ( 0.000000000000000000, 0.000000000000000000, 1.000000000000000000 ) ) ;
#3126 = CARTESIAN_POINT ( 'NONE',  ( 0.07874015748031495954, -0.1653543307086614012, -0.3838582677165354173 ) ) ;
#3127 = ORIENTED_EDGE ( 'NONE', *, *, #2026, .T. ) ;
#3128 = ORIENTED_EDGE ( 'NONE', *, *, #4520, .T. ) ;
#3129 = VERTEX_POINT ( 'NONE', #104 ) ;
#3130 = LINE ( 'NONE', #1403, #2077 ) ;
#3131 = PLANE ( 'NONE',  #2253 ) ;
#3132 = LINE ( 'NONE', #5815, #549 ) ;
#3133 = ADVANCED_FACE ( 'NONE', ( #1909 ), #1463, .F. ) ;
#3134 = CARTESIAN_POINT ( 'NONE',  ( -0.07874015748031495954, -0.08858267716535432601, -0.3602362204724409711 ) ) ;
#3135 = EDGE_CURVE ( 'NONE', #2566, #859, #3412, .T. ) ;
#3136 = DIRECTION ( 'NONE',  ( 0.000000000000000000, 0.000000000000000000, 1.000000000000000000 ) ) ;
#3137 = CARTESIAN_POINT ( 'NONE',  ( 0.1574803149606299191, -0.2480314960629921295, -0.1062992125984252023 ) ) ;
#3138 = ORIENTED_EDGE ( 'NONE', *, *, #304, .F. ) ;
#3139 = VECTOR ( 'NONE', #3152, 39.37007874015748143 ) ;
#3140 = VERTEX_POINT ( 'NONE', #2559 ) ;
#3141 = VECTOR ( 'NONE', #1825, 39.37007874015748143 ) ;
#3142 = VERTEX_POINT ( 'NONE', #1259 ) ;
#3143 = PLANE ( 'NONE',  #743 ) ;
#3144 = ORIENTED_EDGE ( 'NONE', *, *, #444, .T. ) ;
#3145 = DIRECTION ( 'NONE',  ( 0.000000000000000000, -1.000000000000000000, 0.000000000000000000 ) ) ;
#3146 = VECTOR ( 'NONE', #4679, 39.37007874015748143 ) ;
#3147 = VECTOR ( 'NONE', #3950, 39.37007874015748143 ) ;
#3148 = CARTESIAN_POINT ( 'NONE',  ( -0.1574803149606299191, -0.2559055118110236116, -0.1062992125984252023 ) ) ;
#3149 = EDGE_LOOP ( 'NONE', ( #4821, #3715, #704, #3153 ) ) ;
#3150 = ORIENTED_EDGE ( 'NONE', *, *, #5752, .T. ) ;
#3151 = CARTESIAN_POINT ( 'NONE',  ( -0.1240157480314960647, -0.1771653543307086520, -0.3248031496062992463 ) ) ;
#3152 = DIRECTION ( 'NONE',  ( 0.000000000000000000, 0.000000000000000000, -1.000000000000000000 ) ) ;
#3153 = ORIENTED_EDGE ( 'NONE', *, *, #54, .T. ) ;
#3154 = CARTESIAN_POINT ( 'NONE',  ( 0.000000000000000000, 0.000000000000000000, -0.3248031496062992463 ) ) ;
#3155 = MANIFOLD_SOLID_BREP ( 'NONE', #2008 ) ;
#3156 = CARTESIAN_POINT ( 'NONE',  ( -0.04527559055118110520, 0.07086614173228346358, -0.5039370078740157410 ) ) ;
#3157 = ORIENTED_EDGE ( 'NONE', *, *, #3947, .F. ) ;
#3158 = ORIENTED_EDGE ( 'NONE', *, *, #3444, .F. ) ;
#3159 = EDGE_CURVE ( 'NONE', #4527, #3229, #3934, .T. ) ;
#3160 = LINE ( 'NONE', #2658, #3 ) ;
#3161 = CARTESIAN_POINT ( 'NONE',  ( -0.1492913381491068892, -0.3743208111143737638, -0.3825358238203209749 ) ) ;
#3162 = DIRECTION ( 'NONE',  ( 0.000000000000000000, 0.000000000000000000, -1.000000000000000000 ) ) ;
#3163 = DIRECTION ( 'NONE',  ( 1.000000000000000000, 0.000000000000000000, 0.000000000000000000 ) ) ;
#3164 = EDGE_CURVE ( 'NONE', #4979, #1678, #2499, .T. ) ;
#3165 = CARTESIAN_POINT ( 'NONE',  ( 0.03444881889763779653, 0.1181102362204724532, -0.5118110236220472231 ) ) ;
#3166 = CYLINDRICAL_SURFACE ( 'NONE', #4150, 0.007874015748031499423 ) ;
#3167 = ORIENTED_EDGE ( 'NONE', *, *, #5192, .T. ) ;
#3168 = EDGE_CURVE ( 'NONE', #1542, #59, #4797, .T. ) ;
#3169 = ORIENTED_EDGE ( 'NONE', *, *, #960, .T. ) ;
#3170 = LINE ( 'NONE', #3616, #3016 ) ;
#3171 = CARTESIAN_POINT ( 'NONE',  ( 0.01636588960721315281, -0.2362204724409449064, -0.4247000947534984028 ) ) ;
#3172 = ORIENTED_EDGE ( 'NONE', *, *, #4016, .T. ) ;
#3173 = EDGE_CURVE ( 'NONE', #2882, #1221, #4812, .T. ) ;
#3174 = DIRECTION ( 'NONE',  ( -1.548860246407864815E-16, 1.000000000000000000, 0.000000000000000000 ) ) ;
#3175 = FACE_OUTER_BOUND ( 'NONE', #1990, .T. ) ;
#3176 = ORIENTED_EDGE ( 'NONE', *, *, #2719, .T. ) ;
#3177 = EDGE_LOOP ( 'NONE', ( #4255, #5776, #2370, #375 ) ) ;
#3178 = CARTESIAN_POINT ( 'NONE',  ( 0.005763926766901000982, -0.2362263354311722741, -0.4202755905470528242 ) ) ;
#3179 = CARTESIAN_POINT ( 'NONE',  ( 0.04527559055118110520, 0.07086614173228346358, -0.3818897637795276023 ) ) ;
#3180 = CARTESIAN_POINT ( 'NONE',  ( -0.1574803149606299191, -0.2559055118110236116, -0.1535433070866141780 ) ) ;
#3181 = CARTESIAN_POINT ( 'NONE',  ( 0.1181102362204724532, -0.2559055118110236116, -0.04724409448818897572 ) ) ;
#3182 = ORIENTED_EDGE ( 'NONE', *, *, #3269, .T. ) ;
#3183 = DIRECTION ( 'NONE',  ( 0.000000000000000000, -1.000000000000000000, 0.000000000000000000 ) ) ;
#3184 = FACE_OUTER_BOUND ( 'NONE', #368, .T. ) ;
#3185 = CARTESIAN_POINT ( 'NONE',  ( 0.1574803149606299191, -0.2559055118110236116, -0.1062992125984252023 ) ) ;
#3186 = LINE ( 'NONE', #4507, #5307 ) ;
#3187 = CARTESIAN_POINT ( 'NONE',  ( 0.07874015748031495954, -0.03937007874015747977, -0.3838582677165354173 ) ) ;
#3188 = CARTESIAN_POINT ( 'NONE',  ( -0.1455379536725980305, -0.3788029168491681697, -0.3248031496062992463 ) ) ;
#3189 = CIRCLE ( 'NONE', #5077, 0.007874015748031499423 ) ;
#3190 = EDGE_CURVE ( 'NONE', #1286, #4799, #3880, .T. ) ;
#3191 = ORIENTED_EDGE ( 'NONE', *, *, #3518, .T. ) ;
#3192 = ORIENTED_EDGE ( 'NONE', *, *, #87, .T. ) ;
#3193 = AXIS2_PLACEMENT_3D ( 'NONE', #4035, #1269, #5844 ) ;
#3194 = DIRECTION ( 'NONE',  ( 1.000000000000000000, 0.000000000000000000, 0.000000000000000000 ) ) ;
#3195 = CARTESIAN_POINT ( 'NONE',  ( -0.01413675618295570820, -0.2362204724409449064, -0.4821120441009401070 ) ) ;
#3196 = ORIENTED_EDGE ( 'NONE', *, *, #157, .F. ) ;
#3197 = DIRECTION ( 'NONE',  ( 0.000000000000000000, 0.000000000000000000, 1.000000000000000000 ) ) ;
#3198 = ADVANCED_FACE ( 'NONE', ( #5688 ), #306, .F. ) ;
#3199 = CARTESIAN_POINT ( 'NONE',  ( -0.1574803149606299191, -0.2559055118110236116, -0.007874015748031495954 ) ) ;
#3200 = EDGE_CURVE ( 'NONE', #1134, #5185, #5181, .T. ) ;
#3201 = ORIENTED_EDGE ( 'NONE', *, *, #2006, .F. ) ;
#3202 = VECTOR ( 'NONE', #1496, 39.37007874015748143 ) ;
#3203 = ORIENTED_EDGE ( 'NONE', *, *, #4898, .F. ) ;
#3204 = VECTOR ( 'NONE', #1394, 39.37007874015748143 ) ;
#3205 = DIRECTION ( 'NONE',  ( 0.000000000000000000, 0.000000000000000000, -1.000000000000000000 ) ) ;
#3206 = CARTESIAN_POINT ( 'NONE',  ( -0.1716476224774200754, -0.3308538648871460763, -0.3248031496062992463 ) ) ;
#3207 = CARTESIAN_POINT ( 'NONE',  ( 0.1299212598425196763, -0.2390222439278940902, -0.3917322834645669549 ) ) ;
#3208 = VECTOR ( 'NONE', #3091, 39.37007874015748143 ) ;
#3209 = CARTESIAN_POINT ( 'NONE',  ( 0.1181102362204724532, -0.08858267716535432601, -0.3602362204724409711 ) ) ;
#3210 = ORIENTED_EDGE ( 'NONE', *, *, #12, .F. ) ;
#3211 = CARTESIAN_POINT ( 'NONE',  ( 0.1299212598425196763, -0.1299212598425196763, -0.3602362204724409711 ) ) ;
#3212 = PLANE ( 'NONE',  #3581 ) ;
#3213 = VECTOR ( 'NONE', #3312, 39.37007874015748143 ) ;
#3214 = PLANE ( 'NONE',  #4698 ) ;
#3215 = LINE ( 'NONE', #24, #2192 ) ;
#3216 = AXIS2_PLACEMENT_3D ( 'NONE', #1198, #4364, #4416 ) ;
#3217 = DIRECTION ( 'NONE',  ( 1.000000000000000000, 0.000000000000000000, 0.000000000000000000 ) ) ;
#3218 = FACE_OUTER_BOUND ( 'NONE', #5235, .T. ) ;
#3219 = DIRECTION ( 'NONE',  ( 0.000000000000000000, 1.000000000000000000, 0.000000000000000000 ) ) ;
#3220 = PRODUCT_DEFINITION_CONTEXT ( 'detailed design', #1906, 'design' ) ;
#3221 = VECTOR ( 'NONE', #2249, 39.37007874015748143 ) ;
#3222 = CARTESIAN_POINT ( 'NONE',  ( 0.1181102362204724532, -0.08858267716535432601, -0.4271653543307086798 ) ) ;
#3223 = LINE ( 'NONE', #1421, #3213 ) ;
#3224 = EDGE_LOOP ( 'NONE', ( #2592, #241, #1477, #3818 ) ) ;
#3225 = EDGE_CURVE ( 'NONE', #1214, #1286, #3850, .T. ) ;
#3226 = DIRECTION ( 'NONE',  ( -1.000000000000000000, 0.000000000000000000, 0.000000000000000000 ) ) ;
#3227 = AXIS2_PLACEMENT_3D ( 'NONE', #2759, #5035, #3999 ) ;
#3228 = DIRECTION ( 'NONE',  ( 0.000000000000000000, 0.000000000000000000, 1.000000000000000000 ) ) ;
#3229 = VERTEX_POINT ( 'NONE', #5188 ) ;
#3230 = EDGE_CURVE ( 'NONE', #2656, #1488, #3028, .T. ) ;
#3231 = AXIS2_PLACEMENT_3D ( 'NONE', #3154, #2792, #431 ) ;
#3232 = ORIENTED_EDGE ( 'NONE', *, *, #3559, .T. ) ;
#3233 = DIRECTION ( 'NONE',  ( 1.000000000000000000, 0.000000000000000000, 0.000000000000000000 ) ) ;
#3234 = EDGE_CURVE ( 'NONE', #352, #3594, #332, .T. ) ;
#3235 = DIRECTION ( 'NONE',  ( 1.000000000000000000, 2.602085213965209695E-14, 0.000000000000000000 ) ) ;
#3236 = EDGE_CURVE ( 'NONE', #5206, #4529, #1576, .T. ) ;
#3237 = AXIS2_PLACEMENT_3D ( 'NONE', #4405, #1605, #2164 ) ;
#3238 = DIRECTION ( 'NONE',  ( 0.000000000000000000, 0.000000000000000000, -1.000000000000000000 ) ) ;
#3239 = LINE ( 'NONE', #2405, #3112 ) ;
#3240 = ORIENTED_EDGE ( 'NONE', *, *, #4454, .F. ) ;
#3241 = PRESENTATION_STYLE_ASSIGNMENT (( #1486 ) ) ;
#3242 = FACE_OUTER_BOUND ( 'NONE', #5298, .T. ) ;
#3243 = DIRECTION ( 'NONE',  ( -1.971276677246370040E-16, 0.000000000000000000, 1.000000000000000000 ) ) ;
#3244 = CARTESIAN_POINT ( 'NONE',  ( 0.1456692913385826960, -0.1377952755905511861, -0.3838582677165354173 ) ) ;
#3245 = CARTESIAN_POINT ( 'NONE',  ( 0.04527559055118110520, -0.03937007874015747977, -0.3818897637795276023 ) ) ;
#3246 = CARTESIAN_POINT ( 'NONE',  ( 0.1551107419867794324, -0.3693771711499164168, -0.3838582677165354173 ) ) ;
#3247 = FACE_OUTER_BOUND ( 'NONE', #3447, .T. ) ;
#3248 = EDGE_CURVE ( 'NONE', #3504, #4795, #2944, .T. ) ;
#3249 = PLANE ( 'NONE',  #4270 ) ;
#3250 = ORIENTED_EDGE ( 'NONE', *, *, #5109, .T. ) ;
#3251 = FACE_OUTER_BOUND ( 'NONE', #4655, .T. ) ;
#3252 = CARTESIAN_POINT ( 'NONE',  ( 0.01120568047454584618, -0.2559055118110236116, -0.4291338582677165503 ) ) ;
#3253 = VERTEX_POINT ( 'NONE', #2614 ) ;
#3254 = CARTESIAN_POINT ( 'NONE',  ( 0.07874015748031495954, -0.1456692913385826960, -0.4271653543307086798 ) ) ;
#3255 = EDGE_CURVE ( 'NONE', #889, #1134, #2449, .T. ) ;
#3256 = CARTESIAN_POINT ( 'NONE',  ( 0.1456692913385826960, -0.08858267716535432601, -0.4271653543307086798 ) ) ;
#3257 = ORIENTED_EDGE ( 'NONE', *, *, #3807, .F. ) ;
#3258 = ORIENTED_EDGE ( 'NONE', *, *, #1853, .T. ) ;
#3259 = CARTESIAN_POINT ( 'NONE',  ( 0.01636588960721315281, -0.2362204724409449064, -0.4247000947534984028 ) ) ;
#3260 = DIRECTION ( 'NONE',  ( 0.000000000000000000, -1.000000000000000000, 0.000000000000000000 ) ) ;
#3261 = EDGE_CURVE ( 'NONE', #5238, #434, #4049, .T. ) ;
#3262 = CARTESIAN_POINT ( 'NONE',  ( 0.1181102362204724532, -0.08858267716535432601, -0.3602362204724409711 ) ) ;
#3263 = DIRECTION ( 'NONE',  ( -0.5773502691896257311, -0.5773502691896257311, 0.5773502691896257311 ) ) ;
#3264 = ORIENTED_EDGE ( 'NONE', *, *, #5724, .F. ) ;
#3265 = LENGTH_MEASURE_WITH_UNIT ( LENGTH_MEASURE( 0.02539999999999999897 ), #1079 );
#3266 = ORIENTED_EDGE ( 'NONE', *, *, #2455, .T. ) ;
#3267 = DIRECTION ( 'NONE',  ( 0.000000000000000000, 0.000000000000000000, 1.000000000000000000 ) ) ;
#3268 = LINE ( 'NONE', #4069, #2819 ) ;
#3269 = EDGE_CURVE ( 'NONE', #69, #1288, #5535, .T. ) ;
#3270 = DIRECTION ( 'NONE',  ( -1.000000000000000000, 0.000000000000000000, 0.000000000000000000 ) ) ;
#3271 = ADVANCED_FACE ( 'NONE', ( #5774 ), #3776, .T. ) ;
#3272 = CARTESIAN_POINT ( 'NONE',  ( 0.1299212598425196763, -0.1377952755905511861, -0.3523622047244094335 ) ) ;
#3273 = CARTESIAN_POINT ( 'NONE',  ( 0.1474155162359376547, -0.3789135429223114415, -0.3799158580641144867 ) ) ;
#3274 = DIRECTION ( 'NONE',  ( 5.055354680658844185E-14, -3.252606517458983620E-15, 1.000000000000000000 ) ) ;
#3275 = ORIENTED_EDGE ( 'NONE', *, *, #3082, .F. ) ;
#3276 = VERTEX_POINT ( 'NONE', #2889 ) ;
#3277 = CARTESIAN_POINT ( 'NONE',  ( 0.1181102362204724532, -0.1456692913385826960, -0.5118110236220472231 ) ) ;
#3278 = DIRECTION ( 'NONE',  ( 1.000000000000000000, 0.000000000000000000, 0.000000000000000000 ) ) ;
#3279 = ORIENTED_EDGE ( 'NONE', *, *, #4310, .F. ) ;
#3280 = DIRECTION ( 'NONE',  ( -4.818676322157806250E-15, -1.000000000000000000, -0.000000000000000000 ) ) ;
#3281 = VECTOR ( 'NONE', #1805, 39.37007874015748143 ) ;
#3282 = ORIENTED_EDGE ( 'NONE', *, *, #225, .F. ) ;
#3283 = ORIENTED_EDGE ( 'NONE', *, *, #666, .F. ) ;
#3284 = ORIENTED_EDGE ( 'NONE', *, *, #2475, .T. ) ;
#3285 = CYLINDRICAL_SURFACE ( 'NONE', #1686, 0.007874015748031482076 ) ;
#3286 = CIRCLE ( 'NONE', #4128, 0.02952755905511813758 ) ;
#3287 = CARTESIAN_POINT ( 'NONE',  ( -0.1515748031496063075, -0.2637795275590551491, -0.3248031496062992463 ) ) ;
#3288 = CARTESIAN_POINT ( 'NONE',  ( -0.09842519685039370636, -0.08858267716535432601, -0.4271653543307086798 ) ) ;
#3289 = AXIS2_PLACEMENT_3D ( 'NONE', #5190, #715, #2438 ) ;
#3290 = DIRECTION ( 'NONE',  ( 0.000000000000000000, 1.000000000000000000, 0.000000000000000000 ) ) ;
#3291 = ORIENTED_EDGE ( 'NONE', *, *, #4371, .F. ) ;
#3292 = CARTESIAN_POINT ( 'NONE',  ( -0.02962241908993086537, -0.2360236220472441138, -0.4362337633014243821 ) ) ;
#3293 = ORIENTED_EDGE ( 'NONE', *, *, #5716, .T. ) ;
#3294 = DIRECTION ( 'NONE',  ( -0.000000000000000000, 1.000000000000000000, 0.000000000000000000 ) ) ;
#3295 = ADVANCED_FACE ( 'NONE', ( #137 ), #1057, .T. ) ;
#3296 = DIRECTION ( 'NONE',  ( 0.000000000000000000, 0.000000000000000000, 1.000000000000000000 ) ) ;
#3297 =( GEOMETRIC_REPRESENTATION_CONTEXT ( 3 ) GLOBAL_UNCERTAINTY_ASSIGNED_CONTEXT ( ( #5466 ) ) GLOBAL_UNIT_ASSIGNED_CONTEXT ( ( #272, #2081, #2046 ) ) REPRESENTATION_CONTEXT ( 'NONE', 'WORKASPACE' ) );
#3298 = VECTOR ( 'NONE', #1572, 39.37007874015748143 ) ;
#3299 = CARTESIAN_POINT ( 'NONE',  ( -0.1384161342347832446, -0.3689110546691067860, -0.3835725006845978058 ) ) ;
#3300 = DIRECTION ( 'NONE',  ( -1.000000000000000000, 0.000000000000000000, 0.000000000000000000 ) ) ;
#3301 = CIRCLE ( 'NONE', #5662, 0.007874015748031482076 ) ;
#3302 = AXIS2_PLACEMENT_3D ( 'NONE', #4728, #4160, #2486 ) ;
#3303 = LINE ( 'NONE', #2478, #3486 ) ;
#3304 = CARTESIAN_POINT ( 'NONE',  ( 0.02657480314960630058, -0.2165354330708661457, -0.4251968503937008093 ) ) ;
#3305 = EDGE_CURVE ( 'NONE', #4166, #1592, #4632, .T. ) ;
#3306 = ADVANCED_FACE ( 'NONE', ( #2778 ), #1939, .F. ) ;
#3307 = CARTESIAN_POINT ( 'NONE',  ( -0.1181102362204724532, 0.1181102362204724532, -0.5118110236220472231 ) ) ;
#3308 = VECTOR ( 'NONE', #1671, 39.37007874015748143 ) ;
#3309 = EDGE_CURVE ( 'NONE', #453, #2566, #1555, .T. ) ;
#3310 = ORIENTED_EDGE ( 'NONE', *, *, #2074, .F. ) ;
#3311 = LINE ( 'NONE', #4669, #186 ) ;
#3312 = DIRECTION ( 'NONE',  ( 0.000000000000000000, 0.000000000000000000, 1.000000000000000000 ) ) ;
#3313 = VERTEX_POINT ( 'NONE', #3272 ) ;
#3314 = DIRECTION ( 'NONE',  ( 1.000000000000000000, -1.224646799147353207E-16, -6.373270656782300505E-32 ) ) ;
#3315 = ORIENTED_EDGE ( 'NONE', *, *, #2669, .T. ) ;
#3316 = ORIENTED_EDGE ( 'NONE', *, *, #2431, .T. ) ;
#3317 = LINE ( 'NONE', #1128, #3954 ) ;
#3318 = VECTOR ( 'NONE', #2735, 39.37007874015748143 ) ;
#3319 = EDGE_CURVE ( 'NONE', #1182, #1789, #163, .T. ) ;
#3320 = CARTESIAN_POINT ( 'NONE',  ( -0.1496062992125984370, 0.1574803149606299191, -0.04724409448818897572 ) ) ;
#3321 = AXIS2_PLACEMENT_3D ( 'NONE', #234, #3838, #1595 ) ;
#3322 = DIRECTION ( 'NONE',  ( 0.000000000000000000, 0.000000000000000000, -1.000000000000000000 ) ) ;
#3323 = ORIENTED_EDGE ( 'NONE', *, *, #3081, .T. ) ;
#3324 = CARTESIAN_POINT ( 'NONE',  ( -0.02149970264447677304, -0.2360236220472441138, -0.4276698516515740622 ) ) ;
#3325 = FILL_AREA_STYLE_COLOUR ( '', #2261 ) ;
#3326 = EDGE_LOOP ( 'NONE', ( #2296, #954, #3232, #3338 ) ) ;
#3327 = DIRECTION ( 'NONE',  ( 0.000000000000000000, -1.000000000000000000, 0.000000000000000000 ) ) ;
#3328 = LINE ( 'NONE', #4295, #924 ) ;
#3329 = VECTOR ( 'NONE', #3680, 39.37007874015748143 ) ;
#3330 = VECTOR ( 'NONE', #4278, 39.37007874015748143 ) ;
#3331 = FACE_OUTER_BOUND ( 'NONE', #2772, .T. ) ;
#3332 = ADVANCED_FACE ( 'NONE', ( #5136 ), #1444, .T. ) ;
#3333 = CARTESIAN_POINT ( 'NONE',  ( -0.04527559055118110520, 0.07086614173228346358, -0.3818897637795276023 ) ) ;
#3334 = FACE_OUTER_BOUND ( 'NONE', #2243, .T. ) ;
#3335 = CARTESIAN_POINT ( 'NONE',  ( -0.1443330769932840429, -0.2668710524703382103, -0.3838582677165354173 ) ) ;
#3336 = CARTESIAN_POINT ( 'NONE',  ( -0.01377952755905511792, -0.3818897637795276023, -0.4291338582677165503 ) ) ;
#3337 = EDGE_CURVE ( 'NONE', #5648, #4432, #1502, .T. ) ;
#3338 = ORIENTED_EDGE ( 'NONE', *, *, #3366, .F. ) ;
#3339 = DIRECTION ( 'NONE',  ( 0.000000000000000000, -1.000000000000000000, 0.000000000000000000 ) ) ;
#3340 = EDGE_CURVE ( 'NONE', #2154, #396, #3493, .T. ) ;
#3341 = LINE ( 'NONE', #645, #5565 ) ;
#3342 = VERTEX_POINT ( 'NONE', #610 ) ;
#3343 = CARTESIAN_POINT ( 'NONE',  ( 1.988845687591665503E-18, -0.03937007874015725772, -0.4133858267716565282 ) ) ;
#3344 = ORIENTED_EDGE ( 'NONE', *, *, #3949, .T. ) ;
#3345 = EDGE_CURVE ( 'NONE', #333, #1190, #1084, .T. ) ;
#3346 = VERTEX_POINT ( 'NONE', #1914 ) ;
#3347 = ORIENTED_EDGE ( 'NONE', *, *, #1534, .T. ) ;
#3348 = LINE ( 'NONE', #3405, #2255 ) ;
#3349 = CARTESIAN_POINT ( 'NONE',  ( -0.1574803149606299191, -0.2559055118110236116, 0.000000000000000000 ) ) ;
#3350 = CARTESIAN_POINT ( 'NONE',  ( 0.1181102362204724532, -0.03937007874015747977, -0.5118110236220472231 ) ) ;
#3351 = EDGE_LOOP ( 'NONE', ( #675, #262, #2368, #1393 ) ) ;
#3352 = CARTESIAN_POINT ( 'NONE',  ( 0.02149970264447681467, -0.2360236220472441138, -0.4276698516515740622 ) ) ;
#3353 =( NAMED_UNIT ( * ) SI_UNIT ( $, .STERADIAN. ) SOLID_ANGLE_UNIT ( ) );
#3354 = ORIENTED_EDGE ( 'NONE', *, *, #5073, .T. ) ;
#3355 = FACE_OUTER_BOUND ( 'NONE', #1387, .T. ) ;
#3356 = DIRECTION ( 'NONE',  ( -1.000000000000000000, 0.000000000000000000, 0.000000000000000000 ) ) ;
#3357 = CARTESIAN_POINT ( 'NONE',  ( 0.09448818897637795144, -0.2165354330708661457, -0.1771653543307086520 ) ) ;
#3358 = CARTESIAN_POINT ( 'NONE',  ( 0.000000000000000000, 0.000000000000000000, -0.3248031496062992463 ) ) ;
#3359 = CARTESIAN_POINT ( 'NONE',  ( 0.1220472440944881942, -0.09645669291338582196, -0.3602362204724409711 ) ) ;
#3360 = CARTESIAN_POINT ( 'NONE',  ( -0.09448818897637795144, -0.2893700787401574659, -0.2007874015748031260 ) ) ;
#3361 = DIRECTION ( 'NONE',  ( 0.000000000000000000, 0.000000000000000000, 1.000000000000000000 ) ) ;
#3362 = EDGE_LOOP ( 'NONE', ( #5497, #4734, #4249, #3117, #618 ) ) ;
#3363 = PLANE ( 'NONE',  #1696 ) ;
#3364 = CARTESIAN_POINT ( 'NONE',  ( 0.007073991207651542622, -0.2362204724409449341, -0.4852362204718229655 ) ) ;
#3365 = VERTEX_POINT ( 'NONE', #637 ) ;
#3366 = EDGE_CURVE ( 'NONE', #2680, #5118, #2442, .T. ) ;
#3367 = EDGE_LOOP ( 'NONE', ( #4180, #2124, #2960, #3034, #3506, #1336 ) ) ;
#3368 = ORIENTED_EDGE ( 'NONE', *, *, #5062, .T. ) ;
#3369 = EDGE_LOOP ( 'NONE', ( #4389, #1983, #4691, #3655 ) ) ;
#3370 = ORIENTED_EDGE ( 'NONE', *, *, #4756, .T. ) ;
#3371 = DIRECTION ( 'NONE',  ( 0.000000000000000000, 0.000000000000000000, -1.000000000000000000 ) ) ;
#3372 = ADVANCED_FACE ( 'NONE', ( #2355 ), #4121, .T. ) ;
#3373 = VERTEX_POINT ( 'NONE', #4154 ) ;
#3374 = VECTOR ( 'NONE', #4644, 39.37007874015748143 ) ;
#3375 = ADVANCED_FACE ( 'NONE', ( #76 ), #110, .F. ) ;
#3376 = DIRECTION ( 'NONE',  ( 1.000000000000000000, 0.000000000000000000, 0.000000000000000000 ) ) ;
#3377 = DIRECTION ( 'NONE',  ( 0.000000000000000000, 1.000000000000000000, 0.000000000000000000 ) ) ;
#3378 = ORIENTED_EDGE ( 'NONE', *, *, #1813, .F. ) ;
#3379 = CARTESIAN_POINT ( 'NONE',  ( 0.02962241908993086537, -0.2360236220472441138, -0.4362337633014236604 ) ) ;
#3380 = CARTESIAN_POINT ( 'NONE',  ( 0.1181102362204724532, -0.2559055118110236116, -0.5118110236220472231 ) ) ;
#3381 = CIRCLE ( 'NONE', #5081, 0.007874015748031499423 ) ;
#3382 = VERTEX_POINT ( 'NONE', #2387 ) ;
#3383 = FACE_OUTER_BOUND ( 'NONE', #4101, .T. ) ;
#3384 = LINE ( 'NONE', #245, #1022 ) ;
#3385 = DIRECTION ( 'NONE',  ( -0.9196992218529371765, 0.3926236637329720836, 0.000000000000000000 ) ) ;
#3386 = VECTOR ( 'NONE', #1139, 39.37007874015748143 ) ;
#3387 = VECTOR ( 'NONE', #3998, 39.37007874015748143 ) ;
#3388 = PLANE ( 'NONE',  #4053 ) ;
#3389 = DIRECTION ( 'NONE',  ( 0.000000000000000000, 0.000000000000000000, -1.000000000000000000 ) ) ;
#3390 = CARTESIAN_POINT ( 'NONE',  ( 0.1496062992125984370, -0.2559055118110236116, -0.1535433070866141780 ) ) ;
#3391 = VECTOR ( 'NONE', #4417, 39.37007874015748143 ) ;
#3392 = VECTOR ( 'NONE', #3174, 39.37007874015748143 ) ;
#3393 = PLANE ( 'NONE',  #3804 ) ;
#3394 = CIRCLE ( 'NONE', #5288, 0.03248031496062991907 ) ;
#3395 = CARTESIAN_POINT ( 'NONE',  ( 0.000000000000000000, -0.03937007874015747977, -0.4527559055118110520 ) ) ;
#3396 = ORIENTED_EDGE ( 'NONE', *, *, #4898, .T. ) ;
#3397 = AXIS2_PLACEMENT_3D ( 'NONE', #4988, #941, #584 ) ;
#3398 = AXIS2_PLACEMENT_3D ( 'NONE', #2782, #5415, #4944 ) ;
#3399 = CARTESIAN_POINT ( 'NONE',  ( 0.1557340900632747938, -0.3435274019595783712, -0.3838582677165354173 ) ) ;
#3400 = EDGE_CURVE ( 'NONE', #4285, #4131, #5049, .T. ) ;
#3401 = ORIENTED_EDGE ( 'NONE', *, *, #3993, .T. ) ;
#3402 = ORIENTED_EDGE ( 'NONE', *, *, #3555, .F. ) ;
#3403 = ORIENTED_EDGE ( 'NONE', *, *, #4127, .F. ) ;
#3404 = ORIENTED_EDGE ( 'NONE', *, *, #2736, .T. ) ;
#3405 = CARTESIAN_POINT ( 'NONE',  ( 0.1299212598425196763, -0.2637795275590551491, -0.3248031496062992463 ) ) ;
#3406 = ORIENTED_EDGE ( 'NONE', *, *, #1899, .T. ) ;
#3407 = LINE ( 'NONE', #774, #5318 ) ;
#3408 = ADVANCED_FACE ( 'NONE', ( #582 ), #4184, .T. ) ;
#3409 = DIRECTION ( 'NONE',  ( -0.7071067811865504593, -0.7071067811865444641, 0.000000000000000000 ) ) ;
#3410 = VERTEX_POINT ( 'NONE', #786 ) ;
#3411 = CARTESIAN_POINT ( 'NONE',  ( 0.03383624429212319512, -0.2360236220472441138, -0.4527559055118110520 ) ) ;
#3412 = LINE ( 'NONE', #1636, #3772 ) ;
#3413 = VECTOR ( 'NONE', #2287, 39.37007874015748143 ) ;
#3414 = EDGE_CURVE ( 'NONE', #1105, #1542, #1803, .T. ) ;
#3415 = ORIENTED_EDGE ( 'NONE', *, *, #2728, .F. ) ;
#3416 = DIRECTION ( 'NONE',  ( 0.000000000000000000, 0.000000000000000000, -1.000000000000000000 ) ) ;
#3417 = LINE ( 'NONE', #1168, #5459 ) ;
#3418 = CARTESIAN_POINT ( 'NONE',  ( 0.1351599345345847192, -0.3690240933338633789, -0.3252043313956563542 ) ) ;
#3419 = DIRECTION ( 'NONE',  ( 0.000000000000000000, -1.000000000000000000, 0.000000000000000000 ) ) ;
#3420 = VECTOR ( 'NONE', #1142, 39.37007874015748143 ) ;
#3421 = CARTESIAN_POINT ( 'NONE',  ( -0.1574803149606299191, -0.2559055118110236116, -0.04724409448818897572 ) ) ;
#3422 = CARTESIAN_POINT ( 'NONE',  ( 0.1377620564239905865, -0.3657993923909774736, -0.3838582677165355284 ) ) ;
#3423 = LINE ( 'NONE', #817, #5668 ) ;
#3424 = DIRECTION ( 'NONE',  ( 0.000000000000000000, 0.000000000000000000, -1.000000000000000000 ) ) ;
#3425 = CIRCLE ( 'NONE', #4171, 0.02362204724409448092 ) ;
#3426 = LINE ( 'NONE', #3307, #4846 ) ;
#3427 = DIRECTION ( 'NONE',  ( 0.000000000000000000, 0.000000000000000000, 1.000000000000000000 ) ) ;
#3428 = FACE_OUTER_BOUND ( 'NONE', #943, .T. ) ;
#3429 = VERTEX_POINT ( 'NONE', #692 ) ;
#3430 = EDGE_CURVE ( 'NONE', #4432, #4463, #1143, .T. ) ;
#3431 = DIRECTION ( 'NONE',  ( 0.000000000000000000, 0.000000000000000000, 1.000000000000000000 ) ) ;
#3432 = ORIENTED_EDGE ( 'NONE', *, *, #2257, .T. ) ;
#3433 = ORIENTED_EDGE ( 'NONE', *, *, #4894, .F. ) ;
#3434 = DIRECTION ( 'NONE',  ( -0.6279800488664448732, -0.7782294380359158215, 0.000000000000000000 ) ) ;
#3435 = ORIENTED_EDGE ( 'NONE', *, *, #1179, .T. ) ;
#3436 = CARTESIAN_POINT ( 'NONE',  ( 0.1456692913385826960, -0.3822426679877496403, -0.3777842880742433018 ) ) ;
#3437 = ORIENTED_EDGE ( 'NONE', *, *, #3366, .T. ) ;
#3438 = DIRECTION ( 'NONE',  ( 0.000000000000000000, 0.000000000000000000, 1.000000000000000000 ) ) ;
#3439 = DIRECTION ( 'NONE',  ( 0.000000000000000000, 0.000000000000000000, 1.000000000000000000 ) ) ;
#3440 = VERTEX_POINT ( 'NONE', #1110 ) ;
#3441 = CARTESIAN_POINT ( 'NONE',  ( 0.09055118110236221041, -0.2559055118110236116, -0.2004570070200771825 ) ) ;
#3442 = ORIENTED_EDGE ( 'NONE', *, *, #3345, .T. ) ;
#3443 = CARTESIAN_POINT ( 'NONE',  ( 0.07677165354330701963, -0.2893700787401574104, -0.1771653543307086798 ) ) ;
#3444 = EDGE_CURVE ( 'NONE', #3554, #4842, #3002, .T. ) ;
#3445 = CARTESIAN_POINT ( 'NONE',  ( 0.02362204724409448786, 0.09842519685039370636, -0.3248031496062992463 ) ) ;
#3446 = CARTESIAN_POINT ( 'NONE',  ( 0.09448818897637795144, -0.2559055118110236116, -0.1535433070866141780 ) ) ;
#3447 = EDGE_LOOP ( 'NONE', ( #2849, #2234, #2825, #5621, #1151, #1692 ) ) ;
#3448 = DIRECTION ( 'NONE',  ( 0.000000000000000000, 0.000000000000000000, -1.000000000000000000 ) ) ;
#3449 = CARTESIAN_POINT ( 'NONE',  ( 0.07874015748031495954, -0.1771653543307086520, -0.3248031496062992463 ) ) ;
#3450 = LINE ( 'NONE', #5254, #176 ) ;
#3451 = LINE ( 'NONE', #4336, #2532 ) ;
#3452 = EDGE_CURVE ( 'NONE', #909, #1654, #5750, .T. ) ;
#3453 = CARTESIAN_POINT ( 'NONE',  ( -0.1574803149606299191, 0.1102362204724409434, -0.1535433070866141780 ) ) ;
#3454 = EDGE_CURVE ( 'NONE', #5416, #1800, #4720, .T. ) ;
#3455 = DIRECTION ( 'NONE',  ( -1.000000000000000000, 1.548860246407864815E-16, 0.000000000000000000 ) ) ;
#3456 = LINE ( 'NONE', #5168, #5854 ) ;
#3457 = ORIENTED_EDGE ( 'NONE', *, *, #4308, .T. ) ;
#3458 = VERTEX_POINT ( 'NONE', #5719 ) ;
#3459 = ORIENTED_EDGE ( 'NONE', *, *, #5113, .T. ) ;
#3460 =( BOUNDED_CURVE ( )  B_SPLINE_CURVE ( 3, ( #1693, #1261, #870, #2678 ),
 .UNSPECIFIED., .F., .F. ) 
 B_SPLINE_CURVE_WITH_KNOTS ( ( 4, 4 ),
 ( 4.471416665903180210, 4.712388980384689674 ),
 .UNSPECIFIED. ) 
 CURVE ( )  GEOMETRIC_REPRESENTATION_ITEM ( )  RATIONAL_B_SPLINE_CURVE ( ( 1.000000000000000000, 0.9951668797167899649, 0.9951668797167899649, 1.000000000000000000 ) ) 
 REPRESENTATION_ITEM ( '' )  );
#3461 = ORIENTED_EDGE ( 'NONE', *, *, #2002, .T. ) ;
#3462 = CARTESIAN_POINT ( 'NONE',  ( 0.1299212598425196763, -0.1377952755905511861, -0.3326771653543306728 ) ) ;
#3463 = ORIENTED_EDGE ( 'NONE', *, *, #4052, .T. ) ;
#3464 = CARTESIAN_POINT ( 'NONE',  ( -0.1364826794570854485, -0.3712198905481169930, -0.3256563072627974287 ) ) ;
#3465 = ORIENTED_EDGE ( 'NONE', *, *, #562, .F. ) ;
#3466 = DIRECTION ( 'NONE',  ( -1.000000000000000000, 0.000000000000000000, 0.000000000000000000 ) ) ;
#3467 = DIRECTION ( 'NONE',  ( 0.000000000000000000, 0.000000000000000000, 1.000000000000000000 ) ) ;
#3468 = VERTEX_POINT ( 'NONE', #2089 ) ;
#3469 = DIRECTION ( 'NONE',  ( 0.000000000000000000, 0.000000000000000000, 1.000000000000000000 ) ) ;
#3470 = EDGE_LOOP ( 'NONE', ( #1768, #3068, #5441, #123 ) ) ;
#3471 =( NAMED_UNIT ( * ) PLANE_ANGLE_UNIT ( ) SI_UNIT ( $, .RADIAN. ) );
#3472 = DIRECTION ( 'NONE',  ( 0.000000000000000000, 1.000000000000000000, 0.000000000000000000 ) ) ;
#3473 = LINE ( 'NONE', #1230, #405 ) ;
#3474 = ORIENTED_EDGE ( 'NONE', *, *, #3878, .F. ) ;
#3475 = VECTOR ( 'NONE', #3596, 39.37007874015748143 ) ;
#3476 = FACE_OUTER_BOUND ( 'NONE', #1451, .T. ) ;
#3477 = ORIENTED_EDGE ( 'NONE', *, *, #1747, .T. ) ;
#3478 = EDGE_CURVE ( 'NONE', #1733, #4979, #3889, .T. ) ;
#3479 = DIRECTION ( 'NONE',  ( 0.000000000000000000, 1.000000000000000000, 0.000000000000000000 ) ) ;
#3480 = CARTESIAN_POINT ( 'NONE',  ( -0.09055118110236221041, -0.2559055118110236116, -0.1538737016413401493 ) ) ;
#3481 = CARTESIAN_POINT ( 'NONE',  ( -0.1574803149606299191, -0.2559055118110236116, -0.04724409448818897572 ) ) ;
#3482 = DIRECTION ( 'NONE',  ( 0.000000000000000000, -1.000000000000000000, 0.000000000000000000 ) ) ;
#3483 = B_SPLINE_CURVE_WITH_KNOTS ( 'NONE', 1,
 ( #3719, #1410 ),
 .UNSPECIFIED., .F., .F.,
 ( 2, 2 ),
 ( 0.000000000000000000, 1.000000000000000000 ),
 .UNSPECIFIED. ) ;
#3484 = ADVANCED_FACE ( 'NONE', ( #2597 ), #5196, .F. ) ;
#3485 = ORIENTED_EDGE ( 'NONE', *, *, #3761, .T. ) ;
#3486 = VECTOR ( 'NONE', #2443, 39.37007874015748143 ) ;
#3487 = VECTOR ( 'NONE', #1822, 39.37007874015748143 ) ;
#3488 = CARTESIAN_POINT ( 'NONE',  ( 0.02362204724409448786, 0.07086614173228346358, -0.3818897637795276023 ) ) ;
#3489 = VECTOR ( 'NONE', #985, 39.37007874015748143 ) ;
#3490 = CARTESIAN_POINT ( 'NONE',  ( 0.04527559055118110520, -0.03937007874015747977, -0.3248031496062992463 ) ) ;
#3491 = ORIENTED_EDGE ( 'NONE', *, *, #3555, .T. ) ;
#3492 = ADVANCED_FACE ( 'NONE', ( #5252 ), #5229, .F. ) ;
#3493 = CIRCLE ( 'NONE', #938, 0.007874015748031499423 ) ;
#3494 = ORIENTED_EDGE ( 'NONE', *, *, #987, .T. ) ;
#3495 = AXIS2_PLACEMENT_3D ( 'NONE', #2793, #3553, #2521 ) ;
#3496 = ORIENTED_EDGE ( 'NONE', *, *, #4562, .F. ) ;
#3497 = AXIS2_PLACEMENT_3D ( 'NONE', #4014, #858, #1767 ) ;
#3498 = VECTOR ( 'NONE', #1536, 39.37007874015748143 ) ;
#3499 = CARTESIAN_POINT ( 'NONE',  ( 0.1557340900632747938, -0.3435274019595783712, -0.3248031496062992463 ) ) ;
#3500 = CARTESIAN_POINT ( 'NONE',  ( -0.1318897637795275746, -0.3819251173294247459, -0.3305931033052657564 ) ) ;
#3501 = ORIENTED_EDGE ( 'NONE', *, *, #205, .T. ) ;
#3502 = CARTESIAN_POINT ( 'NONE',  ( 0.009081027146307383072, -0.2360236220472441138, -0.4844385843780826817 ) ) ;
#3503 = CARTESIAN_POINT ( 'NONE',  ( 0.04527559055118110520, 0.07086614173228346358, -0.3248031496062992463 ) ) ;
#3504 = VERTEX_POINT ( 'NONE', #314 ) ;
#3505 = CARTESIAN_POINT ( 'NONE',  ( 0.1299212598425196763, -0.1299212598425196763, -0.3602362204724409711 ) ) ;
#3506 = ORIENTED_EDGE ( 'NONE', *, *, #1426, .T. ) ;
#3507 = SHAPE_DEFINITION_REPRESENTATION ( #5482, #3017 ) ;
#3508 = EDGE_CURVE ( 'NONE', #4137, #4498, #942, .T. ) ;
#3509 = CARTESIAN_POINT ( 'NONE',  ( -0.1595801565636226493, -0.3436380280327216985, -0.3838582677165354173 ) ) ;
#3510 = CARTESIAN_POINT ( 'NONE',  ( -0.1496062992125984370, -0.2480314960629921295, -0.007874015748031903614 ) ) ;
#3511 = DIRECTION ( 'NONE',  ( 1.000000000000000000, 0.000000000000000000, 0.000000000000000000 ) ) ;
#3512 = VERTEX_POINT ( 'NONE', #224 ) ;
#3513 = DIRECTION ( 'NONE',  ( 0.000000000000000000, 3.942553354492735149E-16, -1.000000000000000000 ) ) ;
#3514 = FACE_OUTER_BOUND ( 'NONE', #3362, .T. ) ;
#3515 = DIRECTION ( 'NONE',  ( 0.000000000000000000, 1.000000000000000000, 0.000000000000000000 ) ) ;
#3516 = VECTOR ( 'NONE', #2271, 39.37007874015748143 ) ;
#3517 = AXIS2_PLACEMENT_3D ( 'NONE', #4467, #918, #4024 ) ;
#3518 = EDGE_CURVE ( 'NONE', #2516, #1456, #749, .T. ) ;
#3519 = CARTESIAN_POINT ( 'NONE',  ( -0.09842519685039370636, -0.07283464566929134798, -0.4271653543307086798 ) ) ;
#3520 = DIRECTION ( 'NONE',  ( 1.000000000000000000, 0.000000000000000000, 0.000000000000000000 ) ) ;
#3521 = CARTESIAN_POINT ( 'NONE',  ( 0.1181102362204724532, -0.07283464566929134798, -0.3602362204724409711 ) ) ;
#3522 = ORIENTED_EDGE ( 'NONE', *, *, #4492, .F. ) ;
#3523 = ADVANCED_FACE ( 'NONE', ( #756 ), #3388, .F. ) ;
#3524 = EDGE_CURVE ( 'NONE', #5037, #1926, #3301, .T. ) ;
#3525 = AXIS2_PLACEMENT_3D ( 'NONE', #3904, #2131, #5710 ) ;
#3526 = ORIENTED_EDGE ( 'NONE', *, *, #2184, .F. ) ;
#3527 = AXIS2_PLACEMENT_3D ( 'NONE', #1890, #3664, #4548 ) ;
#3528 = ORIENTED_EDGE ( 'NONE', *, *, #2769, .T. ) ;
#3529 = DIRECTION ( 'NONE',  ( 1.000000000000000000, 0.000000000000000000, 0.000000000000000000 ) ) ;
#3530 = EDGE_LOOP ( 'NONE', ( #3432, #746, #2218, #2079 ) ) ;
#3531 = PLANE ( 'NONE',  #2429 ) ;
#3532 = ADVANCED_FACE ( 'NONE', ( #3476 ), #5284, .T. ) ;
#3533 = DIRECTION ( 'NONE',  ( 1.000000000000000000, 0.000000000000000000, 0.000000000000000000 ) ) ;
#3534 = EDGE_CURVE ( 'NONE', #2858, #5103, #1699, .T. ) ;
#3535 = VERTEX_POINT ( 'NONE', #2142 ) ;
#3536 = DIRECTION ( 'NONE',  ( 1.000000000000000000, 0.000000000000000000, 0.000000000000000000 ) ) ;
#3537 = DIRECTION ( 'NONE',  ( 1.000000000000000000, 0.000000000000000000, 0.000000000000000000 ) ) ;
#3538 = ORIENTED_EDGE ( 'NONE', *, *, #2037, .T. ) ;
#3539 = CARTESIAN_POINT ( 'NONE',  ( -0.05905511811023622659, -0.08858267716535432601, -0.4271653543307086798 ) ) ;
#3540 = ORIENTED_EDGE ( 'NONE', *, *, #2203, .T. ) ;
#3541 = DIRECTION ( 'NONE',  ( 0.000000000000000000, 0.000000000000000000, 1.000000000000000000 ) ) ;
#3542 = FACE_OUTER_BOUND ( 'NONE', #2157, .T. ) ;
#3543 = CARTESIAN_POINT ( 'NONE',  ( 0.1715311384824688978, -0.3297904909188866251, -0.3838582677165354173 ) ) ;
#3544 = DIRECTION ( 'NONE',  ( 2.168404344971012812E-15, 1.000000000000000000, 0.000000000000000000 ) ) ;
#3545 = DIRECTION ( 'NONE',  ( 0.000000000000000000, 1.000000000000000000, 0.000000000000000000 ) ) ;
#3546 = FACE_OUTER_BOUND ( 'NONE', #3224, .T. ) ;
#3547 = ORIENTED_EDGE ( 'NONE', *, *, #5651, .F. ) ;
#3548 = DIRECTION ( 'NONE',  ( 1.000000000000000000, 2.891205793294679411E-15, 0.000000000000000000 ) ) ;
#3549 = LINE ( 'NONE', #1707, #3592 ) ;
#3550 = DIRECTION ( 'NONE',  ( -1.000000000000000000, 0.000000000000000000, 0.000000000000000000 ) ) ;
#3551 = ORIENTED_EDGE ( 'NONE', *, *, #4984, .F. ) ;
#3552 = ORIENTED_EDGE ( 'NONE', *, *, #4350, .F. ) ;
#3553 = DIRECTION ( 'NONE',  ( 0.000000000000000000, 0.000000000000000000, -1.000000000000000000 ) ) ;
#3554 = VERTEX_POINT ( 'NONE', #4777 ) ;
#3555 = EDGE_CURVE ( 'NONE', #615, #434, #752, .T. ) ;
#3556 = DIRECTION ( 'NONE',  ( -0.000000000000000000, -6.071532165918829761E-16, -1.000000000000000000 ) ) ;
#3557 = FACE_OUTER_BOUND ( 'NONE', #2706, .T. ) ;
#3558 = ORIENTED_EDGE ( 'NONE', *, *, #2147, .F. ) ;
#3559 = EDGE_CURVE ( 'NONE', #315, #5118, #5225, .T. ) ;
#3560 = VERTEX_POINT ( 'NONE', #1171 ) ;
#3561 = PLANE ( 'NONE',  #4426 ) ;
#3562 = EDGE_LOOP ( 'NONE', ( #1475, #2467, #3354, #217 ) ) ;
#3563 = ADVANCED_FACE ( 'NONE', ( #312 ), #4532, .T. ) ;
#3564 = CARTESIAN_POINT ( 'NONE',  ( -0.1336571980737998044, -0.3753829995139545406, -0.3817586844921053713 ) ) ;
#3565 = ORIENTED_EDGE ( 'NONE', *, *, #2147, .T. ) ;
#3566 = CARTESIAN_POINT ( 'NONE',  ( 0.07874015748031495954, -0.03937007874015747977, -0.5118110236220472231 ) ) ;
#3567 = DIRECTION ( 'NONE',  ( 0.000000000000000000, 0.000000000000000000, 1.000000000000000000 ) ) ;
#3568 = ORIENTED_EDGE ( 'NONE', *, *, #544, .F. ) ;
#3569 = VERTEX_POINT ( 'NONE', #4968 ) ;
#3570 = CARTESIAN_POINT ( 'NONE',  ( -0.09842519685039370636, -0.07283464566929134798, -0.3602362204724409711 ) ) ;
#3571 = DIRECTION ( 'NONE',  ( 1.000000000000000000, 0.000000000000000000, 0.000000000000000000 ) ) ;
#3572 = DIRECTION ( 'NONE',  ( 0.000000000000000000, 1.008560160451631851E-16, -1.000000000000000000 ) ) ;
#3573 = CARTESIAN_POINT ( 'NONE',  ( 0.1574803149606299191, -0.2559055118110236116, -0.04724409448818897572 ) ) ;
#3574 = CIRCLE ( 'NONE', #4315, 0.02362204724409448092 ) ;
#3575 = AXIS2_PLACEMENT_3D ( 'NONE', #2294, #846, #5315 ) ;
#3576 = FACE_OUTER_BOUND ( 'NONE', #1840, .T. ) ;
#3577 = FACE_OUTER_BOUND ( 'NONE', #5122, .T. ) ;
#3578 = ORIENTED_EDGE ( 'NONE', *, *, #771, .T. ) ;
#3579 = VECTOR ( 'NONE', #4396, 39.37007874015748143 ) ;
#3580 = ORIENTED_EDGE ( 'NONE', *, *, #1353, .T. ) ;
#3581 = AXIS2_PLACEMENT_3D ( 'NONE', #221, #3294, #2917 ) ;
#3582 = MECHANICAL_DESIGN_GEOMETRIC_PRESENTATION_REPRESENTATION (  '', ( #4708 ), #5749 ) ;
#3583 = ORIENTED_EDGE ( 'NONE', *, *, #1666, .F. ) ;
#3584 = DIRECTION ( 'NONE',  ( 0.000000000000000000, 0.000000000000000000, -1.000000000000000000 ) ) ;
#3585 = ORIENTED_EDGE ( 'NONE', *, *, #3993, .F. ) ;
#3586 = CARTESIAN_POINT ( 'NONE',  ( 0.1456692913385826960, -0.08858267716535432601, -0.4271653543307086798 ) ) ;
#3587 =( GEOMETRIC_REPRESENTATION_CONTEXT ( 3 ) GLOBAL_UNCERTAINTY_ASSIGNED_CONTEXT ( ( #4579 ) ) GLOBAL_UNIT_ASSIGNED_CONTEXT ( ( #2318, #2347, #5603 ) ) REPRESENTATION_CONTEXT ( 'NONE', 'WORKASPACE' ) );
#3588 = VECTOR ( 'NONE', #3263, 39.37007874015748854 ) ;
#3589 = EDGE_CURVE ( 'NONE', #1214, #3342, #4353, .T. ) ;
#3590 = LINE ( 'NONE', #4524, #493 ) ;
#3591 = VECTOR ( 'NONE', #4341, 39.37007874015748143 ) ;
#3592 = VECTOR ( 'NONE', #2629, 39.37007874015748143 ) ;
#3593 = VERTEX_POINT ( 'NONE', #2591 ) ;
#3594 = VERTEX_POINT ( 'NONE', #4796 ) ;
#3595 = DIRECTION ( 'NONE',  ( 0.000000000000000000, 0.000000000000000000, 1.000000000000000000 ) ) ;
#3596 = DIRECTION ( 'NONE',  ( 0.000000000000000000, 0.000000000000000000, 1.000000000000000000 ) ) ;
#3597 = VECTOR ( 'NONE', #2742, 39.37007874015748143 ) ;
#3598 = CARTESIAN_POINT ( 'NONE',  ( 0.1181102362204724532, 0.1181102362204724532, -0.1062992125984252023 ) ) ;
#3599 = EDGE_CURVE ( 'NONE', #3813, #2187, #2970, .T. ) ;
#3600 = DIRECTION ( 'NONE',  ( -0.7071067811865480168, -0.7071067811865470176, -6.969515530378979294E-17 ) ) ;
#3601 = EDGE_CURVE ( 'NONE', #3926, #5855, #4518, .T. ) ;
#3602 = CARTESIAN_POINT ( 'NONE',  ( -0.05314960629921260116, 0.07874015748031495954, -0.5118110236220472231 ) ) ;
#3603 = VERTEX_POINT ( 'NONE', #4384 ) ;
#3604 = ORIENTED_EDGE ( 'NONE', *, *, #1711, .F. ) ;
#3605 = CARTESIAN_POINT ( 'NONE',  ( 0.1535433070866141780, -0.2390222439278940902, -0.3838582677165354173 ) ) ;
#3606 = FACE_OUTER_BOUND ( 'NONE', #2606, .T. ) ;
#3607 = LINE ( 'NONE', #1354, #1210 ) ;
#3608 = DIRECTION ( 'NONE',  ( 1.000000000000000000, 0.000000000000000000, 0.000000000000000000 ) ) ;
#3609 = PLANE ( 'NONE',  #565 ) ;
#3610 = CARTESIAN_POINT ( 'NONE',  ( 0.04527559055118110520, -0.03937007874015747977, -0.5039370078740157410 ) ) ;
#3611 = ORIENTED_EDGE ( 'NONE', *, *, #4705, .T. ) ;
#3612 = CIRCLE ( 'NONE', #4639, 0.007874015748031499423 ) ;
#3613 = CARTESIAN_POINT ( 'NONE',  ( -0.07874015748031495954, -0.03937007874015747977, -0.3248031496062992463 ) ) ;
#3614 = ORIENTED_EDGE ( 'NONE', *, *, #1967, .F. ) ;
#3615 = AXIS2_PLACEMENT_3D ( 'NONE', #4209, #2833, #4297 ) ;
#3616 = CARTESIAN_POINT ( 'NONE',  ( -0.02362204724409448786, -0.03937007874015747977, -0.3248031496062992463 ) ) ;
#3617 = ORIENTED_EDGE ( 'NONE', *, *, #2074, .T. ) ;
#3618 = EDGE_CURVE ( 'NONE', #512, #4252, #4832, .T. ) ;
#3619 = CARTESIAN_POINT ( 'NONE',  ( 0.07086614173228340807, -0.2893700787401574659, -0.1771653543307086798 ) ) ;
#3620 = VECTOR ( 'NONE', #101, 39.37007874015748143 ) ;
#3621 = AXIS2_PLACEMENT_3D ( 'NONE', #1271, #2212, #2663 ) ;
#3622 = DIRECTION ( 'NONE',  ( 0.000000000000000000, -1.000000000000000000, 0.000000000000000000 ) ) ;
#3623 = EDGE_LOOP ( 'NONE', ( #3257, #3611, #2019, #705, #4265, #589 ) ) ;
#3624 = ORIENTED_EDGE ( 'NONE', *, *, #5036, .T. ) ;
#3625 = DIRECTION ( 'NONE',  ( 1.000000000000000000, -2.168404344971005318E-15, 0.000000000000000000 ) ) ;
#3626 = ORIENTED_EDGE ( 'NONE', *, *, #2031, .T. ) ;
#3627 = DIRECTION ( 'NONE',  ( 0.000000000000000000, 0.000000000000000000, 1.000000000000000000 ) ) ;
#3628 = CARTESIAN_POINT ( 'NONE',  ( -0.09842519685039370636, -0.07283464566929134798, -0.3602362204724409711 ) ) ;
#3629 = CARTESIAN_POINT ( 'NONE',  ( -0.1318897637795275746, -0.3838582677165354173, -0.3763392517470451892 ) ) ;
#3630 = VERTEX_POINT ( 'NONE', #4860 ) ;
#3631 = ORIENTED_EDGE ( 'NONE', *, *, #1202, .F. ) ;
#3632 = ORIENTED_EDGE ( 'NONE', *, *, #2619, .T. ) ;
#3633 = LINE ( 'NONE', #880, #757 ) ;
#3634 = CARTESIAN_POINT ( 'NONE',  ( 0.1456692913385826960, -0.3838582677165355284, -0.3323221655757895299 ) ) ;
#3635 = ADVANCED_FACE ( 'NONE', ( #2133 ), #2222, .T. ) ;
#3636 = CARTESIAN_POINT ( 'NONE',  ( 0.1181102362204724532, 0.1181102362204724532, -0.1062992125984252023 ) ) ;
#3637 = LINE ( 'NONE', #2300, #298 ) ;
#3638 = PLANE ( 'NONE',  #856 ) ;
#3639 = CARTESIAN_POINT ( 'NONE',  ( 0.1299212598425196763, -0.07283464566929134798, -0.3602362204724409711 ) ) ;
#3640 = ORIENTED_EDGE ( 'NONE', *, *, #3937, .F. ) ;
#3641 = EDGE_CURVE ( 'NONE', #4799, #5768, #1920, .T. ) ;
#3642 = EDGE_CURVE ( 'NONE', #3013, #4387, #3223, .T. ) ;
#3643 = DIRECTION ( 'NONE',  ( 0.000000000000000000, 1.000000000000000000, 0.000000000000000000 ) ) ;
#3644 = DIRECTION ( 'NONE',  ( 0.000000000000000000, 0.000000000000000000, -1.000000000000000000 ) ) ;
#3645 = CARTESIAN_POINT ( 'NONE',  ( 0.02950851402184881053, -0.2362204724409448509, -0.4680614539087112891 ) ) ;
#3646 = ORIENTED_EDGE ( 'NONE', *, *, #4787, .T. ) ;
#3647 = CARTESIAN_POINT ( 'NONE',  ( 0.1496062992125984370, -0.2559055118110236116, 3.201384367575307689E-18 ) ) ;
#3648 = DIRECTION ( 'NONE',  ( 0.000000000000000000, 0.000000000000000000, 1.000000000000000000 ) ) ;
#3649 = EDGE_LOOP ( 'NONE', ( #5212, #5656, #5510, #1224, #4552, #2127, #1270, #3266, #1007 ) ) ;
#3650 = ORIENTED_EDGE ( 'NONE', *, *, #183, .T. ) ;
#3651 = LINE ( 'NONE', #957, #3489 ) ;
#3652 = DIRECTION ( 'NONE',  ( 1.000000000000000000, 0.000000000000000000, 0.000000000000000000 ) ) ;
#3653 = FACE_OUTER_BOUND ( 'NONE', #4214, .T. ) ;
#3654 = CARTESIAN_POINT ( 'NONE',  ( 0.1299212598425196763, -0.1802690946547830797, -0.4271653543307086798 ) ) ;
#3655 = ORIENTED_EDGE ( 'NONE', *, *, #1460, .F. ) ;
#3656 = DIRECTION ( 'NONE',  ( 0.000000000000000000, -1.000000000000000000, 0.000000000000000000 ) ) ;
#3657 = LINE ( 'NONE', #71, #1313 ) ;
#3658 = CARTESIAN_POINT ( 'NONE',  ( 0.02657480314960630058, -0.1850393700787401619, -0.4251968503937008093 ) ) ;
#3659 = CARTESIAN_POINT ( 'NONE',  ( 0.04527559055118110520, 0.07086614173228346358, -0.5039370078740157410 ) ) ;
#3660 = ADVANCED_FACE ( 'NONE', ( #1003 ), #1386, .F. ) ;
#3661 = DIRECTION ( 'NONE',  ( 0.000000000000000000, 0.000000000000000000, -1.000000000000000000 ) ) ;
#3662 = DIRECTION ( 'NONE',  ( 0.000000000000000000, 0.000000000000000000, 1.000000000000000000 ) ) ;
#3663 = CIRCLE ( 'NONE', #1391, 0.03248031496062991907 ) ;
#3664 = DIRECTION ( 'NONE',  ( 0.000000000000000000, -1.000000000000000000, 0.000000000000000000 ) ) ;
#3665 = EDGE_CURVE ( 'NONE', #678, #2787, #1946, .T. ) ;
#3666 = CARTESIAN_POINT ( 'NONE',  ( -0.1181102362204724532, -0.2559055118110236116, -0.5118110236220472231 ) ) ;
#3667 = EDGE_CURVE ( 'NONE', #4888, #5127, #1377, .T. ) ;
#3668 = CARTESIAN_POINT ( 'NONE',  ( -0.02964553060598594178, -0.2362204724409449064, -0.4362098842138716903 ) ) ;
#3669 = ORIENTED_EDGE ( 'NONE', *, *, #1599, .F. ) ;
#3670 = DIRECTION ( 'NONE',  ( 1.971276677246364863E-16, 1.000000000000000000, 0.000000000000000000 ) ) ;
#3671 = DIRECTION ( 'NONE',  ( 0.000000000000000000, 0.000000000000000000, 1.000000000000000000 ) ) ;
#3672 = VERTEX_POINT ( 'NONE', #5673 ) ;
#3673 =( GEOMETRIC_REPRESENTATION_CONTEXT ( 3 ) GLOBAL_UNCERTAINTY_ASSIGNED_CONTEXT ( ( #1801 ) ) GLOBAL_UNIT_ASSIGNED_CONTEXT ( ( #630, #1876, #3353 ) ) REPRESENTATION_CONTEXT ( 'NONE', 'WORKASPACE' ) );
#3674 = VECTOR ( 'NONE', #578, 39.37007874015748854 ) ;
#3675 = ORIENTED_EDGE ( 'NONE', *, *, #310, .T. ) ;
#3676 = AXIS2_PLACEMENT_3D ( 'NONE', #5542, #1489, #4659 ) ;
#3677 = CARTESIAN_POINT ( 'NONE',  ( 0.01138713027564050052, -0.2362204724420044200, -0.4217958184770673746 ) ) ;
#3678 = CARTESIAN_POINT ( 'NONE',  ( -0.1318897637795275746, -0.3838582677165354173, -0.3763392517470451892 ) ) ;
#3679 = CIRCLE ( 'NONE', #1125, 0.007874015748031499423 ) ;
#3680 = DIRECTION ( 'NONE',  ( 0.000000000000000000, 1.008560160451631851E-16, -1.000000000000000000 ) ) ;
#3681 = AXIS2_PLACEMENT_3D ( 'NONE', #4895, #408, #5400 ) ;
#3682 = DIRECTION ( 'NONE',  ( 9.856383386231860060E-17, 0.000000000000000000, -1.000000000000000000 ) ) ;
#3683 = ORIENTED_EDGE ( 'NONE', *, *, #3236, .T. ) ;
#3684 = CARTESIAN_POINT ( 'NONE',  ( -0.1574812992125984301, -0.1456692913385826960, -0.4271653543307086798 ) ) ;
#3685 = EDGE_CURVE ( 'NONE', #356, #1488, #1562, .T. ) ;
#3686 = AXIS2_PLACEMENT_3D ( 'NONE', #553, #2839, #4599 ) ;
#3687 = CIRCLE ( 'NONE', #2745, 0.02362204724409448092 ) ;
#3688 = PLANE ( 'NONE',  #5275 ) ;
#3689 = B_SPLINE_CURVE_WITH_KNOTS ( 'NONE', 3,
 ( #3678, #2679, #1755, #3564, #1369, #5363 ),
 .UNSPECIFIED., .F., .F.,
 ( 4, 2, 4 ),
 ( 8.716877585302701703E-18, 0.0001953129433479889470, 0.0003906258866959691663 ),
 .UNSPECIFIED. ) ;
#3690 = DIRECTION ( 'NONE',  ( 1.000000000000000000, 0.000000000000000000, -8.673617379884039416E-16 ) ) ;
#3691 = DIRECTION ( 'NONE',  ( -1.577021341797094849E-16, -1.000000000000000000, 0.000000000000000000 ) ) ;
#3692 = DIRECTION ( 'NONE',  ( 0.000000000000000000, 0.000000000000000000, 1.000000000000000000 ) ) ;
#3693 = DIRECTION ( 'NONE',  ( 0.000000000000000000, 0.000000000000000000, 1.000000000000000000 ) ) ;
#3694 = EDGE_CURVE ( 'NONE', #4795, #453, #4695, .T. ) ;
#3695 = CARTESIAN_POINT ( 'NONE',  ( -0.1574803149606299191, -0.2559055118110236116, -0.1062992125984252023 ) ) ;
#3696 = VERTEX_POINT ( 'NONE', #2512 ) ;
#3697 = VECTOR ( 'NONE', #2786, 39.37007874015748143 ) ;
#3698 = CARTESIAN_POINT ( 'NONE',  ( -0.07874015748031495954, -0.08858267716535432601, -0.4271653543307086798 ) ) ;
#3699 = CARTESIAN_POINT ( 'NONE',  ( -0.02964553060598602505, -0.2362204724409449064, -0.4693019268097503582 ) ) ;
#3700 = ORIENTED_EDGE ( 'NONE', *, *, #586, .T. ) ;
#3701 = CARTESIAN_POINT ( 'NONE',  ( -0.1181102362204724532, 0.1181102362204724532, -0.1062992125984252023 ) ) ;
#3702 = ADVANCED_FACE ( 'NONE', ( #4760 ), #1651, .T. ) ;
#3703 = VECTOR ( 'NONE', #108, 39.37007874015748143 ) ;
#3704 = DIRECTION ( 'NONE',  ( -1.000000000000000000, 1.971276677246364863E-16, 0.000000000000000000 ) ) ;
#3705 = EDGE_LOOP ( 'NONE', ( #4277, #867, #1048, #5060, #2284, #1032, #3169, #1358, #575, #2068, #1947, #5601 ) ) ;
#3706 = AXIS2_PLACEMENT_3D ( 'NONE', #5485, #5365, #1435 ) ;
#3707 = ORIENTED_EDGE ( 'NONE', *, *, #2260, .F. ) ;
#3708 = FACE_OUTER_BOUND ( 'NONE', #1124, .T. ) ;
#3709 = EDGE_CURVE ( 'NONE', #1811, #3877, #5638, .T. ) ;
#3710 = PLANE ( 'NONE',  #4324 ) ;
#3711 = EDGE_CURVE ( 'NONE', #4997, #2378, #3456, .T. ) ;
#3712 = VECTOR ( 'NONE', #5271, 39.37007874015748143 ) ;
#3713 = CARTESIAN_POINT ( 'NONE',  ( -0.1574812992125984301, -0.1771653543307086520, -0.3248031496062992463 ) ) ;
#3714 = PLANE ( 'NONE',  #3862 ) ;
#3715 = ORIENTED_EDGE ( 'NONE', *, *, #2436, .T. ) ;
#3716 =( LENGTH_UNIT ( ) NAMED_UNIT ( * ) SI_UNIT ( $, .METRE. ) );
#3717 = CARTESIAN_POINT ( 'NONE',  ( -0.09842519685039370636, -0.07283464566929134798, -0.3602362204724409711 ) ) ;
#3718 = FACE_OUTER_BOUND ( 'NONE', #303, .T. ) ;
#3719 = CARTESIAN_POINT ( 'NONE',  ( 0.01377952755190228404, -0.2559055118110236116, -0.4291338582677165503 ) ) ;
#3720 = DIRECTION ( 'NONE',  ( -0.5773502691896257311, -0.5773502691896257311, 0.5773502691896257311 ) ) ;
#3721 = DIRECTION ( 'NONE',  ( -0.7071067811865415775, 0.7071067811865535679, 0.000000000000000000 ) ) ;
#3722 = CARTESIAN_POINT ( 'NONE',  ( 0.1496062992125984370, 0.1496062992125984370, 3.201384367575307689E-18 ) ) ;
#3723 = CARTESIAN_POINT ( 'NONE',  ( 0.1679896717646279791, -0.3534168515480263228, -0.3838582677165354173 ) ) ;
#3724 = ORIENTED_EDGE ( 'NONE', *, *, #5825, .F. ) ;
#3725 = CARTESIAN_POINT ( 'NONE',  ( -0.1318897637795275746, -0.2559055118110236116, -0.3838582677165354173 ) ) ;
#3726 = CARTESIAN_POINT ( 'NONE',  ( 2.638641767275795224E-06, -0.2360236220472441138, -0.4857716353959196653 ) ) ;
#3727 = VERTEX_POINT ( 'NONE', #763 ) ;
#3728 = DIRECTION ( 'NONE',  ( 3.701697761609327156E-14, -1.364552176707330183E-27, 1.000000000000000000 ) ) ;
#3729 = EDGE_CURVE ( 'NONE', #1422, #1332, #4305, .T. ) ;
#3730 = ORIENTED_EDGE ( 'NONE', *, *, #3735, .F. ) ;
#3731 = ORIENTED_EDGE ( 'NONE', *, *, #16, .T. ) ;
#3732 = CARTESIAN_POINT ( 'NONE',  ( 0.05314960629921260116, 0.07874015748031495954, -0.5118110236220472231 ) ) ;
#3733 = CARTESIAN_POINT ( 'NONE',  ( -0.1574812992125984301, -0.1653543307086614012, -0.3838582677165354173 ) ) ;
#3734 = FACE_OUTER_BOUND ( 'NONE', #5572, .T. ) ;
#3735 = EDGE_CURVE ( 'NONE', #1908, #700, #3341, .T. ) ;
#3736 = CARTESIAN_POINT ( 'NONE',  ( -0.1443330769932840429, -0.2668710524703382103, -0.3838582677165354173 ) ) ;
#3737 = VERTEX_POINT ( 'NONE', #1591 ) ;
#3738 = CARTESIAN_POINT ( 'NONE',  ( 0.01413675618295568912, -0.2362204724409449064, -0.4821120441009401070 ) ) ;
#3739 = ADVANCED_FACE ( 'NONE', ( #254 ), #209, .F. ) ;
#3740 = ORIENTED_EDGE ( 'NONE', *, *, #2594, .F. ) ;
#3741 = CARTESIAN_POINT ( 'NONE',  ( 0.02362204724409448786, 0.07086614173228346358, -0.5039370078740157410 ) ) ;
#3742 = CARTESIAN_POINT ( 'NONE',  ( 0.01377952755979509891, -0.2559055118110236116, -0.4763779527559054983 ) ) ;
#3743 = ADVANCED_FACE ( 'NONE', ( #2577 ), #2543, .T. ) ;
#3744 = CARTESIAN_POINT ( 'NONE',  ( 0.1220472440944881942, -0.09645669291338582196, -0.3602362204724409711 ) ) ;
#3745 = CARTESIAN_POINT ( 'NONE',  ( 0.02657480314960630058, -0.2165354330708661457, -0.3818897637795276023 ) ) ;
#3746 = DIRECTION ( 'NONE',  ( -1.000000000000000000, 0.000000000000000000, 0.000000000000000000 ) ) ;
#3747 = FACE_OUTER_BOUND ( 'NONE', #5032, .T. ) ;
#3748 = FACE_OUTER_BOUND ( 'NONE', #3649, .T. ) ;
#3749 = ORIENTED_EDGE ( 'NONE', *, *, #854, .T. ) ;
#3750 = CARTESIAN_POINT ( 'NONE',  ( 0.1299212598425196763, -0.3838582677165353618, -0.3763392517470451892 ) ) ;
#3751 = CARTESIAN_POINT ( 'NONE',  ( -0.01413675618295563187, -0.2362204724409449064, -0.4233997669226818861 ) ) ;
#3752 = VERTEX_POINT ( 'NONE', #1181 ) ;
#3753 = CARTESIAN_POINT ( 'NONE',  ( -0.02736432499622354700, -0.2362204724409449341, -0.4716293228614426569 ) ) ;
#3754 = AXIS2_PLACEMENT_3D ( 'NONE', #5204, #1153, #2065 ) ;
#3755 = ADVANCED_FACE ( 'NONE', ( #3428 ), #5588, .T. ) ;
#3756 = ORIENTED_EDGE ( 'NONE', *, *, #4275, .T. ) ;
#3757 = CIRCLE ( 'NONE', #1487, 0.007874015748031490750 ) ;
#3758 = VERTEX_POINT ( 'NONE', #3012 ) ;
#3759 = ORIENTED_EDGE ( 'NONE', *, *, #2774, .T. ) ;
#3760 = ORIENTED_EDGE ( 'NONE', *, *, #1564, .F. ) ;
#3761 = EDGE_CURVE ( 'NONE', #31, #642, #5384, .T. ) ;
#3762 = LINE ( 'NONE', #1988, #2485 ) ;
#3763 = AXIS2_PLACEMENT_3D ( 'NONE', #1703, #759, #379 ) ;
#3764 = VECTOR ( 'NONE', #4357, 39.37007874015748143 ) ;
#3765 = FACE_OUTER_BOUND ( 'NONE', #5175, .T. ) ;
#3766 = ORIENTED_EDGE ( 'NONE', *, *, #2252, .F. ) ;
#3767 = CARTESIAN_POINT ( 'NONE',  ( 0.03198002484270980050, -0.2561043307086614540, -0.4717139534434559578 ) ) ;
#3768 = ORIENTED_EDGE ( 'NONE', *, *, #4120, .F. ) ;
#3769 = DIRECTION ( 'NONE',  ( 0.000000000000000000, 0.000000000000000000, 1.000000000000000000 ) ) ;
#3770 = DIRECTION ( 'NONE',  ( 0.000000000000000000, 0.000000000000000000, -1.000000000000000000 ) ) ;
#3771 = EDGE_CURVE ( 'NONE', #4104, #5185, #2985, .T. ) ;
#3772 = VECTOR ( 'NONE', #3907, 39.37007874015748143 ) ;
#3773 = VECTOR ( 'NONE', #2306, 39.37007874015748143 ) ;
#3774 = DIRECTION ( 'NONE',  ( -1.548860246407864815E-16, 1.000000000000000000, 0.000000000000000000 ) ) ;
#3775 = ADVANCED_FACE ( 'NONE', ( #291 ), #2487, .F. ) ;
#3776 = PLANE ( 'NONE',  #652 ) ;
#3777 = AXIS2_PLACEMENT_3D ( 'NONE', #2061, #2959, #1624 ) ;
#3778 = AXIS2_PLACEMENT_3D ( 'NONE', #348, #3042, #4848 ) ;
#3779 = CARTESIAN_POINT ( 'NONE',  ( 0.1510540894379928112, -0.3744044111697990562, -0.3825136939981503281 ) ) ;
#3780 = FACE_OUTER_BOUND ( 'NONE', #1563, .T. ) ;
#3781 = DIRECTION ( 'NONE',  ( 0.000000000000000000, 0.000000000000000000, -1.000000000000000000 ) ) ;
#3782 = CIRCLE ( 'NONE', #2748, 0.007874015748031482076 ) ;
#3783 = ADVANCED_FACE ( 'NONE', ( #1537 ), #5143, .F. ) ;
#3784 = ORIENTED_EDGE ( 'NONE', *, *, #2475, .F. ) ;
#3785 = FACE_OUTER_BOUND ( 'NONE', #5539, .T. ) ;
#3786 = DIRECTION ( 'NONE',  ( 0.000000000000000000, 0.000000000000000000, 1.000000000000000000 ) ) ;
#3787 = ORIENTED_EDGE ( 'NONE', *, *, #4371, .T. ) ;
#3788 = CARTESIAN_POINT ( 'NONE',  ( 0.07874015748031495954, -0.1771653543307086520, -0.3838582677165354173 ) ) ;
#3789 = ORIENTED_EDGE ( 'NONE', *, *, #2109, .F. ) ;
#3790 = VERTEX_POINT ( 'NONE', #4251 ) ;
#3791 = ORIENTED_EDGE ( 'NONE', *, *, #708, .F. ) ;
#3792 = CARTESIAN_POINT ( 'NONE',  ( 0.1181102362204724532, 0.07874015748031495954, -0.5118110236220472231 ) ) ;
#3793 = CIRCLE ( 'NONE', #2188, 0.007874015748031499423 ) ;
#3794 = LINE ( 'NONE', #4653, #3146 ) ;
#3795 = AXIS2_PLACEMENT_3D ( 'NONE', #1872, #4501, #5836 ) ;
#3796 = DIRECTION ( 'NONE',  ( 0.000000000000000000, 0.000000000000000000, 1.000000000000000000 ) ) ;
#3797 = ORIENTED_EDGE ( 'NONE', *, *, #3694, .F. ) ;
#3798 = CARTESIAN_POINT ( 'NONE',  ( 0.006539886388411043742, -0.2559055118110236116, -0.4763779527559054983 ) ) ;
#3799 = SURFACE_SIDE_STYLE ('',( #2884 ) ) ;
#3800 = ORIENTED_EDGE ( 'NONE', *, *, #1480, .T. ) ;
#3801 = DIRECTION ( 'NONE',  ( 1.000000000000000000, -2.168404344971005318E-15, 0.000000000000000000 ) ) ;
#3802 = CARTESIAN_POINT ( 'NONE',  ( 0.05905511811023622659, -0.08858267716535432601, -0.4271653543307086798 ) ) ;
#3803 = VECTOR ( 'NONE', #372, 39.37007874015748143 ) ;
#3804 = AXIS2_PLACEMENT_3D ( 'NONE', #1943, #1114, #5200 ) ;
#3805 = FACE_OUTER_BOUND ( 'NONE', #1070, .T. ) ;
#3806 = DIRECTION ( 'NONE',  ( 0.000000000000000000, 0.000000000000000000, 1.000000000000000000 ) ) ;
#3807 = EDGE_CURVE ( 'NONE', #1811, #323, #5123, .T. ) ;
#3808 = FACE_OUTER_BOUND ( 'NONE', #5742, .T. ) ;
#3809 = LINE ( 'NONE', #2479, #1408 ) ;
#3810 = EDGE_LOOP ( 'NONE', ( #2817, #651, #1726, #1577 ) ) ;
#3811 = CYLINDRICAL_SURFACE ( 'NONE', #2768, 0.02362204724409448092 ) ;
#3812 = EDGE_CURVE ( 'NONE', #1926, #4137, #349, .T. ) ;
#3813 = VERTEX_POINT ( 'NONE', #1799 ) ;
#3814 = CARTESIAN_POINT ( 'NONE',  ( 0.02657480314960630058, -0.2165354330708661457, -0.5039370078740157410 ) ) ;
#3815 = CARTESIAN_POINT ( 'NONE',  ( 2.837649354119448872E-12, -0.2362207185654496278, -0.4852374248233307097 ) ) ;
#3816 = VERTEX_POINT ( 'NONE', #1357 ) ;
#3817 = ADVANCED_FACE ( 'NONE', ( #3577 ), #2630, .T. ) ;
#3818 = ORIENTED_EDGE ( 'NONE', *, *, #625, .F. ) ;
#3819 = ORIENTED_EDGE ( 'NONE', *, *, #4386, .T. ) ;
#3820 = PLANE ( 'NONE',  #5684 ) ;
#3821 = DIRECTION ( 'NONE',  ( 0.000000000000000000, -1.000000000000000000, 0.000000000000000000 ) ) ;
#3822 = VERTEX_POINT ( 'NONE', #2665 ) ;
#3823 = CARTESIAN_POINT ( 'NONE',  ( 0.02148175020107590330, -0.2362204724409449064, -0.4276843467665850107 ) ) ;
#3824 = DIRECTION ( 'NONE',  ( 0.000000000000000000, 1.000000000000000000, 0.000000000000000000 ) ) ;
#3825 = ORIENTED_EDGE ( 'NONE', *, *, #3601, .T. ) ;
#3826 = DIRECTION ( 'NONE',  ( -9.856383386231860060E-17, 0.000000000000000000, 1.000000000000000000 ) ) ;
#3827 = CARTESIAN_POINT ( 'NONE',  ( 0.02362204724409448786, 0.09842519685039370636, -0.5118110236220472231 ) ) ;
#3828 = CARTESIAN_POINT ( 'NONE',  ( -0.09842519685039370636, -0.08858267716535432601, -0.4271653543307086798 ) ) ;
#3829 = CARTESIAN_POINT ( 'NONE',  ( -0.1535433070866141780, -0.3385826771653543399, -0.3248031496062992463 ) ) ;
#3830 = CARTESIAN_POINT ( 'NONE',  ( 0.02362204724409448786, 0.07086614173228346358, -0.5118110236220472231 ) ) ;
#3831 = DIRECTION ( 'NONE',  ( 0.6279800488664419866, 0.7782294380359181529, 0.000000000000000000 ) ) ;
#3832 = EDGE_CURVE ( 'NONE', #5114, #38, #2925, .T. ) ;
#3833 = LINE ( 'NONE', #2539, #1442 ) ;
#3834 = PLANE ( 'NONE',  #3302 ) ;
#3835 = CARTESIAN_POINT ( 'NONE',  ( -0.01377952755862029560, -0.3818897637795276023, -0.4763779527559054983 ) ) ;
#3836 = ORIENTED_EDGE ( 'NONE', *, *, #1593, .F. ) ;
#3837 = EDGE_CURVE ( 'NONE', #463, #1778, #1708, .T. ) ;
#3838 = DIRECTION ( 'NONE',  ( 0.000000000000000000, -1.000000000000000000, 0.000000000000000000 ) ) ;
#3839 = EDGE_CURVE ( 'NONE', #3758, #2154, #4525, .T. ) ;
#3840 = ORIENTED_EDGE ( 'NONE', *, *, #1748, .F. ) ;
#3841 = EDGE_LOOP ( 'NONE', ( #4043, #3104, #1380, #2170 ) ) ;
#3842 = ADVANCED_FACE ( 'NONE', ( #1331 ), #4876, .F. ) ;
#3843 = VERTEX_POINT ( 'NONE', #2214 ) ;
#3844 =( NAMED_UNIT ( * ) SI_UNIT ( $, .STERADIAN. ) SOLID_ANGLE_UNIT ( ) );
#3845 = VECTOR ( 'NONE', #2639, 39.37007874015748143 ) ;
#3846 = CARTESIAN_POINT ( 'NONE',  ( -0.1574803149606299191, -0.2559055118110236116, -0.04724409448818897572 ) ) ;
#3847 = LINE ( 'NONE', #683, #2926 ) ;
#3848 = ORIENTED_EDGE ( 'NONE', *, *, #2902, .T. ) ;
#3849 = CARTESIAN_POINT ( 'NONE',  ( -0.04016252528888662049, -0.2559055118110236116, -0.4527559055118110520 ) ) ;
#3850 = LINE ( 'NONE', #5244, #647 ) ;
#3851 = AXIS2_PLACEMENT_3D ( 'NONE', #1328, #5756, #466 ) ;
#3852 = VERTEX_POINT ( 'NONE', #3521 ) ;
#3853 = CARTESIAN_POINT ( 'NONE',  ( 0.04527559055118110520, -0.03937007874015747977, -0.5118110236220472231 ) ) ;
#3854 = DIRECTION ( 'NONE',  ( -0.000000000000000000, 0.000000000000000000, -1.000000000000000000 ) ) ;
#3855 = CARTESIAN_POINT ( 'NONE',  ( 0.1377620564239905865, -0.3657993923909774736, -0.3248031496062992463 ) ) ;
#3856 = DIRECTION ( 'NONE',  ( 1.000000000000000000, 0.000000000000000000, 0.000000000000000000 ) ) ;
#3857 = CIRCLE ( 'NONE', #4515, 0.02362204724409448092 ) ;
#3858 = VECTOR ( 'NONE', #1753, 39.37007874015748854 ) ;
#3859 = EDGE_CURVE ( 'NONE', #826, #5300, #886, .T. ) ;
#3860 = CARTESIAN_POINT ( 'NONE',  ( 0.04527559055118110520, 0.07086614173228346358, -0.3818897637795276023 ) ) ;
#3861 = CYLINDRICAL_SURFACE ( 'NONE', #3009, 0.007874015748031499423 ) ;
#3862 = AXIS2_PLACEMENT_3D ( 'NONE', #574, #5538, #153 ) ;
#3863 = DIRECTION ( 'NONE',  ( -2.168404344971005318E-15, -1.000000000000000000, 0.000000000000000000 ) ) ;
#3864 = VECTOR ( 'NONE', #3438, 39.37007874015748143 ) ;
#3865 = VECTOR ( 'NONE', #3136, 39.37007874015748143 ) ;
#3866 = CYLINDRICAL_SURFACE ( 'NONE', #1228, 0.02362204724409449827 ) ;
#3867 = DIRECTION ( 'NONE',  ( -0.3722025511004635745, 0.9281515290911861449, 0.000000000000000000 ) ) ;
#3868 = ORIENTED_EDGE ( 'NONE', *, *, #4454, .T. ) ;
#3869 = AXIS2_PLACEMENT_3D ( 'NONE', #529, #3274, #4156 ) ;
#3870 = AXIS2_PLACEMENT_3D ( 'NONE', #2297, #2180, #3183 ) ;
#3871 = CARTESIAN_POINT ( 'NONE',  ( 0.1181102362204724532, -0.1456692913385826960, -0.4271653543307086798 ) ) ;
#3872 = ORIENTED_EDGE ( 'NONE', *, *, #5045, .F. ) ;
#3873 = EDGE_CURVE ( 'NONE', #4032, #1808, #3679, .T. ) ;
#3874 = CARTESIAN_POINT ( 'NONE',  ( 0.000000000000000000, 0.000000000000000000, -0.4133858267716535861 ) ) ;
#3875 = ORIENTED_EDGE ( 'NONE', *, *, #3599, .T. ) ;
#3876 = LINE ( 'NONE', #1217, #411 ) ;
#3877 = VERTEX_POINT ( 'NONE', #5350 ) ;
#3878 = EDGE_CURVE ( 'NONE', #829, #623, #1302, .T. ) ;
#3879 = CARTESIAN_POINT ( 'NONE',  ( 0.01120568047454582709, -0.2559055118110236116, -0.4763779527559054983 ) ) ;
#3880 = LINE ( 'NONE', #5628, #3014 ) ;
#3881 = AXIS2_PLACEMENT_3D ( 'NONE', #5357, #425, #3671 ) ;
#3882 = ORIENTED_EDGE ( 'NONE', *, *, #345, .T. ) ;
#3883 = DIRECTION ( 'NONE',  ( 0.000000000000000000, 0.000000000000000000, 1.000000000000000000 ) ) ;
#3884 = CARTESIAN_POINT ( 'NONE',  ( -0.09448818897637795144, -0.2952755905511810774, -0.1594488188976377896 ) ) ;
#3885 = EDGE_CURVE ( 'NONE', #4603, #2304, #1884, .T. ) ;
#3886 = CARTESIAN_POINT ( 'NONE',  ( -0.09892185732857519675, -0.2952755905511810774, -0.1944672537464314788 ) ) ;
#3887 = CARTESIAN_POINT ( 'NONE',  ( -0.1437007874015747977, -0.3838582677165353618, -0.3763392517470451892 ) ) ;
#3888 = EDGE_LOOP ( 'NONE', ( #5763, #806, #4873, #2582 ) ) ;
#3889 = LINE ( 'NONE', #720, #1037 ) ;
#3890 = CARTESIAN_POINT ( 'NONE',  ( -0.1535433070866141780, -0.3385826771653543399, -0.3838582677165354173 ) ) ;
#3891 = LINE ( 'NONE', #2535, #5467 ) ;
#3892 = CARTESIAN_POINT ( 'NONE',  ( -0.1574812992125984301, -0.1771653543307086520, -0.3838582677165354173 ) ) ;
#3893 = VECTOR ( 'NONE', #3219, 39.37007874015748143 ) ;
#3894 = DIRECTION ( 'NONE',  ( 0.000000000000000000, 0.000000000000000000, 1.000000000000000000 ) ) ;
#3895 = CARTESIAN_POINT ( 'NONE',  ( -0.04527559055118110520, 0.07086614173228346358, -0.3818897637795276023 ) ) ;
#3896 = DIRECTION ( 'NONE',  ( -1.000000000000000000, 2.168404344971005318E-15, 0.000000000000000000 ) ) ;
#3897 = ORIENTED_EDGE ( 'NONE', *, *, #1123, .T. ) ;
#3898 = CARTESIAN_POINT ( 'NONE',  ( -0.09448818897637795144, -0.2893700787401574659, -0.1535433070866141780 ) ) ;
#3899 = EDGE_LOOP ( 'NONE', ( #4764, #2488, #147, #4346 ) ) ;
#3900 = ORIENTED_EDGE ( 'NONE', *, *, #2403, .F. ) ;
#3901 = LINE ( 'NONE', #3051, #354 ) ;
#3902 = ORIENTED_EDGE ( 'NONE', *, *, #3885, .F. ) ;
#3903 = EDGE_CURVE ( 'NONE', #2426, #1808, #5412, .T. ) ;
#3904 = CARTESIAN_POINT ( 'NONE',  ( -0.1122047244094491192, -0.2893700787401572994, -0.1771653543307086798 ) ) ;
#3905 = ORIENTED_EDGE ( 'NONE', *, *, #919, .T. ) ;
#3906 = CARTESIAN_POINT ( 'NONE',  ( 0.02964553060598602505, -0.2362204724409449064, -0.4693019268097503582 ) ) ;
#3907 = DIRECTION ( 'NONE',  ( 1.971276677246370040E-16, 0.000000000000000000, -1.000000000000000000 ) ) ;
#3908 = ORIENTED_EDGE ( 'NONE', *, *, #4097, .F. ) ;
#3909 = CARTESIAN_POINT ( 'NONE',  ( -0.07086614173228332481, -0.2893700787401574659, -0.1771653543307086798 ) ) ;
#3910 = CARTESIAN_POINT ( 'NONE',  ( -0.1061567490927944890, -0.2952755905511810774, -0.1905538169665271786 ) ) ;
#3911 = CARTESIAN_POINT ( 'NONE',  ( 0.01375340528791854644, -0.2561043307086614540, -0.4291786392792101834 ) ) ;
#3912 = EDGE_CURVE ( 'NONE', #5793, #4032, #4143, .T. ) ;
#3913 = DIRECTION ( 'NONE',  ( 0.000000000000000000, 0.000000000000000000, 1.000000000000000000 ) ) ;
#3914 = ADVANCED_FACE ( 'NONE', ( #3043 ), #3166, .T. ) ;
#3915 = DIRECTION ( 'NONE',  ( 2.168404344971008079E-15, 1.000000000000000000, 0.000000000000000000 ) ) ;
#3916 = ORIENTED_EDGE ( 'NONE', *, *, #3524, .F. ) ;
#3917 = DIRECTION ( 'NONE',  ( 1.000000000000000000, 0.000000000000000000, 0.000000000000000000 ) ) ;
#3918 = CARTESIAN_POINT ( 'NONE',  ( 0.1456692913385826960, -0.2340484411628370176, -0.3856280709801788165 ) ) ;
#3919 = EDGE_CURVE ( 'NONE', #829, #4140, #1604, .T. ) ;
#3920 = DIRECTION ( 'NONE',  ( 0.000000000000000000, 0.000000000000000000, -1.000000000000000000 ) ) ;
#3921 = DIRECTION ( 'NONE',  ( 1.000000000000000000, 2.602085213965209695E-14, 0.000000000000000000 ) ) ;
#3922 = FACE_OUTER_BOUND ( 'NONE', #5730, .T. ) ;
#3923 = DIRECTION ( 'NONE',  ( 0.000000000000000000, 0.000000000000000000, -1.000000000000000000 ) ) ;
#3924 = EDGE_LOOP ( 'NONE', ( #738, #5508, #1944, #5819 ) ) ;
#3925 = VERTEX_POINT ( 'NONE', #1677 ) ;
#3926 = VERTEX_POINT ( 'NONE', #3490 ) ;
#3927 = ORIENTED_EDGE ( 'NONE', *, *, #5546, .T. ) ;
#3928 = ORIENTED_EDGE ( 'NONE', *, *, #5651, .T. ) ;
#3929 = EDGE_CURVE ( 'NONE', #889, #1597, #5295, .T. ) ;
#3930 = FACE_OUTER_BOUND ( 'NONE', #1949, .T. ) ;
#3931 = CARTESIAN_POINT ( 'NONE',  ( -0.1336583742691618004, -0.3753817353224824238, -0.3269026908284296540 ) ) ;
#3932 = ORIENTED_EDGE ( 'NONE', *, *, #1424, .F. ) ;
#3933 = CARTESIAN_POINT ( 'NONE',  ( 0.02962241908993094516, -0.2360236220472441138, -0.4692780477221976665 ) ) ;
#3934 = LINE ( 'NONE', #3503, #1218 ) ;
#3935 = ORIENTED_EDGE ( 'NONE', *, *, #5428, .T. ) ;
#3936 = CARTESIAN_POINT ( 'NONE',  ( -0.01377953576015852367, -0.2559055118110236116, -0.4763779527558960614 ) ) ;
#3937 = EDGE_CURVE ( 'NONE', #736, #3468, #4400, .T. ) ;
#3938 = VERTEX_POINT ( 'NONE', #3073 ) ;
#3939 = VECTOR ( 'NONE', #3434, 39.37007874015748143 ) ;
#3940 = DIRECTION ( 'NONE',  ( 1.000000000000000000, 0.000000000000000000, 0.000000000000000000 ) ) ;
#3941 = CARTESIAN_POINT ( 'NONE',  ( 0.000000000000000000, 0.000000000000000000, -0.3248031496062992463 ) ) ;
#3942 = AXIS2_PLACEMENT_3D ( 'NONE', #49, #5457, #1823 ) ;
#3943 = DIRECTION ( 'NONE',  ( 0.000000000000000000, -1.000000000000000000, 0.000000000000000000 ) ) ;
#3944 = ORIENTED_EDGE ( 'NONE', *, *, #3812, .T. ) ;
#3945 = CARTESIAN_POINT ( 'NONE',  ( -0.09448818897637795144, -0.2559055118110236116, -0.1771653543307086520 ) ) ;
#3946 = ADVANCED_FACE ( 'NONE', ( #5461 ), #1497, .F. ) ;
#3947 = EDGE_CURVE ( 'NONE', #4792, #859, #1470, .T. ) ;
#3948 = DIRECTION ( 'NONE',  ( 2.168404344971005318E-15, 1.000000000000000000, 0.000000000000000000 ) ) ;
#3949 = EDGE_CURVE ( 'NONE', #1862, #5340, #112, .T. ) ;
#3950 = DIRECTION ( 'NONE',  ( 0.000000000000000000, 0.000000000000000000, -1.000000000000000000 ) ) ;
#3951 = AXIS2_PLACEMENT_3D ( 'NONE', #1528, #5492, #1023 ) ;
#3952 = VECTOR ( 'NONE', #437, 39.37007874015748143 ) ;
#3953 = LINE ( 'NONE', #1650, #2457 ) ;
#3954 = VECTOR ( 'NONE', #2904, 39.37007874015748143 ) ;
#3955 = DIRECTION ( 'NONE',  ( -1.000000000000000000, 0.000000000000000000, 0.000000000000000000 ) ) ;
#3956 = ORIENTED_EDGE ( 'NONE', *, *, #1827, .T. ) ;
#3957 = ADVANCED_FACE ( 'NONE', ( #1379 ), #4577, .F. ) ;
#3958 = EDGE_CURVE ( 'NONE', #2516, #2311, #1025, .T. ) ;
#3959 = VECTOR ( 'NONE', #4264, 39.37007874015748854 ) ;
#3960 = ORIENTED_EDGE ( 'NONE', *, *, #611, .T. ) ;
#3961 = AXIS2_PLACEMENT_3D ( 'NONE', #5153, #5798, #4260 ) ;
#3962 = ORIENTED_EDGE ( 'NONE', *, *, #127, .F. ) ;
#3963 = DIRECTION ( 'NONE',  ( 0.000000000000000000, 0.000000000000000000, -1.000000000000000000 ) ) ;
#3964 = VERTEX_POINT ( 'NONE', #5523 ) ;
#3965 = VECTOR ( 'NONE', #3536, 39.37007874015748143 ) ;
#3966 = VECTOR ( 'NONE', #5082, 39.37007874015748143 ) ;
#3967 = DIRECTION ( 'NONE',  ( 1.000000000000000000, -6.515120971463919427E-17, 0.000000000000000000 ) ) ;
#3968 = FACE_OUTER_BOUND ( 'NONE', #4907, .T. ) ;
#3969 = AXIS2_PLACEMENT_3D ( 'NONE', #2408, #1439, #4657 ) ;
#3970 = ORIENTED_EDGE ( 'NONE', *, *, #2216, .F. ) ;
#3971 = CARTESIAN_POINT ( 'NONE',  ( 0.02149970264447689100, -0.2360236220472441138, -0.4778419593720480973 ) ) ;
#3972 = DIRECTION ( 'NONE',  ( 0.000000000000000000, 0.000000000000000000, -1.000000000000000000 ) ) ;
#3973 = ORIENTED_EDGE ( 'NONE', *, *, #3478, .T. ) ;
#3974 = CARTESIAN_POINT ( 'NONE',  ( -0.1574803149606299191, -0.2480314960629921295, -0.04724409448818897572 ) ) ;
#3975 = VERTEX_POINT ( 'NONE', #504 ) ;
#3976 = CARTESIAN_POINT ( 'NONE',  ( -0.1015314755941771757, -0.2952755905511810774, -0.1934306637030622222 ) ) ;
#3977 = FACE_OUTER_BOUND ( 'NONE', #2897, .T. ) ;
#3978 = VECTOR ( 'NONE', #718, 39.37007874015748854 ) ;
#3979 = DIRECTION ( 'NONE',  ( -1.000000000000000000, 1.971276677246364863E-16, 0.000000000000000000 ) ) ;
#3980 = DIRECTION ( 'NONE',  ( -1.000000000000000000, -1.734723475976795064E-15, 0.000000000000000000 ) ) ;
#3981 = PLANE ( 'NONE',  #1498 ) ;
#3982 = FACE_OUTER_BOUND ( 'NONE', #2550, .T. ) ;
#3983 = EDGE_LOOP ( 'NONE', ( #5265, #365, #1166, #330 ) ) ;
#3984 = LINE ( 'NONE', #883, #1817 ) ;
#3985 = ADVANCED_FACE ( 'NONE', ( #1829 ), #139, .T. ) ;
#3986 = VECTOR ( 'NONE', #5695, 39.37007874015748143 ) ;
#3987 = LINE ( 'NONE', #2096, #5386 ) ;
#3988 = CLOSED_SHELL ( 'NONE', ( #283, #4095, #5476, #4556, #3755, #3957, #689, #2790, #2874, #1071, #4241, #4115, #2868, #5801, #2301, #471, #3702, #1169, #4227, #4998, #2282, #5291 ) ) ;
#3989 = DIRECTION ( 'NONE',  ( -1.000000000000000000, 0.000000000000000000, 0.000000000000000000 ) ) ;
#3990 = ORIENTED_EDGE ( 'NONE', *, *, #5228, .T. ) ;
#3991 = VECTOR ( 'NONE', #4794, 39.37007874015748143 ) ;
#3992 = VERTEX_POINT ( 'NONE', #1059 ) ;
#3993 = EDGE_CURVE ( 'NONE', #4498, #362, #999, .T. ) ;
#3994 = VERTEX_POINT ( 'NONE', #2325 ) ;
#3995 = PLANE ( 'NONE',  #1596 ) ;
#3996 = ADVANCED_FACE ( 'NONE', ( #3218 ), #2273, .T. ) ;
#3997 = EDGE_LOOP ( 'NONE', ( #1186, #1538, #45, #537 ) ) ;
#3998 = DIRECTION ( 'NONE',  ( 0.000000000000000000, 1.000000000000000000, 0.000000000000000000 ) ) ;
#3999 = DIRECTION ( 'NONE',  ( 1.000000000000000000, 0.000000000000000000, 0.000000000000000000 ) ) ;
#4000 = EDGE_LOOP ( 'NONE', ( #2254, #787, #3029, #2437, #3192, #417, #4478, #3050, #5382, #4854 ) ) ;
#4001 = EDGE_LOOP ( 'NONE', ( #1756, #519, #5059, #2494 ) ) ;
#4002 = CARTESIAN_POINT ( 'NONE',  ( 0.1181102362204724532, -0.07283464566929134798, -0.4271653543307086798 ) ) ;
#4003 = ORIENTED_EDGE ( 'NONE', *, *, #422, .T. ) ;
#4004 = CARTESIAN_POINT ( 'NONE',  ( -0.09842519685039370636, -0.07283464566929134798, -0.4271653543307086798 ) ) ;
#4005 = FACE_OUTER_BOUND ( 'NONE', #5078, .T. ) ;
#4006 = CARTESIAN_POINT ( 'NONE',  ( 0.07874015748031495954, -0.1771653543307086520, -0.3248031496062992463 ) ) ;
#4007 = ORIENTED_EDGE ( 'NONE', *, *, #2293, .F. ) ;
#4008 = ORIENTED_EDGE ( 'NONE', *, *, #5373, .T. ) ;
#4009 = CARTESIAN_POINT ( 'NONE',  ( 0.1574803149606299191, 0.1574803149606299191, -0.04724409448818897572 ) ) ;
#4010 = CARTESIAN_POINT ( 'NONE',  ( 0.09055118110236221041, -0.2559055118110236116, -0.07874015748031495954 ) ) ;
#4011 = PLANE ( 'NONE',  #827 ) ;
#4012 = FACE_OUTER_BOUND ( 'NONE', #5144, .T. ) ;
#4013 = DIRECTION ( 'NONE',  ( 1.000000000000000000, 0.000000000000000000, 0.000000000000000000 ) ) ;
#4014 = CARTESIAN_POINT ( 'NONE',  ( 0.1535433070866141780, -0.2637795275590551491, -0.3838582677165354173 ) ) ;
#4015 = ORIENTED_EDGE ( 'NONE', *, *, #1197, .F. ) ;
#4016 = EDGE_CURVE ( 'NONE', #4801, #5266, #4099, .T. ) ;
#4017 = ORIENTED_EDGE ( 'NONE', *, *, #3711, .F. ) ;
#4018 = ORIENTED_EDGE ( 'NONE', *, *, #2293, .T. ) ;
#4019 = LINE ( 'NONE', #5823, #4050 ) ;
#4020 = ORIENTED_EDGE ( 'NONE', *, *, #4310, .T. ) ;
#4021 = CARTESIAN_POINT ( 'NONE',  ( -0.1496062992125984370, 0.1496062992125984370, -0.007874015748031495954 ) ) ;
#4022 = EDGE_CURVE ( 'NONE', #5674, #4284, #2750, .T. ) ;
#4023 = ADVANCED_FACE ( 'NONE', ( #2780 ), #1916, .T. ) ;
#4024 = DIRECTION ( 'NONE',  ( 0.000000000000000000, 1.000000000000000000, 0.000000000000000000 ) ) ;
#4025 = EDGE_LOOP ( 'NONE', ( #3402, #2202, #1900, #5706, #3435, #5364, #3457, #3540, #4401 ) ) ;
#4026 = ORIENTED_EDGE ( 'NONE', *, *, #4967, .T. ) ;
#4027 = LINE ( 'NONE', #4560, #1590 ) ;
#4028 = FACE_OUTER_BOUND ( 'NONE', #3899, .T. ) ;
#4029 = CARTESIAN_POINT ( 'NONE',  ( 0.1456692913385826960, -0.1802690946547830797, -0.4271653543307086798 ) ) ;
#4030 = LINE ( 'NONE', #1787, #2166 ) ;
#4031 = ORIENTED_EDGE ( 'NONE', *, *, #3832, .F. ) ;
#4032 = VERTEX_POINT ( 'NONE', #3722 ) ;
#4033 = DIRECTION ( 'NONE',  ( 1.000000000000000000, 0.000000000000000000, 0.000000000000000000 ) ) ;
#4034 = DIRECTION ( 'NONE',  ( 0.000000000000000000, 0.000000000000000000, -1.000000000000000000 ) ) ;
#4035 = CARTESIAN_POINT ( 'NONE',  ( -0.1515748031496063075, -0.2637795275590551491, -0.3838582677165354173 ) ) ;
#4036 = CARTESIAN_POINT ( 'NONE',  ( -0.1181102362204724532, -0.2559055118110236116, -0.1062992125984252023 ) ) ;
#4037 = CIRCLE ( 'NONE', #1960, 0.007874015748031495954 ) ;
#4038 = ADVANCED_FACE ( 'NONE', ( #3247 ), #2805, .F. ) ;
#4039 = CARTESIAN_POINT ( 'NONE',  ( -0.1496062992125984370, 0.1102362204724409434, -0.1062992125984252023 ) ) ;
#4040 = DIRECTION ( 'NONE',  ( 0.000000000000000000, 1.000000000000000000, 0.000000000000000000 ) ) ;
#4041 = ORIENTED_EDGE ( 'NONE', *, *, #5704, .F. ) ;
#4042 = AXIS2_PLACEMENT_3D ( 'NONE', #1996, #5249, #4268 ) ;
#4043 = ORIENTED_EDGE ( 'NONE', *, *, #5760, .F. ) ;
#4044 = CIRCLE ( 'NONE', #554, 0.007874015748031499423 ) ;
#4045 = PRESENTATION_LAYER_ASSIGNMENT (  '', '', ( #4708 ) ) ;
#4046 = DIRECTION ( 'NONE',  ( 0.000000000000000000, 0.000000000000000000, 1.000000000000000000 ) ) ;
#4047 = ORIENTED_EDGE ( 'NONE', *, *, #2224, .T. ) ;
#4048 = PLANE ( 'NONE',  #4697 ) ;
#4049 = CIRCLE ( 'NONE', #2064, 0.02362204724409448092 ) ;
#4050 = VECTOR ( 'NONE', #1771, 39.37007874015748143 ) ;
#4051 = PLANE ( 'NONE',  #3881 ) ;
#4052 = EDGE_CURVE ( 'NONE', #3630, #5793, #78, .T. ) ;
#4053 = AXIS2_PLACEMENT_3D ( 'NONE', #2953, #4299, #248 ) ;
#4054 = ORIENTED_EDGE ( 'NONE', *, *, #3081, .F. ) ;
#4055 = VECTOR ( 'NONE', #2958, 39.37007874015748143 ) ;
#4056 = ORIENTED_EDGE ( 'NONE', *, *, #2695, .T. ) ;
#4057 = VERTEX_POINT ( 'NONE', #1855 ) ;
#4058 = FACE_OUTER_BOUND ( 'NONE', #2525, .T. ) ;
#4059 = LINE ( 'NONE', #4922, #1903 ) ;
#4060 = ORIENTED_EDGE ( 'NONE', *, *, #1673, .F. ) ;
#4061 = CARTESIAN_POINT ( 'NONE',  ( 0.1181102362204724532, 0.1181102362204724532, -0.1535433070866141780 ) ) ;
#4062 = EDGE_CURVE ( 'NONE', #1367, #292, #27, .T. ) ;
#4063 = DIRECTION ( 'NONE',  ( 0.000000000000000000, 0.000000000000000000, -1.000000000000000000 ) ) ;
#4064 = ORIENTED_EDGE ( 'NONE', *, *, #1574, .F. ) ;
#4065 = ORIENTED_EDGE ( 'NONE', *, *, #1434, .T. ) ;
#4066 = CYLINDRICAL_SURFACE ( 'NONE', #4628, 0.007874015748031482076 ) ;
#4067 = ADVANCED_FACE ( 'NONE', ( #3747 ), #5549, .T. ) ;
#4068 = LINE ( 'NONE', #3684, #1588 ) ;
#4069 = CARTESIAN_POINT ( 'NONE',  ( -0.03248031496062991907, 3.977691375183332546E-18, -0.4133858267716535861 ) ) ;
#4070 = LINE ( 'NONE', #73, #3141 ) ;
#4071 = DIRECTION ( 'NONE',  ( -0.7071067811865475727, 0.000000000000000000, 0.7071067811865475727 ) ) ;
#4072 = DIRECTION ( 'NONE',  ( 2.168404344971005318E-15, 1.000000000000000000, 0.000000000000000000 ) ) ;
#4073 = ORIENTED_EDGE ( 'NONE', *, *, #3667, .F. ) ;
#4074 = AXIS2_PLACEMENT_3D ( 'NONE', #4413, #3472, #2529 ) ;
#4075 = EDGE_LOOP ( 'NONE', ( #4434, #1567, #1612, #816, #148, #3583, #5421, #2012, #4701, #1832, #4047, #4138, #2227, #2934, #4649, #5272 ) ) ;
#4076 = VECTOR ( 'NONE', #1355, 39.37007874015748143 ) ;
#4077 = ORIENTED_EDGE ( 'NONE', *, *, #2506, .F. ) ;
#4078 = DIRECTION ( 'NONE',  ( 0.000000000000000000, 1.000000000000000000, 0.000000000000000000 ) ) ;
#4079 = CARTESIAN_POINT ( 'NONE',  ( 0.01968650586098433242, -0.2559055118110236116, -0.4291338582677165503 ) ) ;
#4080 = EDGE_LOOP ( 'NONE', ( #4462, #3632, #2331, #4283, #3683, #2876, #2, #2372 ) ) ;
#4081 = PLANE ( 'NONE',  #70 ) ;
#4082 = CIRCLE ( 'NONE', #5217, 0.007874015748031499423 ) ;
#4083 = PLANE ( 'NONE',  #5586 ) ;
#4084 = ORIENTED_EDGE ( 'NONE', *, *, #5406, .F. ) ;
#4085 = VERTEX_POINT ( 'NONE', #5231 ) ;
#4086 = CARTESIAN_POINT ( 'NONE',  ( 0.01636588960721315281, -0.2362204724409449064, -0.4247000947534984028 ) ) ;
#4087 = EDGE_CURVE ( 'NONE', #1867, #19, #5698, .T. ) ;
#4088 = CARTESIAN_POINT ( 'NONE',  ( 0.1496062992125984370, -0.3385826771653543399, -0.3838582677165354173 ) ) ;
#4089 = LINE ( 'NONE', #4977, #2290 ) ;
#4090 = LINE ( 'NONE', #3063, #2350 ) ;
#4091 = ORIENTED_EDGE ( 'NONE', *, *, #1093, .F. ) ;
#4092 = DIRECTION ( 'NONE',  ( -0.7071067811865504593, -0.7071067811865444641, 0.000000000000000000 ) ) ;
#4093 = CARTESIAN_POINT ( 'NONE',  ( -0.1455379536725980305, -0.3788029168491681697, -0.3799792750554113474 ) ) ;
#4094 = DIRECTION ( 'NONE',  ( -1.652117596168389975E-16, 1.000000000000000000, 0.000000000000000000 ) ) ;
#4095 = ADVANCED_FACE ( 'NONE', ( #5635 ), #694, .F. ) ;
#4096 = DIRECTION ( 'NONE',  ( 8.673617379884039416E-16, 0.000000000000000000, 1.000000000000000000 ) ) ;
#4097 = EDGE_CURVE ( 'NONE', #1303, #736, #5580, .T. ) ;
#4098 = CARTESIAN_POINT ( 'NONE',  ( -0.1496062992125984370, 0.1574803149606299191, -0.04724409448818897572 ) ) ;
#4099 = LINE ( 'NONE', #974, #4627 ) ;
#4100 = DIRECTION ( 'NONE',  ( -1.000000000000000000, -6.505213034913024237E-15, 0.000000000000000000 ) ) ;
#4101 = EDGE_LOOP ( 'NONE', ( #1545, #621, #879, #824 ) ) ;
#4102 = LINE ( 'NONE', #1802, #2837 ) ;
#4103 = CARTESIAN_POINT ( 'NONE',  ( 0.01413675618295563187, -0.2362204724409449064, -0.4233997669226818861 ) ) ;
#4104 = VERTEX_POINT ( 'NONE', #4780 ) ;
#4105 = CARTESIAN_POINT ( 'NONE',  ( 0.000000000000000000, 0.000000000000000000, -0.4133858267716535861 ) ) ;
#4106 = CARTESIAN_POINT ( 'NONE',  ( -0.09055118110236221041, -0.2559055118110236116, -0.07874015748031495954 ) ) ;
#4107 = EDGE_CURVE ( 'NONE', #5185, #5648, #373, .T. ) ;
#4108 = VERTEX_POINT ( 'NONE', #2508 ) ;
#4109 = EDGE_LOOP ( 'NONE', ( #3848, #744, #4476, #1371, #5737 ) ) ;
#4110 = DIRECTION ( 'NONE',  ( 0.000000000000000000, -0.7071067811865479058, 0.7071067811865469066 ) ) ;
#4111 = CARTESIAN_POINT ( 'NONE',  ( -0.09842519685039370636, -0.07283464566929134798, -0.4271653543307086798 ) ) ;
#4112 = LINE ( 'NONE', #4564, #3046 ) ;
#4113 = CARTESIAN_POINT ( 'NONE',  ( 0.09055118110236221041, -0.2559055118110236116, -0.04724409448818897572 ) ) ;
#4114 = ORIENTED_EDGE ( 'NONE', *, *, #5764, .T. ) ;
#4115 = ADVANCED_FACE ( 'NONE', ( #4246 ), #2091, .F. ) ;
#4116 = ORIENTED_EDGE ( 'NONE', *, *, #1405, .T. ) ;
#4117 = PLANE ( 'NONE',  #4230 ) ;
#4118 = PLANE ( 'NONE',  #2721 ) ;
#4119 = LINE ( 'NONE', #4153, #3703 ) ;
#4120 = EDGE_CURVE ( 'NONE', #3737, #2741, #286, .T. ) ;
#4121 = CYLINDRICAL_SURFACE ( 'NONE', #4706, 0.02362204724409448092 ) ;
#4122 = EDGE_CURVE ( 'NONE', #4941, #2195, #4044, .T. ) ;
#4123 = DIRECTION ( 'NONE',  ( -1.000000000000000000, -1.652117596168389975E-16, 0.000000000000000000 ) ) ;
#4124 = DIRECTION ( 'NONE',  ( 1.000000000000000000, -2.168404344971005318E-15, 0.000000000000000000 ) ) ;
#4125 = AXIS2_PLACEMENT_3D ( 'NONE', #4347, #1683, #397 ) ;
#4126 = ORIENTED_EDGE ( 'NONE', *, *, #5000, .T. ) ;
#4127 = EDGE_CURVE ( 'NONE', #2771, #2116, #3809, .T. ) ;
#4128 = AXIS2_PLACEMENT_3D ( 'NONE', #2948, #690, #3770 ) ;
#4129 = DIRECTION ( 'NONE',  ( -1.000000000000000000, 2.168404344971005318E-15, 2.758977408580915196E-45 ) ) ;
#4130 = CARTESIAN_POINT ( 'NONE',  ( 0.03273459834402569352, -0.2362204724409449341, -0.4469715920034665890 ) ) ;
#4131 = VERTEX_POINT ( 'NONE', #2955 ) ;
#4132 = EDGE_CURVE ( 'NONE', #1456, #4913, #3891, .T. ) ;
#4133 = PLANE ( 'NONE',  #3098 ) ;
#4134 = AXIS2_PLACEMENT_3D ( 'NONE', #1296, #3066, #4871 ) ;
#4135 = VECTOR ( 'NONE', #4920, 39.37007874015748143 ) ;
#4136 = CARTESIAN_POINT ( 'NONE',  ( -0.1437007874015747977, -0.3838582677165354173, -0.3323221655757894188 ) ) ;
#4137 = VERTEX_POINT ( 'NONE', #2055 ) ;
#4138 = ORIENTED_EDGE ( 'NONE', *, *, #4890, .T. ) ;
#4139 = AXIS2_PLACEMENT_3D ( 'NONE', #5216, #3377, #5184 ) ;
#4140 = VERTEX_POINT ( 'NONE', #3390 ) ;
#4141 = CARTESIAN_POINT ( 'NONE',  ( -0.1496062992125984370, -0.2480314960629921295, -0.1535433070866141780 ) ) ;
#4142 = DIRECTION ( 'NONE',  ( 0.000000000000000000, -1.000000000000000000, 0.000000000000000000 ) ) ;
#4143 = CIRCLE ( 'NONE', #1600, 0.007874015748031499423 ) ;
#4144 = LINE ( 'NONE', #517, #1718 ) ;
#4145 = AXIS2_PLACEMENT_3D ( 'NONE', #2464, #2194, #1277 ) ;
#4146 = CARTESIAN_POINT ( 'NONE',  ( -0.1181102362204724532, 0.1181102362204724532, -0.1535433070866141780 ) ) ;
#4147 = ORIENTED_EDGE ( 'NONE', *, *, #5509, .T. ) ;
#4148 = CARTESIAN_POINT ( 'NONE',  ( -0.1181102362204724532, 0.1181102362204724532, -0.04724409448818897572 ) ) ;
#4149 = CARTESIAN_POINT ( 'NONE',  ( 0.02362204724409448786, 0.09842519685039370636, -0.3818897637795276023 ) ) ;
#4150 = AXIS2_PLACEMENT_3D ( 'NONE', #4962, #321, #908 ) ;
#4151 = CIRCLE ( 'NONE', #1606, 0.007874015748031499423 ) ;
#4152 = DIRECTION ( 'NONE',  ( 0.000000000000000000, 1.000000000000000000, 0.000000000000000000 ) ) ;
#4153 = CARTESIAN_POINT ( 'NONE',  ( -0.09842519685039370636, -0.07283464566929134798, -0.4271653543307086798 ) ) ;
#4154 = CARTESIAN_POINT ( 'NONE',  ( 0.05905511811023622659, -0.07283464566929134798, -0.4271653543307086798 ) ) ;
#4155 = LINE ( 'NONE', #4633, #934 ) ;
#4156 = DIRECTION ( 'NONE',  ( 4.987329993433242141E-14, 1.000000000000000000, 3.252606517456462420E-15 ) ) ;
#4157 = ADVANCED_FACE ( 'NONE', ( #5138 ), #3861, .F. ) ;
#4158 = LINE ( 'NONE', #3695, #3893 ) ;
#4159 = VECTOR ( 'NONE', #535, 39.37007874015748854 ) ;
#4160 = DIRECTION ( 'NONE',  ( 0.000000000000000000, -1.000000000000000000, 0.000000000000000000 ) ) ;
#4161 = CARTESIAN_POINT ( 'NONE',  ( -0.02962241908993094516, -0.2360236220472441138, -0.4692780477221976665 ) ) ;
#4162 = ORIENTED_EDGE ( 'NONE', *, *, #5332, .F. ) ;
#4163 = LINE ( 'NONE', #2422, #5269 ) ;
#4164 = ADVANCED_FACE ( 'NONE', ( #4724 ), #5199, .F. ) ;
#4165 = EDGE_CURVE ( 'NONE', #3672, #1366, #3450, .T. ) ;
#4166 = VERTEX_POINT ( 'NONE', #2867 ) ;
#4167 = VERTEX_POINT ( 'NONE', #4666 ) ;
#4168 = EDGE_CURVE ( 'NONE', #716, #5740, #1531, .T. ) ;
#4169 = CIRCLE ( 'NONE', #3231, 0.08661417322834646937 ) ;
#4170 = VERTEX_POINT ( 'NONE', #3360 ) ;
#4171 = AXIS2_PLACEMENT_3D ( 'NONE', #2448, #2057, #671 ) ;
#4172 = PLANE ( 'NONE',  #5468 ) ;
#4173 = ORIENTED_EDGE ( 'NONE', *, *, #5003, .F. ) ;
#4174 = CARTESIAN_POINT ( 'NONE',  ( 0.1181102362204724532, -0.2559055118110236116, -0.4271653543307086798 ) ) ;
#4175 = DIRECTION ( 'NONE',  ( -1.000000000000000000, 0.000000000000000000, 0.000000000000000000 ) ) ;
#4176 = DIRECTION ( 'NONE',  ( 0.000000000000000000, 0.000000000000000000, -1.000000000000000000 ) ) ;
#4177 = VERTEX_POINT ( 'NONE', #165 ) ;
#4178 = CARTESIAN_POINT ( 'NONE',  ( -0.03198002484270989071, -0.2561043307086614540, -0.4337978575801661463 ) ) ;
#4179 = DIRECTION ( 'NONE',  ( 1.000000000000000000, -2.168404344971005318E-15, 0.000000000000000000 ) ) ;
#4180 = ORIENTED_EDGE ( 'NONE', *, *, #384, .F. ) ;
#4181 = LINE ( 'NONE', #1849, #4900 ) ;
#4182 = DIRECTION ( 'NONE',  ( 0.000000000000000000, 0.000000000000000000, 1.000000000000000000 ) ) ;
#4183 = DIRECTION ( 'NONE',  ( 1.000000000000000000, 0.000000000000000000, 0.000000000000000000 ) ) ;
#4184 = CYLINDRICAL_SURFACE ( 'NONE', #2836, 0.007874015748031499423 ) ;
#4185 = CARTESIAN_POINT ( 'NONE',  ( -0.07874015748031495954, -0.1653543307086614012, -0.3248031496062992463 ) ) ;
#4186 = DIRECTION ( 'NONE',  ( 0.000000000000000000, 0.000000000000000000, 1.000000000000000000 ) ) ;
#4187 = EDGE_LOOP ( 'NONE', ( #538, #3800, #132, #4397 ) ) ;
#4188 = LINE ( 'NONE', #5438, #503 ) ;
#4189 = ORIENTED_EDGE ( 'NONE', *, *, #2981, .T. ) ;
#4190 = DIRECTION ( 'NONE',  ( 1.000000000000000000, 0.000000000000000000, 0.000000000000000000 ) ) ;
#4191 = DIMENSIONAL_EXPONENTS ( 1.000000000000000000, 0.000000000000000000, 0.000000000000000000, 0.000000000000000000, 0.000000000000000000, 0.000000000000000000, 0.000000000000000000 ) ;
#4192 = CARTESIAN_POINT ( 'NONE',  ( -2.612516601302209023E-06, -0.2362204724409449064, -0.4198331823865133483 ) ) ;
#4193 = VERTEX_POINT ( 'NONE', #1970 ) ;
#4194 = ADVANCED_FACE ( 'NONE', ( #3780 ), #5164, .F. ) ;
#4195 = FACE_OUTER_BOUND ( 'NONE', #1743, .T. ) ;
#4196 = VERTEX_POINT ( 'NONE', #3918 ) ;
#4197 = ORIENTED_EDGE ( 'NONE', *, *, #4419, .T. ) ;
#4198 = ADVANCED_FACE ( 'NONE', ( #5754 ), #3981, .F. ) ;
#4199 = ORIENTED_EDGE ( 'NONE', *, *, #1337, .F. ) ;
#4200 = EDGE_CURVE ( 'NONE', #3365, #5828, #3857, .T. ) ;
#4201 = CARTESIAN_POINT ( 'NONE',  ( -0.1181102362204724532, -0.1850393700787401619, -0.5118110236220472231 ) ) ;
#4202 = CARTESIAN_POINT ( 'NONE',  ( 0.1535433070866141780, -0.2637795275590551491, -0.3838582677165354173 ) ) ;
#4203 = ORIENTED_EDGE ( 'NONE', *, *, #3641, .T. ) ;
#4204 = CARTESIAN_POINT ( 'NONE',  ( -0.006514474443210496214, -0.2561043307086614540, -0.4762973359622487690 ) ) ;
#4205 = ORIENTED_EDGE ( 'NONE', *, *, #1583, .F. ) ;
#4206 = DIRECTION ( 'NONE',  ( 7.744301232039309286E-17, 1.000000000000000000, -7.744301232039319147E-17 ) ) ;
#4207 = LINE ( 'NONE', #4748, #1395 ) ;
#4208 = ADVANCED_FACE ( 'NONE', ( #3606 ), #848, .T. ) ;
#4209 = CARTESIAN_POINT ( 'NONE',  ( 0.04527559055118110520, 0.07086614173228346358, -0.5039370078740157410 ) ) ;
#4210 = DIRECTION ( 'NONE',  ( -1.000000000000000000, 0.000000000000000000, 0.000000000000000000 ) ) ;
#4211 = DIRECTION ( 'NONE',  ( 0.000000000000000000, 1.000000000000000000, 0.000000000000000000 ) ) ;
#4212 = DIRECTION ( 'NONE',  ( 0.000000000000000000, 0.000000000000000000, -1.000000000000000000 ) ) ;
#4213 = LINE ( 'NONE', #1973, #302 ) ;
#4214 = EDGE_LOOP ( 'NONE', ( #4041, #1115, #2761, #211 ) ) ;
#4215 = DIRECTION ( 'NONE',  ( 0.000000000000000000, 0.000000000000000000, 1.000000000000000000 ) ) ;
#4216 = CARTESIAN_POINT ( 'NONE',  ( 0.02736430653931068435, -0.2362204724409449341, -0.4338824601684153626 ) ) ;
#4217 = ORIENTED_EDGE ( 'NONE', *, *, #775, .F. ) ;
#4218 = AXIS2_PLACEMENT_3D ( 'NONE', #882, #3096, #851 ) ;
#4219 = CARTESIAN_POINT ( 'NONE',  ( -0.1437007874015747977, -0.2637795275590551491, -0.3248031496062992463 ) ) ;
#4220 = CIRCLE ( 'NONE', #4042, 0.02362204724409448092 ) ;
#4221 = VECTOR ( 'NONE', #3260, 39.37007874015748143 ) ;
#4222 = VERTEX_POINT ( 'NONE', #3480 ) ;
#4223 = ORIENTED_EDGE ( 'NONE', *, *, #1226, .T. ) ;
#4224 = ORIENTED_EDGE ( 'NONE', *, *, #5299, .T. ) ;
#4225 = FILL_AREA_STYLE_COLOUR ( '', #2823 ) ;
#4226 = ORIENTED_EDGE ( 'NONE', *, *, #775, .T. ) ;
#4227 = ADVANCED_FACE ( 'NONE', ( #4451 ), #3131, .T. ) ;
#4228 = DIRECTION ( 'NONE',  ( 1.000000000000000000, 0.000000000000000000, 0.000000000000000000 ) ) ;
#4229 = CIRCLE ( 'NONE', #4726, 0.007874015748031499423 ) ;
#4230 = AXIS2_PLACEMENT_3D ( 'NONE', #3717, #465, #5430 ) ;
#4231 = CARTESIAN_POINT ( 'NONE',  ( -0.1574812992125984301, -0.03937007874015747977, -0.4271653543307086798 ) ) ;
#4232 = ORIENTED_EDGE ( 'NONE', *, *, #257, .T. ) ;
#4233 = CARTESIAN_POINT ( 'NONE',  ( -0.01120568047454584618, -0.2559055118110236116, -0.4291338582677165503 ) ) ;
#4234 = ORIENTED_EDGE ( 'NONE', *, *, #1415, .T. ) ;
#4235 = LINE ( 'NONE', #2136, #3107 ) ;
#4236 = CARTESIAN_POINT ( 'NONE',  ( 0.1535433070866141780, -0.3838582677165354173, -0.3838582677165354173 ) ) ;
#4237 = VECTOR ( 'NONE', #2323, 39.37007874015748143 ) ;
#4238 = CIRCLE ( 'NONE', #180, 0.03248031496062991907 ) ;
#4239 = EDGE_CURVE ( 'NONE', #1250, #5820, #5287, .T. ) ;
#4240 = CARTESIAN_POINT ( 'NONE',  ( 0.1557340900632749880, -0.3435274019595783712, -0.3248031496062992463 ) ) ;
#4241 = ADVANCED_FACE ( 'NONE', ( #2659 ), #344, .F. ) ;
#4242 = CARTESIAN_POINT ( 'NONE',  ( 0.05905511811023622659, -0.07283464566929134798, -0.4074803149606299191 ) ) ;
#4243 = AXIS2_PLACEMENT_3D ( 'NONE', #1090, #2011, #2896 ) ;
#4244 = CIRCLE ( 'NONE', #5197, 0.007874015748031499423 ) ;
#4245 = CARTESIAN_POINT ( 'NONE',  ( -0.1181102362204724532, -0.2559055118110236116, -0.5118110236220472231 ) ) ;
#4246 = FACE_OUTER_BOUND ( 'NONE', #3924, .T. ) ;
#4247 = CARTESIAN_POINT ( 'NONE',  ( -0.1032720887518523700, -0.2952755905511810774, -0.1615854438036011809 ) ) ;
#4248 = AXIS2_PLACEMENT_3D ( 'NONE', #21, #4980, #46 ) ;
#4249 = ORIENTED_EDGE ( 'NONE', *, *, #2118, .F. ) ;
#4250 = CARTESIAN_POINT ( 'NONE',  ( 0.1456692913385826960, -0.1377952755905511861, -0.3326771653543306728 ) ) ;
#4251 = CARTESIAN_POINT ( 'NONE',  ( -0.1595801565636226493, -0.3436380280327216985, -0.3248031496062992463 ) ) ;
#4252 = VERTEX_POINT ( 'NONE', #2209 ) ;
#4253 =( BOUNDED_CURVE ( )  B_SPLINE_CURVE ( 3, ( #590, #5201, #2895, #1149 ),
 .UNSPECIFIED., .F., .F. ) 
 B_SPLINE_CURVE_WITH_KNOTS ( ( 4, 4 ),
 ( 4.189707579047944996, 4.712388980384689674 ),
 .UNSPECIFIED. ) 
 CURVE ( )  GEOMETRIC_REPRESENTATION_ITEM ( )  RATIONAL_B_SPLINE_CURVE ( ( 1.000000000000000000, 0.9773629610917680122, 0.9773629610917680122, 1.000000000000000000 ) ) 
 REPRESENTATION_ITEM ( '' )  );
#4254 = VERTEX_POINT ( 'NONE', #4010 ) ;
#4255 = ORIENTED_EDGE ( 'NONE', *, *, #4572, .T. ) ;
#4256 = DIRECTION ( 'NONE',  ( 0.000000000000000000, -1.000000000000000000, 0.000000000000000000 ) ) ;
#4257 = VECTOR ( 'NONE', #3228, 39.37007874015748143 ) ;
#4258 = PLANE ( 'NONE',  #4648 ) ;
#4259 = AXIS2_PLACEMENT_3D ( 'NONE', #66, #2315, #5425 ) ;
#4260 = DIRECTION ( 'NONE',  ( 1.000000000000000000, 2.602085213965209695E-14, 0.000000000000000000 ) ) ;
#4261 = AXIS2_PLACEMENT_3D ( 'NONE', #289, #3069, #3548 ) ;
#4262 = ORIENTED_EDGE ( 'NONE', *, *, #380, .T. ) ;
#4263 = CARTESIAN_POINT ( 'NONE',  ( 0.02964553060598602505, -0.2362204724409449064, -0.4693019268097503582 ) ) ;
#4264 = DIRECTION ( 'NONE',  ( -0.7071067811865504593, 0.7071067811865444641, 0.000000000000000000 ) ) ;
#4265 = ORIENTED_EDGE ( 'NONE', *, *, #4802, .T. ) ;
#4266 = PLANE ( 'NONE',  #2343 ) ;
#4267 = EDGE_CURVE ( 'NONE', #2927, #2561, #2145, .T. ) ;
#4268 = DIRECTION ( 'NONE',  ( 0.000000000000000000, 0.000000000000000000, -1.000000000000000000 ) ) ;
#4269 = VECTOR ( 'NONE', #1955, 39.37007874015748143 ) ;
#4270 = AXIS2_PLACEMENT_3D ( 'NONE', #5052, #4964, #911 ) ;
#4271 = DIRECTION ( 'NONE',  ( 1.000000000000000000, 0.000000000000000000, 0.000000000000000000 ) ) ;
#4272 = CARTESIAN_POINT ( 'NONE',  ( 0.1351599345345846637, -0.3690240933338633789, -0.3834570859271783649 ) ) ;
#4273 = DIRECTION ( 'NONE',  ( 0.000000000000000000, 0.000000000000000000, -1.000000000000000000 ) ) ;
#4274 = DIRECTION ( 'NONE',  ( 2.168404344971008079E-15, 1.000000000000000000, 0.000000000000000000 ) ) ;
#4275 = EDGE_CURVE ( 'NONE', #4477, #2846, #1325, .T. ) ;
#4276 = ADVANCED_FACE ( 'NONE', ( #3038 ), #2237, .T. ) ;
#4277 = ORIENTED_EDGE ( 'NONE', *, *, #75, .T. ) ;
#4278 = DIRECTION ( 'NONE',  ( 0.000000000000000000, 0.000000000000000000, 1.000000000000000000 ) ) ;
#4279 = FACE_OUTER_BOUND ( 'NONE', #5090, .T. ) ;
#4280 = CARTESIAN_POINT ( 'NONE',  ( -0.1607850332429366091, -0.3354911522540708346, -0.3838582677165354173 ) ) ;
#4281 = ORIENTED_EDGE ( 'NONE', *, *, #5619, .F. ) ;
#4282 = DIRECTION ( 'NONE',  ( 0.000000000000000000, 0.000000000000000000, -1.000000000000000000 ) ) ;
#4283 = ORIENTED_EDGE ( 'NONE', *, *, #2847, .T. ) ;
#4284 = VERTEX_POINT ( 'NONE', #1236 ) ;
#4285 = VERTEX_POINT ( 'NONE', #789 ) ;
#4286 = DIRECTION ( 'NONE',  ( 0.000000000000000000, 0.000000000000000000, -1.000000000000000000 ) ) ;
#4287 = EDGE_CURVE ( 'NONE', #426, #362, #1199, .T. ) ;
#4288 = LINE ( 'NONE', #4704, #2762 ) ;
#4289 = FACE_OUTER_BOUND ( 'NONE', #3367, .T. ) ;
#4290 = ORIENTED_EDGE ( 'NONE', *, *, #586, .F. ) ;
#4291 = CARTESIAN_POINT ( 'NONE',  ( 0.02149970264447689100, -0.2360236220472441138, -0.4778419593720480973 ) ) ;
#4292 = SURFACE_SIDE_STYLE ('',( #1165 ) ) ;
#4293 = VERTEX_POINT ( 'NONE', #2600 ) ;
#4294 = CARTESIAN_POINT ( 'NONE',  ( -0.09448818897637795144, -0.2952755905511810774, -0.1948818897637795422 ) ) ;
#4295 = CARTESIAN_POINT ( 'NONE',  ( -0.05314960629921260116, 0.1181102362204724532, -0.5118110236220472231 ) ) ;
#4296 = CARTESIAN_POINT ( 'NONE',  ( -0.1496062992125984370, -0.2559055118110236116, -0.007874015748031495954 ) ) ;
#4297 = DIRECTION ( 'NONE',  ( 1.000000000000000000, 0.000000000000000000, 0.000000000000000000 ) ) ;
#4298 = ADVANCED_FACE ( 'NONE', ( #3514 ), #3106, .T. ) ;
#4299 = DIRECTION ( 'NONE',  ( 0.000000000000000000, 0.000000000000000000, 1.000000000000000000 ) ) ;
#4300 = LINE ( 'NONE', #3860, #2179 ) ;
#4301 = DIRECTION ( 'NONE',  ( -1.000000000000000000, 0.000000000000000000, 0.000000000000000000 ) ) ;
#4302 = CARTESIAN_POINT ( 'NONE',  ( 0.1496062992125984370, -0.3385826771653543399, -0.3838582677165354173 ) ) ;
#4303 = ADVANCED_FACE ( 'NONE', ( #1268 ), #1027, .T. ) ;
#4304 = CARTESIAN_POINT ( 'NONE',  ( 0.000000000000000000, -0.03937007874015747977, -0.4527559055118110520 ) ) ;
#4305 = LINE ( 'NONE', #4820, #2070 ) ;
#4306 = ORIENTED_EDGE ( 'NONE', *, *, #1385, .T. ) ;
#4307 = DIRECTION ( 'NONE',  ( 0.000000000000000000, 0.000000000000000000, -1.000000000000000000 ) ) ;
#4308 = EDGE_CURVE ( 'NONE', #3365, #154, #4365, .T. ) ;
#4309 = ORIENTED_EDGE ( 'NONE', *, *, #2078, .T. ) ;
#4310 = EDGE_CURVE ( 'NONE', #4167, #4477, #2181, .T. ) ;
#4311 = ORIENTED_EDGE ( 'NONE', *, *, #1558, .F. ) ;
#4312 = ORIENTED_EDGE ( 'NONE', *, *, #5803, .T. ) ;
#4313 = CARTESIAN_POINT ( 'NONE',  ( 0.1299212598425196763, -0.2559055118110236116, -0.3838582677165354173 ) ) ;
#4314 = VERTEX_POINT ( 'NONE', #135 ) ;
#4315 = AXIS2_PLACEMENT_3D ( 'NONE', #4466, #864, #5417 ) ;
#4316 = CARTESIAN_POINT ( 'NONE',  ( 0.02657480314960630058, -0.2165354330708661457, -0.4251968503937008093 ) ) ;
#4317 = CARTESIAN_POINT ( 'NONE',  ( 0.09055118110236221041, -0.2165354330708661457, -0.2004570070200771825 ) ) ;
#4318 = ORIENTED_EDGE ( 'NONE', *, *, #2900, .T. ) ;
#4319 = CARTESIAN_POINT ( 'NONE',  ( 0.01968650586098433242, -0.2559055118110236116, -0.4763779527559054983 ) ) ;
#4320 = CARTESIAN_POINT ( 'NONE',  ( 0.000000000000000000, 0.000000000000000000, -0.03346456692913385433 ) ) ;
#4321 = CIRCLE ( 'NONE', #3193, 0.01968503937007873988 ) ;
#4322 = ORIENTED_EDGE ( 'NONE', *, *, #3008, .F. ) ;
#4323 = DIRECTION ( 'NONE',  ( 1.000000000000000000, 0.000000000000000000, 9.856383386231860060E-17 ) ) ;
#4324 = AXIS2_PLACEMENT_3D ( 'NONE', #3399, #2341, #4307 ) ;
#4325 = VERTEX_POINT ( 'NONE', #1018 ) ;
#4326 = CARTESIAN_POINT ( 'NONE',  ( -0.1686354307791350648, -0.3512210543337728752, -0.3838582677165354173 ) ) ;
#4327 = CARTESIAN_POINT ( 'NONE',  ( -0.1114071747843653482, -0.2952755905511810774, -0.1825554488899909233 ) ) ;
#4328 = DIRECTION ( 'NONE',  ( 0.000000000000000000, 0.000000000000000000, 1.000000000000000000 ) ) ;
#4329 = VECTOR ( 'NONE', #2023, 39.37007874015748143 ) ;
#4330 = AXIS2_PLACEMENT_3D ( 'NONE', #99, #2704, #1841 ) ;
#4331 = ORIENTED_EDGE ( 'NONE', *, *, #3173, .F. ) ;
#4332 = CARTESIAN_POINT ( 'NONE',  ( -0.1181102362204724532, -0.1850393700787401619, -0.5118110236220472231 ) ) ;
#4333 = PLANE ( 'NONE',  #2556 ) ;
#4334 = DIRECTION ( 'NONE',  ( 0.000000000000000000, 0.000000000000000000, 1.000000000000000000 ) ) ;
#4335 = CIRCLE ( 'NONE', #2066, 0.007874015748031482076 ) ;
#4336 = CARTESIAN_POINT ( 'NONE',  ( 0.09055118110236221041, -0.2165354330708661457, -0.4251968503937008093 ) ) ;
#4337 = DIRECTION ( 'NONE',  ( 0.000000000000000000, 0.000000000000000000, 1.000000000000000000 ) ) ;
#4338 = AXIS2_PLACEMENT_3D ( 'NONE', #3395, #2929, #231 ) ;
#4339 = AXIS2_PLACEMENT_3D ( 'NONE', #3488, #5294, #1240 ) ;
#4340 = CARTESIAN_POINT ( 'NONE',  ( 0.1299212598425196763, -0.1377952755905511861, -0.3326771653543306728 ) ) ;
#4341 = DIRECTION ( 'NONE',  ( 0.000000000000000000, -1.000000000000000000, 0.000000000000000000 ) ) ;
#4342 = ORIENTED_EDGE ( 'NONE', *, *, #839, .T. ) ;
#4343 = EDGE_CURVE ( 'NONE', #1569, #1419, #2775, .T. ) ;
#4344 = VECTOR ( 'NONE', #5579, 39.37007874015748143 ) ;
#4345 = CARTESIAN_POINT ( 'NONE',  ( -0.1574812992125984301, -0.1456692913385826960, -0.4271653543307086798 ) ) ;
#4346 = ORIENTED_EDGE ( 'NONE', *, *, #2002, .F. ) ;
#4347 = CARTESIAN_POINT ( 'NONE',  ( 0.000000000000000000, 0.000000000000000000, -0.3248031496062992463 ) ) ;
#4348 = EDGE_CURVE ( 'NONE', #97, #3790, #4181, .T. ) ;
#4349 = ORIENTED_EDGE ( 'NONE', *, *, #4562, .T. ) ;
#4350 = EDGE_CURVE ( 'NONE', #4167, #2982, #4068, .T. ) ;
#4351 = DIRECTION ( 'NONE',  ( 0.000000000000000000, 0.000000000000000000, 1.000000000000000000 ) ) ;
#4352 = EDGE_LOOP ( 'NONE', ( #3196, #1155, #2986, #3378 ) ) ;
#4353 = LINE ( 'NONE', #2613, #4619 ) ;
#4354 = DIRECTION ( 'NONE',  ( 0.000000000000000000, 0.000000000000000000, -1.000000000000000000 ) ) ;
#4355 = AXIS2_PLACEMENT_3D ( 'NONE', #5642, #2820, #258 ) ;
#4356 = ORIENTED_EDGE ( 'NONE', *, *, #4914, .T. ) ;
#4357 = DIRECTION ( 'NONE',  ( 0.000000000000000000, 0.000000000000000000, -1.000000000000000000 ) ) ;
#4358 = LINE ( 'NONE', #4443, #3475 ) ;
#4359 = DIRECTION ( 'NONE',  ( 0.000000000000000000, 0.000000000000000000, 1.000000000000000000 ) ) ;
#4360 = CARTESIAN_POINT ( 'NONE',  ( -0.1442257495560398117, -0.3803698859760603068, -0.3790854913691167338 ) ) ;
#4361 = ORIENTED_EDGE ( 'NONE', *, *, #4731, .F. ) ;
#4362 = CARTESIAN_POINT ( 'NONE',  ( 0.1299212598425196763, -0.1802690946547830797, -0.4192913385826771422 ) ) ;
#4363 = VERTEX_POINT ( 'NONE', #2348 ) ;
#4364 = DIRECTION ( 'NONE',  ( -8.673617379884054405E-15, 1.000000000000000000, 0.000000000000000000 ) ) ;
#4365 = LINE ( 'NONE', #317, #3391 ) ;
#4366 = AXIS2_PLACEMENT_3D ( 'NONE', #2655, #1265, #2530 ) ;
#4367 = DIRECTION ( 'NONE',  ( -1.000000000000000000, -0.000000000000000000, -0.000000000000000000 ) ) ;
#4368 = CIRCLE ( 'NONE', #1719, 0.006889763779527346456 ) ;
#4369 = ORIENTED_EDGE ( 'NONE', *, *, #726, .T. ) ;
#4370 = DIRECTION ( 'NONE',  ( -1.000000000000000000, -6.505213034913035282E-15, 0.000000000000000000 ) ) ;
#4371 = EDGE_CURVE ( 'NONE', #4085, #4166, #4570, .T. ) ;
#4372 = LINE ( 'NONE', #5260, #5759 ) ;
#4373 = DIRECTION ( 'NONE',  ( 1.000000000000000000, 0.000000000000000000, 0.000000000000000000 ) ) ;
#4374 = ORIENTED_EDGE ( 'NONE', *, *, #5003, .T. ) ;
#4375 = ORIENTED_EDGE ( 'NONE', *, *, #2877, .T. ) ;
#4376 = EDGE_CURVE ( 'NONE', #2816, #426, #521, .T. ) ;
#4377 = VERTEX_POINT ( 'NONE', #2381 ) ;
#4378 = ORIENTED_EDGE ( 'NONE', *, *, #2039, .F. ) ;
#4379 = ORIENTED_EDGE ( 'NONE', *, *, #4287, .T. ) ;
#4380 = LINE ( 'NONE', #5680, #4981 ) ;
#4381 = DIRECTION ( 'NONE',  ( 1.000000000000000000, 0.000000000000000000, 1.971276677246370040E-16 ) ) ;
#4382 = EDGE_CURVE ( 'NONE', #2982, #2259, #1465, .T. ) ;
#4383 = ORIENTED_EDGE ( 'NONE', *, *, #341, .F. ) ;
#4384 = CARTESIAN_POINT ( 'NONE',  ( 0.1390742640150066933, -0.3641732283464567121, -0.3248031496062992463 ) ) ;
#4385 = DIRECTION ( 'NONE',  ( -1.000000000000000000, 0.000000000000000000, 0.000000000000000000 ) ) ;
#4386 = EDGE_CURVE ( 'NONE', #3877, #3975, #4707, .T. ) ;
#4387 = VERTEX_POINT ( 'NONE', #3634 ) ;
#4388 = CARTESIAN_POINT ( 'NONE',  ( -0.01968650587443658909, -0.2559055116635182148, -0.4763779527667671432 ) ) ;
#4389 = ORIENTED_EDGE ( 'NONE', *, *, #5000, .F. ) ;
#4390 = CARTESIAN_POINT ( 'NONE',  ( 0.09448818897637795144, -0.2893700787401574659, -0.1771653543307086520 ) ) ;
#4391 = FACE_OUTER_BOUND ( 'NONE', #2159, .T. ) ;
#4392 = DIRECTION ( 'NONE',  ( -2.478176394252580155E-15, 0.000000000000000000, -1.000000000000000000 ) ) ;
#4393 = LINE ( 'NONE', #4843, #5279 ) ;
#4394 = ADVANCED_FACE ( 'NONE', ( #3242 ), #1910, .F. ) ;
#4395 = DIRECTION ( 'NONE',  ( -1.000000000000000000, 0.000000000000000000, 0.000000000000000000 ) ) ;
#4396 = DIRECTION ( 'NONE',  ( 0.3926236637329712509, 0.9196992218529373986, 0.000000000000000000 ) ) ;
#4397 = ORIENTED_EDGE ( 'NONE', *, *, #5581, .F. ) ;
#4398 = CARTESIAN_POINT ( 'NONE',  ( 0.1535433070866141780, -0.3641732283464567121, -0.3248031496062992463 ) ) ;
#4399 = CARTESIAN_POINT ( 'NONE',  ( -0.09448818897637795144, -0.2165354330708661457, -0.1535433070866141780 ) ) ;
#4400 = LINE ( 'NONE', #2604, #855 ) ;
#4401 = ORIENTED_EDGE ( 'NONE', *, *, #3261, .T. ) ;
#4402 = VERTEX_POINT ( 'NONE', #22 ) ;
#4403 = ORIENTED_EDGE ( 'NONE', *, *, #3903, .T. ) ;
#4404 = CARTESIAN_POINT ( 'NONE',  ( -0.09842519685039370636, -0.08858267716535432601, -0.4271653543307086798 ) ) ;
#4405 = CARTESIAN_POINT ( 'NONE',  ( 0.1496062992125984370, -0.3385826771653543399, -0.3838582677165354173 ) ) ;
#4406 = ORIENTED_EDGE ( 'NONE', *, *, #5045, .T. ) ;
#4407 = CARTESIAN_POINT ( 'NONE',  ( 0.02964553060598594178, -0.2362204724409449064, -0.4362098842138716903 ) ) ;
#4408 = CARTESIAN_POINT ( 'NONE',  ( 0.000000000000000000, 0.000000000000000000, -0.3248031496062992463 ) ) ;
#4409 = ORIENTED_EDGE ( 'NONE', *, *, #3949, .F. ) ;
#4410 = DIRECTION ( 'NONE',  ( 1.000000000000000000, 0.000000000000000000, 0.000000000000000000 ) ) ;
#4411 = VERTEX_POINT ( 'NONE', #1373 ) ;
#4412 = ADVANCED_FACE ( 'NONE', ( #3184 ), #4117, .F. ) ;
#4413 = CARTESIAN_POINT ( 'NONE',  ( -0.09448818897637795144, -0.2893700787401574659, -0.1771653543307086520 ) ) ;
#4414 = CARTESIAN_POINT ( 'NONE',  ( 0.1299212598425196763, -0.3816279003875797105, -0.3303272643908534700 ) ) ;
#4415 = CARTESIAN_POINT ( 'NONE',  ( 1.988845687591665503E-18, -0.03937007874015725772, -0.4133858267716565282 ) ) ;
#4416 = DIRECTION ( 'NONE',  ( 0.000000000000000000, 0.000000000000000000, -1.000000000000000000 ) ) ;
#4417 = DIRECTION ( 'NONE',  ( 0.000000000000000000, -1.000000000000000000, 0.000000000000000000 ) ) ;
#4418 = CARTESIAN_POINT ( 'NONE',  ( 0.05314960629921260116, -0.03937007874015747977, -0.5118110236220472231 ) ) ;
#4419 = EDGE_CURVE ( 'NONE', #3727, #3925, #3657, .T. ) ;
#4420 = VECTOR ( 'NONE', #1780, 39.37007874015748143 ) ;
#4421 = CARTESIAN_POINT ( 'NONE',  ( 0.09448818897637795144, -0.2893700787401574659, -0.1771653543307086520 ) ) ;
#4422 = EDGE_CURVE ( 'NONE', #2752, #2195, #5046, .T. ) ;
#4423 = AXIS2_PLACEMENT_3D ( 'NONE', #5067, #1015, #2827 ) ;
#4424 = CIRCLE ( 'NONE', #5182, 0.007874015748031499423 ) ;
#4425 = DIRECTION ( 'NONE',  ( 0.000000000000000000, -1.000000000000000000, 0.000000000000000000 ) ) ;
#4426 = AXIS2_PLACEMENT_3D ( 'NONE', #1316, #3059, #2996 ) ;
#4427 = DIRECTION ( 'NONE',  ( 0.000000000000000000, 1.000000000000000000, 0.000000000000000000 ) ) ;
#4428 = EDGE_LOOP ( 'NONE', ( #2317, #4375, #2709, #4853 ) ) ;
#4429 = VECTOR ( 'NONE', #2690, 39.37007874015748143 ) ;
#4430 = ORIENTED_EDGE ( 'NONE', *, *, #2842, .T. ) ;
#4431 = VECTOR ( 'NONE', #1874, 39.37007874015748143 ) ;
#4432 = VERTEX_POINT ( 'NONE', #992 ) ;
#4433 = LINE ( 'NONE', #2043, #2645 ) ;
#4434 = ORIENTED_EDGE ( 'NONE', *, *, #1715, .T. ) ;
#4435 = AXIS2_PLACEMENT_3D ( 'NONE', #1941, #4186, #2303 ) ;
#4436 = VECTOR ( 'NONE', #2245, 39.37007874015748143 ) ;
#4437 = LINE ( 'NONE', #3079, #5362 ) ;
#4438 = DIRECTION ( 'NONE',  ( 0.000000000000000000, 0.000000000000000000, 1.000000000000000000 ) ) ;
#4439 = VECTOR ( 'NONE', #2117, 39.37007874015748143 ) ;
#4440 = VERTEX_POINT ( 'NONE', #5019 ) ;
#4441 = ORIENTED_EDGE ( 'NONE', *, *, #3400, .F. ) ;
#4442 = LINE ( 'NONE', #3505, #5088 ) ;
#4443 = CARTESIAN_POINT ( 'NONE',  ( 0.1496062992125984370, 0.1181102362204724532, -0.5118110236220472231 ) ) ;
#4444 = DIRECTION ( 'NONE',  ( -1.000000000000000000, 1.577021341797094849E-16, 0.000000000000000000 ) ) ;
#4445 = ORIENTED_EDGE ( 'NONE', *, *, #3929, .F. ) ;
#4446 = CARTESIAN_POINT ( 'NONE',  ( 0.1319300932038700025, -0.3739473996352570828, -0.3263235915400712894 ) ) ;
#4447 = VECTOR ( 'NONE', #2258, 39.37007874015748143 ) ;
#4448 = DIRECTION ( 'NONE',  ( 0.000000000000000000, 0.000000000000000000, 1.000000000000000000 ) ) ;
#4449 = EDGE_CURVE ( 'NONE', #2741, #3429, #498, .T. ) ;
#4450 = CARTESIAN_POINT ( 'NONE',  ( 0.1462350273299907744, -0.2667102563078775357, -0.3248031496062992463 ) ) ;
#4451 = FACE_OUTER_BOUND ( 'NONE', #4075, .T. ) ;
#4452 = PLANE ( 'NONE',  #2628 ) ;
#4453 = CARTESIAN_POINT ( 'NONE',  ( -0.01377952755907568827, -0.2559055118110236116, -0.4291338582677165503 ) ) ;
#4454 = EDGE_CURVE ( 'NONE', #2424, #5569, #546, .T. ) ;
#4455 = VECTOR ( 'NONE', #2738, 39.37007874015748143 ) ;
#4456 = DIRECTION ( 'NONE',  ( 0.000000000000000000, -1.000000000000000000, 0.000000000000000000 ) ) ;
#4457 = AXIS2_PLACEMENT_3D ( 'NONE', #4421, #4847, #2149 ) ;
#4458 = DIRECTION ( 'NONE',  ( 0.000000000000000000, 0.000000000000000000, -1.000000000000000000 ) ) ;
#4459 = ORIENTED_EDGE ( 'NONE', *, *, #1244, .F. ) ;
#4460 = EDGE_CURVE ( 'NONE', #3992, #3468, #4635, .T. ) ;
#4461 = AXIS2_PLACEMENT_3D ( 'NONE', #5537, #1482, #1046 ) ;
#4462 = ORIENTED_EDGE ( 'NONE', *, *, #1954, .T. ) ;
#4463 = VERTEX_POINT ( 'NONE', #1352 ) ;
#4464 = LINE ( 'NONE', #1133, #1503 ) ;
#4465 = ORIENTED_EDGE ( 'NONE', *, *, #696, .T. ) ;
#4466 = CARTESIAN_POINT ( 'NONE',  ( 0.09448818897637795144, -0.2559055118110236116, -0.1771653543307086520 ) ) ;
#4467 = CARTESIAN_POINT ( 'NONE',  ( 0.07874015748031495954, -0.03937007874015747977, -0.3818897637795276023 ) ) ;
#4468 = ORIENTED_EDGE ( 'NONE', *, *, #3045, .T. ) ;
#4469 = ORIENTED_EDGE ( 'NONE', *, *, #898, .T. ) ;
#4470 = CARTESIAN_POINT ( 'NONE',  ( 0.1181102362204724532, -0.2559055118110236116, -0.04724409448818897572 ) ) ;
#4471 = EDGE_CURVE ( 'NONE', #477, #40, #967, .T. ) ;
#4472 = LINE ( 'NONE', #3598, #4732 ) ;
#4473 = ORIENTED_EDGE ( 'NONE', *, *, #2462, .F. ) ;
#4474 = DIRECTION ( 'NONE',  ( -0.7071067811865469066, 0.7071067811865479058, 0.000000000000000000 ) ) ;
#4475 = CARTESIAN_POINT ( 'NONE',  ( 0.01377952755905511792, -0.2559055118110236116, -0.4291338582677165503 ) ) ;
#4476 = ORIENTED_EDGE ( 'NONE', *, *, #251, .F. ) ;
#4477 = VERTEX_POINT ( 'NONE', #2712 ) ;
#4478 = ORIENTED_EDGE ( 'NONE', *, *, #910, .F. ) ;
#4479 = CYLINDRICAL_SURFACE ( 'NONE', #3025, 0.007874015748031499423 ) ;
#4480 = CARTESIAN_POINT ( 'NONE',  ( -0.1574803149606299191, 0.1574803149606299191, -0.04724409448818897572 ) ) ;
#4481 = DIRECTION ( 'NONE',  ( 0.000000000000000000, -1.000000000000000000, 0.000000000000000000 ) ) ;
#4482 = DIRECTION ( 'NONE',  ( -1.000000000000000000, 0.000000000000000000, 0.000000000000000000 ) ) ;
#4483 = DIRECTION ( 'NONE',  ( 0.000000000000000000, 1.000000000000000000, 0.000000000000000000 ) ) ;
#4484 = DIRECTION ( 'NONE',  ( -1.000000000000000000, 0.000000000000000000, 0.000000000000000000 ) ) ;
#4485 = ORIENTED_EDGE ( 'NONE', *, *, #1856, .F. ) ;
#4486 = ADVANCED_FACE ( 'NONE', ( #4505 ), #3212, .F. ) ;
#4487 = ORIENTED_EDGE ( 'NONE', *, *, #1491, .F. ) ;
#4488 = ORIENTED_EDGE ( 'NONE', *, *, #5139, .F. ) ;
#4489 = CARTESIAN_POINT ( 'NONE',  ( -0.07874015748031495954, 0.09842519685039370636, -0.3248031496062992463 ) ) ;
#4490 = ORIENTED_EDGE ( 'NONE', *, *, #1284, .T. ) ;
#4491 = FACE_OUTER_BOUND ( 'NONE', #2035, .T. ) ;
#4492 = EDGE_CURVE ( 'NONE', #5094, #3410, #4424, .T. ) ;
#4493 = DIRECTION ( 'NONE',  ( -1.000000000000000000, 0.000000000000000000, -2.478176394218150321E-15 ) ) ;
#4494 = ADVANCED_FACE ( 'NONE', ( #1524 ), #192, .T. ) ;
#4495 = ORIENTED_EDGE ( 'NONE', *, *, #1666, .T. ) ;
#4496 = ORIENTED_EDGE ( 'NONE', *, *, #3665, .T. ) ;
#4497 = VERTEX_POINT ( 'NONE', #4294 ) ;
#4498 = VERTEX_POINT ( 'NONE', #1167 ) ;
#4499 = CARTESIAN_POINT ( 'NONE',  ( -0.02657480314960630058, -0.2165354330708661457, -0.3818897637795276023 ) ) ;
#4500 = DIRECTION ( 'NONE',  ( 1.000000000000000000, 0.000000000000000000, 0.000000000000000000 ) ) ;
#4501 = DIRECTION ( 'NONE',  ( 0.000000000000000000, -1.000000000000000000, 0.000000000000000000 ) ) ;
#4502 = CYLINDRICAL_SURFACE ( 'NONE', #4615, 0.02362204724409448092 ) ;
#4503 = ORIENTED_EDGE ( 'NONE', *, *, #2590, .F. ) ;
#4504 = LINE ( 'NONE', #3570, #3597 ) ;
#4505 = FACE_OUTER_BOUND ( 'NONE', #1200, .T. ) ;
#4506 = CYLINDRICAL_SURFACE ( 'NONE', #3851, 0.007874015748031499423 ) ;
#4507 = CARTESIAN_POINT ( 'NONE',  ( -0.1574812992125984301, -0.03937007874015747977, -0.5118110236220472231 ) ) ;
#4508 = AXIS2_PLACEMENT_3D ( 'NONE', #4791, #2609, #830 ) ;
#4509 = FACE_OUTER_BOUND ( 'NONE', #1484, .T. ) ;
#4510 = ORIENTED_EDGE ( 'NONE', *, *, #3641, .F. ) ;
#4511 = AXIS2_PLACEMENT_3D ( 'NONE', #579, #23, #2383 ) ;
#4512 = ORIENTED_EDGE ( 'NONE', *, *, #4120, .T. ) ;
#4513 = ORIENTED_EDGE ( 'NONE', *, *, #53, .T. ) ;
#4514 = UNCERTAINTY_MEASURE_WITH_UNIT (LENGTH_MEASURE( 1.000000000000000082E-05 ), #871, 'distance_accuracy_value', 'NONE');
#4515 = AXIS2_PLACEMENT_3D ( 'NONE', #3095, #4897, #4034 ) ;
#4516 = CIRCLE ( 'NONE', #2060, 0.08661417322834646937 ) ;
#4517 = DIRECTION ( 'NONE',  ( 1.000000000000000000, 0.000000000000000000, 0.000000000000000000 ) ) ;
#4518 = LINE ( 'NONE', #1189, #3965 ) ;
#4519 = ORIENTED_EDGE ( 'NONE', *, *, #3885, .T. ) ;
#4520 = EDGE_CURVE ( 'NONE', #520, #1789, #4715, .T. ) ;
#4521 = CARTESIAN_POINT ( 'NONE',  ( 0.05905511811023622659, -0.07283464566929134798, -0.4271653543307086798 ) ) ;
#4522 = AXIS2_PLACEMENT_3D ( 'NONE', #4320, #4354, #5713 ) ;
#4523 = AXIS2_PLACEMENT_3D ( 'NONE', #2753, #2722, #3584 ) ;
#4524 = CARTESIAN_POINT ( 'NONE',  ( -0.1574803149606299191, -0.2559055118110236116, -0.1535433070866141780 ) ) ;
#4525 = CIRCLE ( 'NONE', #1411, 0.007874015748031499423 ) ;
#4526 = AXIS2_PLACEMENT_3D ( 'NONE', #4819, #762, #1738 ) ;
#4527 = VERTEX_POINT ( 'NONE', #662 ) ;
#4528 = EDGE_CURVE ( 'NONE', #3084, #4293, #2947, .T. ) ;
#4529 = VERTEX_POINT ( 'NONE', #244 ) ;
#4530 = CARTESIAN_POINT ( 'NONE',  ( -0.1496062992125984370, -0.2480314960629921295, -0.1062992125984252023 ) ) ;
#4531 = EDGE_CURVE ( 'NONE', #5560, #29, #1962, .T. ) ;
#4532 = B_SPLINE_SURFACE_WITH_KNOTS ( 'NONE', 3, 1, ( 
 ( #3911, #5745, #2407, #660 ),
 ( #1103, #2434, #3823, #3352 ),
 ( #4711, #5602, #2466, #3379 ),
 ( #4682, #4744, #2883, #3411 ),
 ( #3767, #1014, #4263, #604 ),
 ( #218, #685, #5101, #4291 ),
 ( #1549, #1991, #3738, #5155 ),
 ( #1049, #3798, #2826, #4624 ),
 ( #1485, #1610, #2020, #2498 ),
 ( #4204, #2913, #2379, #1078 ),
 ( #242, #629, #1575, #5627 ),
 ( #5570, #5187, #155, #1135 ),
 ( #4656, #189, #5540, #2943 ),
 ( #2045, #3849, #576, #5657 ),
 ( #4178, #133, #1934, #3292 ),
 ( #2857, #1958, #1521, #3324 ),
 ( #5131, #4233, #5306, #2523 ),
 ( #1662, #5738, #1258, #363 ),
 ( #331, #1724, #271, #5243 ),
 ( #779, #914, #2723, #2080 ),
 ( #1285, #5336, #807, #3056 ),
 ( #5773, #3027, #3171, #1222 ) ),
 .UNSPECIFIED., .T., .F., .F.,
 ( 4, 1, 1, 1, 2, 1, 1, 1, 2, 1, 1, 1, 2, 1, 1, 1, 4 ),
 ( 2, 1, 1, 2 ),
 ( 0.000000000000000000, 0.08706372975324749852, 0.1741274595064949970, 0.2611911892597424956, 0.3482549190129899941, 0.3861911892597424956, 0.4241274595064949970, 0.4620637297532479981, 0.5000000000000000000, 0.5870637297532480536, 0.6741274595064949970, 0.7611911892597430507, 0.8482549190129901051, 0.8861911892597430507, 0.9241274595064949970, 0.9620637297532480536, 1.000000000000000000 ),
 ( -0.01009999999999999960, 0.000000000000000000, 1.000000000000000000, 1.010000000000000009 ),
 .UNSPECIFIED. ) ;
#4533 = VECTOR ( 'NONE', #847, 39.37007874015748143 ) ;
#4534 = LINE ( 'NONE', #489, #2374 ) ;
#4535 = EDGE_CURVE ( 'NONE', #5218, #1631, #5605, .T. ) ;
#4536 = CARTESIAN_POINT ( 'NONE',  ( 0.07874015748031495954, -0.07283464566929134798, -0.4271653543307086798 ) ) ;
#4537 = CARTESIAN_POINT ( 'NONE',  ( -0.1334704877588005767, -0.2715083398372629686, -0.3838582677165354173 ) ) ;
#4538 = ORIENTED_EDGE ( 'NONE', *, *, #2354, .T. ) ;
#4539 = ORIENTED_EDGE ( 'NONE', *, *, #525, .T. ) ;
#4540 = CARTESIAN_POINT ( 'NONE',  ( 0.1535433070866141780, -0.2637795275590551491, -0.3248031496062992463 ) ) ;
#4541 = DIRECTION ( 'NONE',  ( 0.000000000000000000, 1.000000000000000000, 0.000000000000000000 ) ) ;
#4542 = DIRECTION ( 'NONE',  ( 0.000000000000000000, 0.000000000000000000, -1.000000000000000000 ) ) ;
#4543 = CARTESIAN_POINT ( 'NONE',  ( -0.02362204724409448786, 0.07086614173228346358, -0.3248031496062992463 ) ) ;
#4544 = LINE ( 'NONE', #857, #2071 ) ;
#4545 = DIRECTION ( 'NONE',  ( 0.000000000000000000, 0.000000000000000000, 1.000000000000000000 ) ) ;
#4546 = AXIS2_PLACEMENT_3D ( 'NONE', #5013, #4951, #5397 ) ;
#4547 = ADVANCED_FACE ( 'NONE', ( #5104 ), #4266, .F. ) ;
#4548 = DIRECTION ( 'NONE',  ( -1.807003620809174583E-15, 0.000000000000000000, 1.000000000000000000 ) ) ;
#4549 = AXIS2_PLACEMENT_3D ( 'NONE', #3628, #1346, #1370 ) ;
#4550 = LINE ( 'NONE', #4966, #3773 ) ;
#4551 = CARTESIAN_POINT ( 'NONE',  ( -0.03195668221149425281, -0.2559055118110236116, -0.4338219754585945220 ) ) ;
#4552 = ORIENTED_EDGE ( 'NONE', *, *, #5162, .F. ) ;
#4553 = FACE_OUTER_BOUND ( 'NONE', #1952, .T. ) ;
#4554 = AXIS2_PLACEMENT_3D ( 'NONE', #329, #709, #2520 ) ;
#4555 = AXIS2_PLACEMENT_3D ( 'NONE', #5347, #2627, #1300 ) ;
#4556 = ADVANCED_FACE ( 'NONE', ( #5630 ), #5133, .T. ) ;
#4557 = CARTESIAN_POINT ( 'NONE',  ( 0.1181102362204724532, -0.08858267716535432601, -0.3602362204724409711 ) ) ;
#4558 = ORIENTED_EDGE ( 'NONE', *, *, #2032, .T. ) ;
#4559 = EDGE_LOOP ( 'NONE', ( #5066, #2810, #4607, #4091, #4469, #2568, #5091, #4485, #5369, #4234, #4409, #1511 ) ) ;
#4560 = CARTESIAN_POINT ( 'NONE',  ( -0.1574812992125984301, -0.08858267716535432601, -0.4271653543307086798 ) ) ;
#4561 = CARTESIAN_POINT ( 'NONE',  ( 0.1390742640150066933, -0.3641732283464567121, -0.3838582677165354173 ) ) ;
#4562 = EDGE_CURVE ( 'NONE', #766, #1926, #1994, .T. ) ;
#4563 = EDGE_CURVE ( 'NONE', #2424, #3926, #1578, .T. ) ;
#4564 = CARTESIAN_POINT ( 'NONE',  ( -0.02362204724409448786, 0.09842519685039370636, -0.3818897637795276023 ) ) ;
#4565 = ADVANCED_FACE ( 'NONE', ( #3383 ), #5660, .T. ) ;
#4566 = DIRECTION ( 'NONE',  ( 1.000000000000000000, -2.168404344971005318E-15, 0.000000000000000000 ) ) ;
#4567 = ORIENTED_EDGE ( 'NONE', *, *, #2037, .F. ) ;
#4568 = ORIENTED_EDGE ( 'NONE', *, *, #419, .F. ) ;
#4569 = PLANE ( 'NONE',  #3870 ) ;
#4570 = LINE ( 'NONE', #2829, #3487 ) ;
#4571 = CARTESIAN_POINT ( 'NONE',  ( 0.1181102362204724532, -0.08858267716535432601, -0.3602362204724409711 ) ) ;
#4572 = EDGE_CURVE ( 'NONE', #3440, #3672, #4662, .T. ) ;
#4573 = CARTESIAN_POINT ( 'NONE',  ( -0.09842519685039370636, -0.08858267716535432601, -0.3602362204724409711 ) ) ;
#4574 = EDGE_CURVE ( 'NONE', #3696, #3535, #274, .T. ) ;
#4575 = DIRECTION ( 'NONE',  ( 0.000000000000000000, 0.000000000000000000, 1.000000000000000000 ) ) ;
#4576 = LINE ( 'NONE', #1378, #4621 ) ;
#4577 = CYLINDRICAL_SURFACE ( 'NONE', #2075, 0.007874015748031499423 ) ;
#4578 = DIRECTION ( 'NONE',  ( 0.000000000000000000, -5.204170427930420297E-16, 1.000000000000000000 ) ) ;
#4579 = UNCERTAINTY_MEASURE_WITH_UNIT (LENGTH_MEASURE( 1.000000000000000082E-05 ), #2318, 'distance_accuracy_value', 'NONE');
#4580 = CARTESIAN_POINT ( 'NONE',  ( -0.09842519685039370636, -0.08858267716535432601, -0.3602362204724409711 ) ) ;
#4581 = CARTESIAN_POINT ( 'NONE',  ( 0.01416606694003974369, -0.2360236220472441138, -0.4233424260092314984 ) ) ;
#4582 = ORIENTED_EDGE ( 'NONE', *, *, #1244, .T. ) ;
#4583 = DIRECTION ( 'NONE',  ( -2.168404344971015179E-15, -1.000000000000000000, 0.000000000000000000 ) ) ;
#4584 = CARTESIAN_POINT ( 'NONE',  ( 0.1299212598425196763, -0.1852428974198401246, -0.4253955510670653917 ) ) ;
#4585 = ORIENTED_EDGE ( 'NONE', *, *, #4894, .T. ) ;
#4586 = VERTEX_POINT ( 'NONE', #632 ) ;
#4587 = DIRECTION ( 'NONE',  ( 0.000000000000000000, 0.000000000000000000, -1.000000000000000000 ) ) ;
#4588 = CARTESIAN_POINT ( 'NONE',  ( 0.08661417322834646937, 0.000000000000000000, 0.000000000000000000 ) ) ;
#4589 = CARTESIAN_POINT ( 'NONE',  ( -0.09448818897637790981, -0.2893700787401573549, -0.1771653543307086798 ) ) ;
#4590 = CARTESIAN_POINT ( 'NONE',  ( -0.1686354307791350648, -0.3512210543337728752, -0.3838582677165354173 ) ) ;
#4591 = ORIENTED_EDGE ( 'NONE', *, *, #4574, .T. ) ;
#4592 = DIRECTION ( 'NONE',  ( 1.000000000000000000, 0.000000000000000000, 0.000000000000000000 ) ) ;
#4593 = DIRECTION ( 'NONE',  ( 0.5773502691896240657, -0.5773502691896240657, 0.5773502691896290617 ) ) ;
#4594 = ADVANCED_FACE ( 'NONE', ( #3355 ), #1106, .T. ) ;
#4595 = LINE ( 'NONE', #2860, #2056 ) ;
#4596 = PLANE ( 'NONE',  #2095 ) ;
#4597 = DIRECTION ( 'NONE',  ( -1.000000000000000000, 0.000000000000000000, 0.000000000000000000 ) ) ;
#4598 = PLANE ( 'NONE',  #5390 ) ;
#4599 = DIRECTION ( 'NONE',  ( 0.000000000000000000, 0.000000000000000000, -1.000000000000000000 ) ) ;
#4600 = EDGE_CURVE ( 'NONE', #2905, #4879, #607, .T. ) ;
#4601 = VECTOR ( 'NONE', #60, 39.37007874015748143 ) ;
#4602 = EDGE_CURVE ( 'NONE', #350, #4881, #4235, .T. ) ;
#4603 = VERTEX_POINT ( 'NONE', #3909 ) ;
#4604 = AXIS2_PLACEMENT_3D ( 'NONE', #72, #5519, #1878 ) ;
#4605 = CARTESIAN_POINT ( 'NONE',  ( -0.02362204724409448786, 0.07874015748031495954, -0.5118110236220472231 ) ) ;
#4606 = CARTESIAN_POINT ( 'NONE',  ( -0.03383624429212314655, -0.2360236220472441138, -0.4527559055118110520 ) ) ;
#4607 = ORIENTED_EDGE ( 'NONE', *, *, #195, .T. ) ;
#4608 = VECTOR ( 'NONE', #5705, 39.37007874015748143 ) ;
#4609 = DIRECTION ( 'NONE',  ( 1.000000000000000000, 0.000000000000000000, 9.427844978134820201E-17 ) ) ;
#4610 = VECTOR ( 'NONE', #4956, 39.37007874015748143 ) ;
#4611 = AXIS2_PLACEMENT_3D ( 'NONE', #5246, #2648, #4410 ) ;
#4612 = ORIENTED_EDGE ( 'NONE', *, *, #5574, .F. ) ;
#4613 = ORIENTED_EDGE ( 'NONE', *, *, #4016, .F. ) ;
#4614 = VECTOR ( 'NONE', #3537, 39.37007874015748143 ) ;
#4615 = AXIS2_PLACEMENT_3D ( 'NONE', #462, #2264, #4063 ) ;
#4616 = VERTEX_POINT ( 'NONE', #3539 ) ;
#4617 = CARTESIAN_POINT ( 'NONE',  ( -0.1496062992125984370, -0.2480314960629921295, -0.1062992125984252023 ) ) ;
#4618 = CARTESIAN_POINT ( 'NONE',  ( -0.1496062992125984370, 0.1181102362204724532, -0.1062992125984252023 ) ) ;
#4619 = VECTOR ( 'NONE', #3466, 39.37007874015748143 ) ;
#4620 = FACE_OUTER_BOUND ( 'NONE', #2843, .T. ) ;
#4621 = VECTOR ( 'NONE', #528, 39.37007874015748143 ) ;
#4622 = DIRECTION ( 'NONE',  ( 1.000000000000000000, 0.000000000000000000, 0.000000000000000000 ) ) ;
#4623 = VERTEX_POINT ( 'NONE', #4002 ) ;
#4624 = CARTESIAN_POINT ( 'NONE',  ( 0.009081027146307383072, -0.2360236220472441138, -0.4844385843780826817 ) ) ;
#4625 = ORIENTED_EDGE ( 'NONE', *, *, #3761, .F. ) ;
#4626 = CARTESIAN_POINT ( 'NONE',  ( -0.03444881889763779653, -0.1771653543307086520, -0.5118110236220472231 ) ) ;
#4627 = VECTOR ( 'NONE', #1414, 39.37007874015748143 ) ;
#4628 = AXIS2_PLACEMENT_3D ( 'NONE', #1372, #496, #3544 ) ;
#4629 = CARTESIAN_POINT ( 'NONE',  ( 0.01377952755190228404, -0.2559055118110236116, -0.4291338582677165503 ) ) ;
#4630 = LINE ( 'NONE', #3828, #5024 ) ;
#4631 = EDGE_CURVE ( 'NONE', #2583, #4623, #2111, .T. ) ;
#4632 = LINE ( 'NONE', #1468, #82 ) ;
#4633 = CARTESIAN_POINT ( 'NONE',  ( -0.07874015748031495954, -0.1653543307086614012, -0.3838582677165354173 ) ) ;
#4634 = CARTESIAN_POINT ( 'NONE',  ( 0.1220472440944881942, -0.07283464566929134798, -0.3602362204724409711 ) ) ;
#4635 =( BOUNDED_CURVE ( )  B_SPLINE_CURVE ( 3, ( #4093, #3161, #105, #47 ),
 .UNSPECIFIED., .F., .F. ) 
 B_SPLINE_CURVE_WITH_KNOTS ( ( 4, 4 ),
 ( 4.194026059544564866, 4.712388980384689674 ),
 .UNSPECIFIED. ) 
 CURVE ( )  GEOMETRIC_REPRESENTATION_ITEM ( )  RATIONAL_B_SPLINE_CURVE ( ( 1.000000000000000000, 0.9777333899826279318, 0.9777333899826279318, 1.000000000000000000 ) ) 
 REPRESENTATION_ITEM ( '' )  );
#4636 = CARTESIAN_POINT ( 'NONE',  ( 0.1557340900632749880, -0.3435274019595783712, -0.3838582677165354173 ) ) ;
#4637 = EDGE_CURVE ( 'NONE', #98, #333, #374, .T. ) ;
#4638 = ORIENTED_EDGE ( 'NONE', *, *, #5512, .F. ) ;
#4639 = AXIS2_PLACEMENT_3D ( 'NONE', #65, #2314, #899 ) ;
#4640 = CARTESIAN_POINT ( 'NONE',  ( -0.1318897637795275746, -0.2637795275590551491, -0.3838582677165354173 ) ) ;
#4641 = EDGE_CURVE ( 'NONE', #5828, #1262, #5277, .T. ) ;
#4642 = CARTESIAN_POINT ( 'NONE',  ( -0.04016252528888662049, -0.2559055118110236116, -0.4527559055118110520 ) ) ;
#4643 = ORIENTED_EDGE ( 'NONE', *, *, #3019, .T. ) ;
#4644 = DIRECTION ( 'NONE',  ( 1.548860246407864815E-16, 1.000000000000000000, 0.000000000000000000 ) ) ;
#4645 = VECTOR ( 'NONE', #5021, 39.37007874015748143 ) ;
#4646 = EDGE_LOOP ( 'NONE', ( #3128, #1205, #4926, #772 ) ) ;
#4647 = ORIENTED_EDGE ( 'NONE', *, *, #1967, .T. ) ;
#4648 = AXIS2_PLACEMENT_3D ( 'NONE', #626, #4739, #4228 ) ;
#4649 = ORIENTED_EDGE ( 'NONE', *, *, #3711, .T. ) ;
#4650 = VECTOR ( 'NONE', #5784, 39.37007874015748143 ) ;
#4651 = DIRECTION ( 'NONE',  ( 0.000000000000000000, 0.000000000000000000, 1.000000000000000000 ) ) ;
#4652 = CARTESIAN_POINT ( 'NONE',  ( -0.1574803149606299191, -0.2480314960629921295, -0.1062992125984252023 ) ) ;
#4653 = CARTESIAN_POINT ( 'NONE',  ( 0.07874015748031495954, -0.2637795275590551491, -0.3248031496062992463 ) ) ;
#4654 = CARTESIAN_POINT ( 'NONE',  ( -0.1181102362204724532, -0.2559055118110236116, -0.1535433070866141780 ) ) ;
#4655 = EDGE_LOOP ( 'NONE', ( #1260, #4834, #5207, #2084, #4826, #4710, #2217, #2022, #299, #4789, #5387, #5401, #5100, #5799, #5839, #2670 ) ) ;
#4656 = CARTESIAN_POINT ( 'NONE',  ( -0.03198002484270992540, -0.2561043307086614540, -0.4717139534434550696 ) ) ;
#4657 = DIRECTION ( 'NONE',  ( 0.000000000000000000, 0.000000000000000000, -1.000000000000000000 ) ) ;
#4658 = ORIENTED_EDGE ( 'NONE', *, *, #4673, .T. ) ;
#4659 = DIRECTION ( 'NONE',  ( 0.000000000000000000, 0.000000000000000000, -1.000000000000000000 ) ) ;
#4660 = EDGE_CURVE ( 'NONE', #3877, #4928, #5715, .T. ) ;
#4661 = DIRECTION ( 'NONE',  ( 1.000000000000000000, 0.000000000000000000, 0.000000000000000000 ) ) ;
#4662 = CIRCLE ( 'NONE', #555, 0.007874015748031499423 ) ;
#4663 = CARTESIAN_POINT ( 'NONE',  ( 0.000000000000000000, 0.000000000000000000, -0.02559055118110236185 ) ) ;
#4664 = DIRECTION ( 'NONE',  ( 1.000000000000000000, 0.000000000000000000, 0.000000000000000000 ) ) ;
#4665 = CARTESIAN_POINT ( 'NONE',  ( -0.03444881889763779653, -0.1771653543307086520, -0.5118110236220472231 ) ) ;
#4666 = CARTESIAN_POINT ( 'NONE',  ( -0.1181102362204724532, -0.1456692913385826960, -0.4271653543307086798 ) ) ;
#4667 = FACE_OUTER_BOUND ( 'NONE', #4000, .T. ) ;
#4668 = EDGE_LOOP ( 'NONE', ( #2104, #1478, #3973, #2015 ) ) ;
#4669 = CARTESIAN_POINT ( 'NONE',  ( -0.09842519685039370636, -0.07283464566929134798, -0.3602362204724409711 ) ) ;
#4670 = CARTESIAN_POINT ( 'NONE',  ( 0.01636588960721315281, -0.2362204724409449064, -0.4247000947534984028 ) ) ;
#4671 = VERTEX_POINT ( 'NONE', #3030 ) ;
#4672 = CARTESIAN_POINT ( 'NONE',  ( -0.04527559055118110520, 0.07086614173228346358, -0.3248031496062992463 ) ) ;
#4673 = EDGE_CURVE ( 'NONE', #326, #3064, #1665, .T. ) ;
#4674 = ORIENTED_EDGE ( 'NONE', *, *, #174, .F. ) ;
#4675 = ORIENTED_EDGE ( 'NONE', *, *, #4168, .F. ) ;
#4676 = FACE_OUTER_BOUND ( 'NONE', #3351, .T. ) ;
#4677 = EDGE_CURVE ( 'NONE', #3036, #350, #4442, .T. ) ;
#4678 = EDGE_CURVE ( 'NONE', #5648, #2137, #1287, .T. ) ;
#4679 = DIRECTION ( 'NONE',  ( 0.000000000000000000, -1.000000000000000000, 0.000000000000000000 ) ) ;
#4680 = PLANE ( 'NONE',  #269 ) ;
#4681 = VERTEX_POINT ( 'NONE', #3441 ) ;
#4682 = CARTESIAN_POINT ( 'NONE',  ( 0.04022578809885433287, -0.2561043307086614540, -0.4527559055118110520 ) ) ;
#4683 = DIRECTION ( 'NONE',  ( -1.000000000000000000, 2.168404344971005318E-15, 0.000000000000000000 ) ) ;
#4684 = ORIENTED_EDGE ( 'NONE', *, *, #4677, .F. ) ;
#4685 = DIRECTION ( 'NONE',  ( 0.000000000000000000, -1.008560160451631851E-16, 1.000000000000000000 ) ) ;
#4686 = LINE ( 'NONE', #5191, #2339 ) ;
#4687 = LINE ( 'NONE', #635, #868 ) ;
#4688 = DIRECTION ( 'NONE',  ( 1.000000000000000000, 0.000000000000000000, 0.000000000000000000 ) ) ;
#4689 = DIRECTION ( 'NONE',  ( 0.000000000000000000, -5.204170427930420297E-16, 1.000000000000000000 ) ) ;
#4690 = DIRECTION ( 'NONE',  ( 0.000000000000000000, 1.000000000000000000, 0.000000000000000000 ) ) ;
#4691 = ORIENTED_EDGE ( 'NONE', *, *, #2226, .T. ) ;
#4692 = CARTESIAN_POINT ( 'NONE',  ( -0.1107541664809043314, -0.2952755905511810774, -0.1701237497374828711 ) ) ;
#4693 = ORIENTED_EDGE ( 'NONE', *, *, #3309, .T. ) ;
#4694 = LINE ( 'NONE', #3277, #3966 ) ;
#4695 = LINE ( 'NONE', #5702, #92 ) ;
#4696 = ORIENTED_EDGE ( 'NONE', *, *, #814, .T. ) ;
#4697 = AXIS2_PLACEMENT_3D ( 'NONE', #4999, #4916, #2280 ) ;
#4698 = AXIS2_PLACEMENT_3D ( 'NONE', #3185, #2349, #4152 ) ;
#4699 = EDGE_CURVE ( 'NONE', #2207, #4842, #3085, .T. ) ;
#4700 = ORIENTED_EDGE ( 'NONE', *, *, #814, .F. ) ;
#4701 = ORIENTED_EDGE ( 'NONE', *, *, #2004, .T. ) ;
#4702 = CARTESIAN_POINT ( 'NONE',  ( 0.1474155162359375992, -0.3789135429223114415, -0.3838582677165354173 ) ) ;
#4703 = ORIENTED_EDGE ( 'NONE', *, *, #2320, .F. ) ;
#4704 = CARTESIAN_POINT ( 'NONE',  ( 0.03444881889763779653, -0.1771653543307086520, -0.3838582677165354173 ) ) ;
#4705 = EDGE_CURVE ( 'NONE', #1811, #264, #5810, .T. ) ;
#4706 = AXIS2_PLACEMENT_3D ( 'NONE', #199, #1999, #3806 ) ;
#4707 = CIRCLE ( 'NONE', #2162, 0.02362204724409448092 ) ;
#4708 = STYLED_ITEM ( 'NONE', ( #5095 ), #4942 ) ;
#4709 = CARTESIAN_POINT ( 'NONE',  ( -0.1181102362204724532, -0.1456692913385826960, -0.5118110236220472231 ) ) ;
#4710 = ORIENTED_EDGE ( 'NONE', *, *, #1243, .F. ) ;
#4711 = CARTESIAN_POINT ( 'NONE',  ( 0.03198002484270989071, -0.2561043307086614540, -0.4337978575801678116 ) ) ;
#4712 = SURFACE_STYLE_USAGE ( .BOTH. , #4292 ) ;
#4713 = EDGE_CURVE ( 'NONE', #2082, #2207, #1122, .T. ) ;
#4714 = VERTEX_POINT ( 'NONE', #403 ) ;
#4715 = LINE ( 'NONE', #2526, #83 ) ;
#4716 = DIRECTION ( 'NONE',  ( 1.000000000000000000, 0.000000000000000000, 0.000000000000000000 ) ) ;
#4717 = VECTOR ( 'NONE', #480, 39.37007874015748143 ) ;
#4718 = AXIS2_PLACEMENT_3D ( 'NONE', #1714, #2018, #3529 ) ;
#4719 = DIRECTION ( 'NONE',  ( 1.000000000000000000, 1.548860246407864815E-16, 0.000000000000000000 ) ) ;
#4720 = LINE ( 'NONE', #2477, #1981 ) ;
#4721 = AXIS2_PLACEMENT_3D ( 'NONE', #5202, #1978, #4729 ) ;
#4722 = AXIS2_PLACEMENT_3D ( 'NONE', #2122, #4875, #1272 ) ;
#4723 = DIRECTION ( 'NONE',  ( -1.000000000000000000, 0.000000000000000000, 0.000000000000000000 ) ) ;
#4724 = FACE_OUTER_BOUND ( 'NONE', #1438, .T. ) ;
#4725 = CARTESIAN_POINT ( 'NONE',  ( 0.1299212598425196763, -0.2340484411628370176, -0.3856280709801788165 ) ) ;
#4726 = AXIS2_PLACEMENT_3D ( 'NONE', #3359, #4273, #4723 ) ;
#4727 = VERTEX_POINT ( 'NONE', #334 ) ;
#4728 = CARTESIAN_POINT ( 'NONE',  ( -0.09055118110236221041, -0.2165354330708661457, -0.4251968503937008093 ) ) ;
#4729 = DIRECTION ( 'NONE',  ( 1.000000000000000000, 0.000000000000000000, 0.000000000000000000 ) ) ;
#4730 = VERTEX_POINT ( 'NONE', #2201 ) ;
#4731 = EDGE_CURVE ( 'NONE', #2703, #4196, #5806, .T. ) ;
#4732 = VECTOR ( 'NONE', #404, 39.37007874015748143 ) ;
#4733 = ORIENTED_EDGE ( 'NONE', *, *, #3430, .F. ) ;
#4734 = ORIENTED_EDGE ( 'NONE', *, *, #1922, .F. ) ;
#4735 = ORIENTED_EDGE ( 'NONE', *, *, #2949, .T. ) ;
#4736 = LINE ( 'NONE', #2493, #936 ) ;
#4737 = VECTOR ( 'NONE', #1526, 39.37007874015748143 ) ;
#4738 = ADVANCED_FACE ( 'NONE', ( #5741 ), #3561, .F. ) ;
#4739 = DIRECTION ( 'NONE',  ( -0.000000000000000000, 0.7071067811865470176, 0.7071067811865480168 ) ) ;
#4740 = AXIS2_PLACEMENT_3D ( 'NONE', #541, #3600, #4474 ) ;
#4741 = CARTESIAN_POINT ( 'NONE',  ( 0.02362204724409448786, 0.07086614173228346358, -0.3818897637795276023 ) ) ;
#4742 = AXIS2_PLACEMENT_3D ( 'NONE', #4302, #252, #1559 ) ;
#4743 = ORIENTED_EDGE ( 'NONE', *, *, #2275, .T. ) ;
#4744 = CARTESIAN_POINT ( 'NONE',  ( 0.04016252528888669682, -0.2559055118110236116, -0.4527559055118110520 ) ) ;
#4745 = LENGTH_MEASURE_WITH_UNIT ( LENGTH_MEASURE( 0.02539999999999999897 ), #5308 );
#4746 = EDGE_LOOP ( 'NONE', ( #1312, #3293, #2276, #4892, #5729, #2112, #3437, #687 ) ) ;
#4747 = CARTESIAN_POINT ( 'NONE',  ( 0.1299212598425196763, -0.1802690946547830797, -0.4271653543307086798 ) ) ;
#4748 = CARTESIAN_POINT ( 'NONE',  ( -0.09842519685039370636, -0.07283464566929134798, -0.4271653543307086798 ) ) ;
#4749 = EDGE_CURVE ( 'NONE', #4252, #97, #3460, .T. ) ;
#4750 = EDGE_CURVE ( 'NONE', #520, #896, #4863, .T. ) ;
#4751 = CIRCLE ( 'NONE', #5506, 0.007874015748031499423 ) ;
#4752 = DIRECTION ( 'NONE',  ( 0.000000000000000000, 0.000000000000000000, 1.000000000000000000 ) ) ;
#4753 = DIRECTION ( 'NONE',  ( -1.000000000000000000, 0.000000000000000000, 2.478176394252580155E-15 ) ) ;
#4754 = DIRECTION ( 'NONE',  ( 0.7071067811865474617, 0.000000000000000000, -0.7071067811865474617 ) ) ;
#4755 = DIRECTION ( 'NONE',  ( 1.000000000000000000, -2.168404344971005318E-15, 0.000000000000000000 ) ) ;
#4756 = EDGE_CURVE ( 'NONE', #2787, #5103, #2083, .T. ) ;
#4757 = CARTESIAN_POINT ( 'NONE',  ( -0.1078766516121935082, -0.2952755905511810774, -0.1654967942142907544 ) ) ;
#4758 = EDGE_CURVE ( 'NONE', #2391, #684, #308, .T. ) ;
#4759 = LINE ( 'NONE', #5233, #945 ) ;
#4760 = FACE_OUTER_BOUND ( 'NONE', #4943, .T. ) ;
#4761 = ORIENTED_EDGE ( 'NONE', *, *, #1942, .F. ) ;
#4762 = DIRECTION ( 'NONE',  ( 1.652117596168389975E-16, -1.000000000000000000, 0.000000000000000000 ) ) ;
#4763 = ORIENTED_EDGE ( 'NONE', *, *, #3667, .T. ) ;
#4764 = ORIENTED_EDGE ( 'NONE', *, *, #419, .T. ) ;
#4765 = PLANE ( 'NONE',  #2334 ) ;
#4766 = ORIENTED_EDGE ( 'NONE', *, *, #4931, .F. ) ;
#4767 = PLANE ( 'NONE',  #4554 ) ;
#4768 = LINE ( 'NONE', #4741, #5002 ) ;
#4769 = ORIENTED_EDGE ( 'NONE', *, *, #1641, .T. ) ;
#4770 = CARTESIAN_POINT ( 'NONE',  ( 0.03195668221149416954, -0.2559055118110236116, -0.4716898355650276375 ) ) ;
#4771 = DIRECTION ( 'NONE',  ( 1.000000000000000000, 0.000000000000000000, 0.000000000000000000 ) ) ;
#4772 = ORIENTED_EDGE ( 'NONE', *, *, #2101, .T. ) ;
#4773 = DIRECTION ( 'NONE',  ( 1.000000000000000000, 2.602085213965209695E-14, 0.000000000000000000 ) ) ;
#4774 = FACE_OUTER_BOUND ( 'NONE', #1462, .T. ) ;
#4775 = CARTESIAN_POINT ( 'NONE',  ( 0.1299212598425196763, -0.09645669291338582196, -0.3838582677165354173 ) ) ;
#4776 = CARTESIAN_POINT ( 'NONE',  ( 0.1299212598425196763, -0.3838582677165354173, -0.3323221655757894188 ) ) ;
#4777 = CARTESIAN_POINT ( 'NONE',  ( -0.1574803149606299191, 0.1496062992125984370, -0.04724409448818897572 ) ) ;
#4778 = EDGE_CURVE ( 'NONE', #4881, #1363, #1869, .T. ) ;
#4779 = PLANE ( 'NONE',  #5297 ) ;
#4780 = CARTESIAN_POINT ( 'NONE',  ( -0.02362204724409448786, 0.07086614173228346358, -0.3248031496062992463 ) ) ;
#4781 = CARTESIAN_POINT ( 'NONE',  ( 3.013402556957072014E-18, 0.02460629921259844394, -0.03346456692913385433 ) ) ;
#4782 = LINE ( 'NONE', #2924, #3330 ) ;
#4783 = EDGE_CURVE ( 'NONE', #3313, #3036, #177, .T. ) ;
#4784 = CARTESIAN_POINT ( 'NONE',  ( -0.09448818897637795144, -0.2559055118110236116, -0.1535433070866141780 ) ) ;
#4785 = DIRECTION ( 'NONE',  ( 0.000000000000000000, 0.000000000000000000, -1.000000000000000000 ) ) ;
#4786 = EDGE_LOOP ( 'NONE', ( #711, #1680, #5240, #3970 ) ) ;
#4787 = EDGE_CURVE ( 'NONE', #5820, #487, #4027, .T. ) ;
#4788 = LINE ( 'NONE', #4345, #2758 ) ;
#4789 = ORIENTED_EDGE ( 'NONE', *, *, #2973, .F. ) ;
#4790 = ORIENTED_EDGE ( 'NONE', *, *, #1583, .T. ) ;
#4791 = CARTESIAN_POINT ( 'NONE',  ( 0.09448818897637795144, -0.2952755905511810774, -0.1771653543307086520 ) ) ;
#4792 = VERTEX_POINT ( 'NONE', #1008 ) ;
#4793 = VECTOR ( 'NONE', #1717, 39.37007874015748143 ) ;
#4794 = DIRECTION ( 'NONE',  ( 0.000000000000000000, 0.000000000000000000, -1.000000000000000000 ) ) ;
#4795 = VERTEX_POINT ( 'NONE', #1368 ) ;
#4796 = CARTESIAN_POINT ( 'NONE',  ( -0.09055118110236221041, -0.2165354330708661457, -0.1538737016413401493 ) ) ;
#4797 = LINE ( 'NONE', #713, #1782 ) ;
#4798 = VECTOR ( 'NONE', #3243, 39.37007874015748143 ) ;
#4799 = VERTEX_POINT ( 'NONE', #4499 ) ;
#4800 = CARTESIAN_POINT ( 'NONE',  ( -0.07874015748031495954, -0.1653543307086614012, -0.3248031496062992463 ) ) ;
#4801 = VERTEX_POINT ( 'NONE', #455 ) ;
#4802 = EDGE_CURVE ( 'NONE', #4888, #1190, #1786, .T. ) ;
#4803 = CARTESIAN_POINT ( 'NONE',  ( -0.1032069760291147720, -0.2952755905511810774, -0.1926026855297752194 ) ) ;
#4804 = CARTESIAN_POINT ( 'NONE',  ( -0.05905511811023622659, -0.08858267716535432601, -0.4074803149606299191 ) ) ;
#4805 = CARTESIAN_POINT ( 'NONE',  ( -0.1437007874015748254, -0.3822029544684574232, -0.3778198089257485681 ) ) ;
#4806 = AXIS2_PLACEMENT_3D ( 'NONE', #1620, #1112, #639 ) ;
#4807 = VECTOR ( 'NONE', #2593, 39.37007874015748143 ) ;
#4808 = DIRECTION ( 'NONE',  ( -1.000000000000000000, 0.000000000000000000, 0.000000000000000000 ) ) ;
#4809 = CARTESIAN_POINT ( 'NONE',  ( -0.1574812992125984301, -0.1456692913385826960, -0.4271653543307086798 ) ) ;
#4810 = VECTOR ( 'NONE', #3979, 39.37007874015748143 ) ;
#4811 = CARTESIAN_POINT ( 'NONE',  ( 0.1456692913385826960, -0.08858267716535432601, -0.3602362204724409711 ) ) ;
#4812 = CIRCLE ( 'NONE', #4522, 0.03248031496062991907 ) ;
#4813 = AXIS2_PLACEMENT_3D ( 'NONE', #5516, #2345, #627 ) ;
#4814 = CARTESIAN_POINT ( 'NONE',  ( -0.03320085231571807266, -0.2362204724409449341, -0.4511080067096387425 ) ) ;
#4815 = ADVANCED_FACE ( 'NONE', ( #3708 ), #5448, .T. ) ;
#4816 = VERTEX_POINT ( 'NONE', #39 ) ;
#4817 = CARTESIAN_POINT ( 'NONE',  ( 0.1496062992125984370, 0.1574803149606299191, -0.04724409448818897572 ) ) ;
#4818 = VECTOR ( 'NONE', #3511, 39.37007874015748143 ) ;
#4819 = CARTESIAN_POINT ( 'NONE',  ( -0.09448818897637795144, -0.2165354330708661457, -0.1771653543307086520 ) ) ;
#4820 = CARTESIAN_POINT ( 'NONE',  ( 0.02362204724409448786, 0.09842519685039370636, -0.3818897637795276023 ) ) ;
#4821 = ORIENTED_EDGE ( 'NONE', *, *, #2151, .T. ) ;
#4822 = AXIS2_PLACEMENT_3D ( 'NONE', #5453, #3980, #4896 ) ;
#4823 = EDGE_CURVE ( 'NONE', #4363, #4801, #649, .T. ) ;
#4824 = ORIENTED_EDGE ( 'NONE', *, *, #4563, .T. ) ;
#4825 = ADVANCED_FACE ( 'NONE', ( #4058 ), #5481, .F. ) ;
#4826 = ORIENTED_EDGE ( 'NONE', *, *, #1565, .F. ) ;
#4827 = ORIENTED_EDGE ( 'NONE', *, *, #3912, .T. ) ;
#4828 = CARTESIAN_POINT ( 'NONE',  ( -0.04527559055118110520, -0.03937007874015747977, -0.3818897637795276023 ) ) ;
#4829 = CARTESIAN_POINT ( 'NONE',  ( -0.1348440624353156869, -0.3731766457903182288, -0.3261371749542074649 ) ) ;
#4830 = EDGE_CURVE ( 'NONE', #2378, #4108, #897, .T. ) ;
#4831 = ORIENTED_EDGE ( 'NONE', *, *, #3164, .F. ) ;
#4832 = LINE ( 'NONE', #2994, #3864 ) ;
#4833 = CIRCLE ( 'NONE', #4074, 0.02362204724409448092 ) ;
#4834 = ORIENTED_EDGE ( 'NONE', *, *, #4348, .T. ) ;
#4835 = DIRECTION ( 'NONE',  ( 0.000000000000000000, 1.000000000000000000, -1.051347561198064179E-14 ) ) ;
#4836 = ORIENTED_EDGE ( 'NONE', *, *, #5833, .T. ) ;
#4837 =( LENGTH_UNIT ( ) NAMED_UNIT ( * ) SI_UNIT ( $, .METRE. ) );
#4838 = CARTESIAN_POINT ( 'NONE',  ( -0.1437007874015747977, -0.2637795275590551491, -0.3838582677165354173 ) ) ;
#4839 = CARTESIAN_POINT ( 'NONE',  ( 0.1574803149606299191, -0.2480314960629921295, -0.04724409448818897572 ) ) ;
#4840 = EDGE_LOOP ( 'NONE', ( #724, #125, #3283, #679, #4703, #5403, #5173, #3528, #2633, #3501, #1979, #5370 ) ) ;
#4841 = CARTESIAN_POINT ( 'NONE',  ( 0.1299212598425196763, -0.1456692913385826960, -0.3326771653543306728 ) ) ;
#4842 = VERTEX_POINT ( 'NONE', #5395 ) ;
#4843 = CARTESIAN_POINT ( 'NONE',  ( 0.01377952755987281626, -0.3818897637795276023, -0.4763779527559054983 ) ) ;
#4844 = DIRECTION ( 'NONE',  ( 0.000000000000000000, -1.000000000000000000, 0.000000000000000000 ) ) ;
#4845 = CARTESIAN_POINT ( 'NONE',  ( -0.1496062992125984370, 0.1181102362204724532, -0.5118110236220472231 ) ) ;
#4846 = VECTOR ( 'NONE', #5112, 39.37007874015748143 ) ;
#4847 = DIRECTION ( 'NONE',  ( 0.000000000000000000, 1.000000000000000000, 0.000000000000000000 ) ) ;
#4848 = DIRECTION ( 'NONE',  ( 1.000000000000000000, 0.000000000000000000, 0.000000000000000000 ) ) ;
#4849 = CARTESIAN_POINT ( 'NONE',  ( 0.08661417322834646937, 0.000000000000000000, -0.3248031496062992463 ) ) ;
#4850 = ORIENTED_EDGE ( 'NONE', *, *, #5174, .T. ) ;
#4851 = ORIENTED_EDGE ( 'NONE', *, *, #773, .F. ) ;
#4852 = ORIENTED_EDGE ( 'NONE', *, *, #1353, .F. ) ;
#4853 = ORIENTED_EDGE ( 'NONE', *, *, #1176, .T. ) ;
#4854 = ORIENTED_EDGE ( 'NONE', *, *, #2693, .F. ) ;
#4855 = EDGE_CURVE ( 'NONE', #1678, #4285, #1812, .T. ) ;
#4856 = CARTESIAN_POINT ( 'NONE',  ( 0.1456692913385826960, -0.2637795275590551491, -0.3248031496062992463 ) ) ;
#4857 = DIRECTION ( 'NONE',  ( 0.000000000000000000, 0.000000000000000000, 1.000000000000000000 ) ) ;
#4858 = ORIENTED_EDGE ( 'NONE', *, *, #5608, .T. ) ;
#4859 = ADVANCED_FACE ( 'NONE', ( #5010 ), #2313, .T. ) ;
#4860 = CARTESIAN_POINT ( 'NONE',  ( 0.1574803149606299191, 0.1496062992125984370, -0.04724409448818897572 ) ) ;
#4861 = DIRECTION ( 'NONE',  ( 0.000000000000000000, 1.000000000000000000, 0.000000000000000000 ) ) ;
#4862 = ORIENTED_EDGE ( 'NONE', *, *, #2189, .F. ) ;
#4863 = LINE ( 'NONE', #811, #4135 ) ;
#4864 = ORIENTED_EDGE ( 'NONE', *, *, #5333, .F. ) ;
#4865 = ADVANCED_FACE ( 'NONE', ( #488 ), #2286, .F. ) ;
#4866 = DIRECTION ( 'NONE',  ( 0.000000000000000000, 0.000000000000000000, 1.000000000000000000 ) ) ;
#4867 = CARTESIAN_POINT ( 'NONE',  ( 0.1181102362204724532, 0.1181102362204724532, -0.04724409448818897572 ) ) ;
#4868 = LINE ( 'NONE', #4537, #585 ) ;
#4869 = ORIENTED_EDGE ( 'NONE', *, *, #1599, .T. ) ;
#4870 = DIRECTION ( 'NONE',  ( 0.000000000000000000, 1.000000000000000000, 3.942553354492735149E-16 ) ) ;
#4871 = DIRECTION ( 'NONE',  ( -1.000000000000000000, -6.505213034913035282E-15, 0.000000000000000000 ) ) ;
#4872 = DIRECTION ( 'NONE',  ( 0.000000000000000000, 0.000000000000000000, -1.000000000000000000 ) ) ;
#4873 = ORIENTED_EDGE ( 'NONE', *, *, #5192, .F. ) ;
#4874 = LINE ( 'NONE', #1675, #1628 ) ;
#4875 = DIRECTION ( 'NONE',  ( -1.000000000000000000, 1.577021341797094849E-16, 0.000000000000000000 ) ) ;
#4876 = PLANE ( 'NONE',  #2744 ) ;
#4877 = ORIENTED_EDGE ( 'NONE', *, *, #3478, .F. ) ;
#4878 = ORIENTED_EDGE ( 'NONE', *, *, #3337, .F. ) ;
#4879 = VERTEX_POINT ( 'NONE', #3151 ) ;
#4880 = DIRECTION ( 'NONE',  ( 0.000000000000000000, 0.000000000000000000, -1.000000000000000000 ) ) ;
#4881 = VERTEX_POINT ( 'NONE', #64 ) ;
#4882 = LINE ( 'NONE', #3499, #3939 ) ;
#4883 = EDGE_CURVE ( 'NONE', #4913, #1867, #5039, .T. ) ;
#4884 = CARTESIAN_POINT ( 'NONE',  ( 0.1461688090591393152, -0.3804585350400490618, -0.3790257452305240138 ) ) ;
#4885 = VERTEX_POINT ( 'NONE', #4950 ) ;
#4886 = ORIENTED_EDGE ( 'NONE', *, *, #122, .T. ) ;
#4887 = CARTESIAN_POINT ( 'NONE',  ( -0.04016252524195142865, -0.2559055116635182148, -0.4527559055118110520 ) ) ;
#4888 = VERTEX_POINT ( 'NONE', #4086 ) ;
#4889 = CARTESIAN_POINT ( 'NONE',  ( 0.1299212598425196763, -0.2390222439278940902, -0.3838582677165354173 ) ) ;
#4890 = EDGE_CURVE ( 'NONE', #1800, #700, #3651, .T. ) ;
#4891 = CARTESIAN_POINT ( 'NONE',  ( 0.1302463356102627479, -0.3791035394913040979, -0.3286983298613596061 ) ) ;
#4892 = ORIENTED_EDGE ( 'NONE', *, *, #4022, .T. ) ;
#4893 = CIRCLE ( 'NONE', #4604, 0.007874015748031499423 ) ;
#4894 = EDGE_CURVE ( 'NONE', #1597, #2137, #4516, .T. ) ;
#4895 = CARTESIAN_POINT ( 'NONE',  ( 0.09448818897637795144, -0.2952755905511810774, -0.1771653543307086798 ) ) ;
#4896 = DIRECTION ( 'NONE',  ( -1.734723475976795064E-15, 1.000000000000000000, 0.000000000000000000 ) ) ;
#4897 = DIRECTION ( 'NONE',  ( 0.000000000000000000, -1.000000000000000000, 0.000000000000000000 ) ) ;
#4898 = EDGE_CURVE ( 'NONE', #2631, #1419, #1779, .T. ) ;
#4899 = FACE_OUTER_BOUND ( 'NONE', #2531, .T. ) ;
#4900 = VECTOR ( 'NONE', #2267, 39.37007874015748854 ) ;
#4901 = VERTEX_POINT ( 'NONE', #1987 ) ;
#4902 = DIRECTION ( 'NONE',  ( 0.000000000000000000, 0.000000000000000000, -1.000000000000000000 ) ) ;
#4903 = STYLED_ITEM ( 'NONE', ( #219 ), #3155 ) ;
#4904 = VECTOR ( 'NONE', #1002, 39.37007874015748143 ) ;
#4905 = LINE ( 'NONE', #4987, #1131 ) ;
#4906 = CARTESIAN_POINT ( 'NONE',  ( -0.01636592371413858257, -0.2362204724409449064, -0.4808116963743819250 ) ) ;
#4907 = EDGE_LOOP ( 'NONE', ( #4281, #5385, #335, #1993, #2806, #5445 ) ) ;
#4908 = AXIS2_PLACEMENT_3D ( 'NONE', #5696, #2505, #3448 ) ;
#4909 = ORIENTED_EDGE ( 'NONE', *, *, #2625, .T. ) ;
#4910 = VECTOR ( 'NONE', #1561, 39.37007874015748143 ) ;
#4911 = ORIENTED_EDGE ( 'NONE', *, *, #1382, .T. ) ;
#4912 = CARTESIAN_POINT ( 'NONE',  ( 0.04527559055118110520, -0.2165354330708661457, -0.3818897637795276023 ) ) ;
#4913 = VERTEX_POINT ( 'NONE', #5178 ) ;
#4914 = EDGE_CURVE ( 'NONE', #3593, #3342, #4736, .T. ) ;
#4915 = AXIS2_PLACEMENT_3D ( 'NONE', #5022, #473, #3217 ) ;
#4916 = DIRECTION ( 'NONE',  ( -0.7071067811865445751, -0.7071067811865505703, 0.000000000000000000 ) ) ;
#4917 = CARTESIAN_POINT ( 'NONE',  ( 0.02362204724409448786, 0.08333074995479035352, -0.3248031496062992463 ) ) ;
#4918 = ORIENTED_EDGE ( 'NONE', *, *, #2510, .T. ) ;
#4919 = ORIENTED_EDGE ( 'NONE', *, *, #3878, .T. ) ;
#4920 = DIRECTION ( 'NONE',  ( -0.7071067811865460184, 0.000000000000000000, -0.7071067811865490160 ) ) ;
#4921 =( NAMED_UNIT ( * ) SI_UNIT ( $, .STERADIAN. ) SOLID_ANGLE_UNIT ( ) );
#4922 = CARTESIAN_POINT ( 'NONE',  ( 0.1181102362204724532, 0.1181102362204724532, -0.5118110236220472231 ) ) ;
#4923 = ORIENTED_EDGE ( 'NONE', *, *, #4348, .F. ) ;
#4924 = AXIS2_PLACEMENT_3D ( 'NONE', #4088, #3627, #4500 ) ;
#4925 = DIRECTION ( 'NONE',  ( -0.3926236637329720836, -0.9196992218529370655, 0.000000000000000000 ) ) ;
#4926 = ORIENTED_EDGE ( 'NONE', *, *, #5373, .F. ) ;
#4927 = ORIENTED_EDGE ( 'NONE', *, *, #726, .F. ) ;
#4928 = VERTEX_POINT ( 'NONE', #1479 ) ;
#4929 = FACE_OUTER_BOUND ( 'NONE', #5420, .T. ) ;
#4930 = CARTESIAN_POINT ( 'NONE',  ( 0.1181102362204724532, -0.08858267716535432601, -0.5118110236220472231 ) ) ;
#4931 = EDGE_CURVE ( 'NONE', #3813, #4727, #5377, .T. ) ;
#4932 = FACE_OUTER_BOUND ( 'NONE', #5852, .T. ) ;
#4933 = LINE ( 'NONE', #4817, #3147 ) ;
#4934 = AXIS2_PLACEMENT_3D ( 'NONE', #601, #2376, #2017 ) ;
#4935 = CARTESIAN_POINT ( 'NONE',  ( -0.1574803149606299191, 0.1574803149606299191, -0.04724409448818897572 ) ) ;
#4936 = AXIS2_PLACEMENT_3D ( 'NONE', #2362, #1239, #1329 ) ;
#4937 = DIRECTION ( 'NONE',  ( 0.000000000000000000, 1.000000000000000000, 0.000000000000000000 ) ) ;
#4938 = ORIENTED_EDGE ( 'NONE', *, *, #485, .F. ) ;
#4939 = ADVANCED_FACE ( 'NONE', ( #4676 ), #3285, .F. ) ;
#4940 = EDGE_CURVE ( 'NONE', #3925, #3440, #3317, .T. ) ;
#4941 = VERTEX_POINT ( 'NONE', #126 ) ;
#4942 = MANIFOLD_SOLID_BREP ( 'NONE', #116 ) ;
#4943 = EDGE_LOOP ( 'NONE', ( #4430, #4911, #3182, #4374, #5709, #5321, #3640, #2672, #4487, #2461, #5526, #5245 ) ) ;
#4944 = DIRECTION ( 'NONE',  ( 1.000000000000000000, 0.000000000000000000, 0.000000000000000000 ) ) ;
#4945 = ORIENTED_EDGE ( 'NONE', *, *, #384, .T. ) ;
#4946 = CARTESIAN_POINT ( 'NONE',  ( 0.03444881889763779653, -0.2559055118110236116, -0.5118110236220472231 ) ) ;
#4947 = CARTESIAN_POINT ( 'NONE',  ( -0.07874015748031495954, -0.03937007874015747977, -0.3818897637795276023 ) ) ;
#4948 = ORIENTED_EDGE ( 'NONE', *, *, #4802, .F. ) ;
#4949 = EDGE_LOOP ( 'NONE', ( #1242, #4065, #3406, #2041 ) ) ;
#4950 = CARTESIAN_POINT ( 'NONE',  ( 0.1181102362204724532, -0.03937007874015747977, -0.5118110236220472231 ) ) ;
#4951 = DIRECTION ( 'NONE',  ( 0.000000000000000000, 0.000000000000000000, 1.000000000000000000 ) ) ;
#4952 = LINE ( 'NONE', #926, #4455 ) ;
#4953 = CARTESIAN_POINT ( 'NONE',  ( 0.1496062992125984370, 0.1574803149606299191, -0.007874015748031495954 ) ) ;
#4954 = VERTEX_POINT ( 'NONE', #5623 ) ;
#4955 = DIRECTION ( 'NONE',  ( 1.000000000000000000, 0.000000000000000000, 0.000000000000000000 ) ) ;
#4956 = DIRECTION ( 'NONE',  ( 0.000000000000000000, 0.000000000000000000, -1.000000000000000000 ) ) ;
#4957 = CARTESIAN_POINT ( 'NONE',  ( -0.1496062992125984370, -0.2480314960629921295, -0.007874015748031495954 ) ) ;
#4958 = ORIENTED_EDGE ( 'NONE', *, *, #4678, .T. ) ;
#4959 = CARTESIAN_POINT ( 'NONE',  ( -0.01138551048099847515, -0.2362204725314028808, -0.4837169455415828434 ) ) ;
#4960 = EDGE_CURVE ( 'NONE', #3410, #3964, #3348, .T. ) ;
#4961 = CARTESIAN_POINT ( 'NONE',  ( 0.02657480314960630058, -0.2165354330708661457, -0.3818897637795276023 ) ) ;
#4962 = CARTESIAN_POINT ( 'NONE',  ( -0.1496062992125984370, 0.1102362204724409434, -0.5118110236220472231 ) ) ;
#4963 = VERTEX_POINT ( 'NONE', #5210 ) ;
#4964 = DIRECTION ( 'NONE',  ( 0.000000000000000000, -1.000000000000000000, 0.000000000000000000 ) ) ;
#4965 = EDGE_CURVE ( 'NONE', #4293, #396, #1516, .T. ) ;
#4966 = CARTESIAN_POINT ( 'NONE',  ( 0.1456692913385826960, -0.08858267716535432601, -0.4271653543307086798 ) ) ;
#4967 = EDGE_CURVE ( 'NONE', #1592, #1569, #1409, .T. ) ;
#4968 = CARTESIAN_POINT ( 'NONE',  ( 0.1299212598425196763, -0.2340484411628370176, -0.3856280709801788165 ) ) ;
#4969 = ORIENTED_EDGE ( 'NONE', *, *, #4750, .F. ) ;
#4970 = LINE ( 'NONE', #3110, #1109 ) ;
#4971 = CARTESIAN_POINT ( 'NONE',  ( -0.01377952755862029560, -0.2559055118110236116, -0.4763779527559054983 ) ) ;
#4972 = EDGE_LOOP ( 'NONE', ( #1091, #430, #3675, #435 ) ) ;
#4973 = ORIENTED_EDGE ( 'NONE', *, *, #611, .F. ) ;
#4974 = ORIENTED_EDGE ( 'NONE', *, *, #1776, .T. ) ;
#4975 = CARTESIAN_POINT ( 'NONE',  ( -4.173508357726834973E-12, -0.2362207185654496278, -0.4202743862002913389 ) ) ;
#4976 = LINE ( 'NONE', #4004, #5309 ) ;
#4977 = CARTESIAN_POINT ( 'NONE',  ( 0.1574803149606299191, -0.2559055118110236116, -0.1535433070866141780 ) ) ;
#4978 = FACE_OUTER_BOUND ( 'NONE', #5812, .T. ) ;
#4979 = VERTEX_POINT ( 'NONE', #5126 ) ;
#4980 = DIRECTION ( 'NONE',  ( 0.000000000000000000, 0.000000000000000000, -1.000000000000000000 ) ) ;
#4981 = VECTOR ( 'NONE', #5303, 39.37007874015748143 ) ;
#4982 = DIRECTION ( 'NONE',  ( 0.3722025511004635745, -0.9281515290911861449, 0.000000000000000000 ) ) ;
#4983 = VECTOR ( 'NONE', #1010, 39.37007874015748854 ) ;
#4984 = EDGE_CURVE ( 'NONE', #1752, #2391, #571, .T. ) ;
#4985 = LINE ( 'NONE', #2270, #5837 ) ;
#4986 = LINE ( 'NONE', #4543, #1246 ) ;
#4987 = CARTESIAN_POINT ( 'NONE',  ( 0.1181102362204724532, -0.2559055118110236116, -0.5118110236220472231 ) ) ;
#4988 = CARTESIAN_POINT ( 'NONE',  ( 0.000000000000000000, 0.000000000000000000, -0.3248031496062992463 ) ) ;
#4989 = ADVANCED_FACE ( 'NONE', ( #5151 ), #4172, .F. ) ;
#4990 = VERTEX_POINT ( 'NONE', #3732 ) ;
#4991 = AXIS2_PLACEMENT_3D ( 'NONE', #3945, #5634, #2570 ) ;
#4992 = AXIS2_PLACEMENT_3D ( 'NONE', #1585, #250, #2979 ) ;
#4993 = VECTOR ( 'NONE', #747, 39.37007874015748143 ) ;
#4994 = EDGE_LOOP ( 'NONE', ( #3092, #3496, #2995, #5592 ) ) ;
#4995 = DIRECTION ( 'NONE',  ( 1.000000000000000000, 0.000000000000000000, 0.000000000000000000 ) ) ;
#4996 = CARTESIAN_POINT ( 'NONE',  ( -0.03195668221149428750, -0.2559055118110236116, -0.4716898355650268049 ) ) ;
#4997 = VERTEX_POINT ( 'NONE', #5533 ) ;
#4998 = ADVANCED_FACE ( 'NONE', ( #1185 ), #1213, .F. ) ;
#4999 = CARTESIAN_POINT ( 'NONE',  ( 0.1181102362204724532, -0.1850393700787401619, -0.5118110236220472231 ) ) ;
#5000 = EDGE_CURVE ( 'NONE', #4616, #509, #2989, .T. ) ;
#5001 = VECTOR ( 'NONE', #4597, 39.37007874015748143 ) ;
#5002 = VECTOR ( 'NONE', #395, 39.37007874015748143 ) ;
#5003 = EDGE_CURVE ( 'NONE', #1288, #1670, #1206, .T. ) ;
#5004 = PLANE ( 'NONE',  #3227 ) ;
#5005 = VECTOR ( 'NONE', #5055, 39.37007874015748143 ) ;
#5006 = ORIENTED_EDGE ( 'NONE', *, *, #1424, .T. ) ;
#5007 = AXIS2_PLACEMENT_3D ( 'NONE', #4304, #4425, #1180 ) ;
#5008 = EDGE_LOOP ( 'NONE', ( #2936, #5084, #1184, #4073, #1839, #4858 ) ) ;
#5009 = ORIENTED_EDGE ( 'NONE', *, *, #4699, .T. ) ;
#5010 = FACE_OUTER_BOUND ( 'NONE', #103, .T. ) ;
#5011 = ADVANCED_FACE ( 'NONE', ( #3930 ), #2553, .F. ) ;
#5012 = VECTOR ( 'NONE', #4683, 39.37007874015748143 ) ;
#5013 = CARTESIAN_POINT ( 'NONE',  ( -0.1496062992125984370, -0.2480314960629921295, -0.04724409448818897572 ) ) ;
#5014 = ADVANCED_FACE ( 'NONE', ( #5734 ), #3531, .F. ) ;
#5015 = PLANE ( 'NONE',  #5593 ) ;
#5016 = DIRECTION ( 'NONE',  ( 0.000000000000000000, -1.000000000000000000, 0.000000000000000000 ) ) ;
#5017 = EDGE_LOOP ( 'NONE', ( #3631, #5707, #141, #4309 ) ) ;
#5018 = CARTESIAN_POINT ( 'NONE',  ( -0.07874015748031495954, -0.1456692913385826960, -0.4271653543307086798 ) ) ;
#5019 = CARTESIAN_POINT ( 'NONE',  ( 3.495546966070201702E-18, 0.02460629921259842659, -0.02559055118110237920 ) ) ;
#5020 = DIRECTION ( 'NONE',  ( 0.000000000000000000, 1.000000000000000000, 0.000000000000000000 ) ) ;
#5021 = DIRECTION ( 'NONE',  ( 0.000000000000000000, 0.000000000000000000, -1.000000000000000000 ) ) ;
#5022 = CARTESIAN_POINT ( 'NONE',  ( 0.05905511811023622659, -0.08858267716535432601, -0.4074803149606299191 ) ) ;
#5023 = DIRECTION ( 'NONE',  ( 0.000000000000000000, -1.000000000000000000, 0.000000000000000000 ) ) ;
#5024 = VECTOR ( 'NONE', #2920, 39.37007874015748143 ) ;
#5025 = CIRCLE ( 'NONE', #2945, 0.02362204724409448092 ) ;
#5026 = CARTESIAN_POINT ( 'NONE',  ( 0.1593099820775456810, -0.3641732283464567121, -0.3838582677165354173 ) ) ;
#5027 = AXIS2_PLACEMENT_3D ( 'NONE', #3941, #3913, #3062 ) ;
#5028 = AXIS2_PLACEMENT_3D ( 'NONE', #1381, #4578, #5525 ) ;
#5029 = ORIENTED_EDGE ( 'NONE', *, *, #2585, .F. ) ;
#5030 = DIRECTION ( 'NONE',  ( 1.577021341797094849E-16, 1.000000000000000000, 0.000000000000000000 ) ) ;
#5031 = CARTESIAN_POINT ( 'NONE',  ( 0.009081080908465551105, -0.2360236220472441138, -0.4210721789020433481 ) ) ;
#5032 = EDGE_LOOP ( 'NONE', ( #1212, #4919, #2305, #603 ) ) ;
#5033 = CYLINDRICAL_SURFACE ( 'NONE', #2244, 0.02952755905511813758 ) ;
#5034 = VECTOR ( 'NONE', #1075, 39.37007874015748143 ) ;
#5035 = DIRECTION ( 'NONE',  ( 0.000000000000000000, 0.000000000000000000, 1.000000000000000000 ) ) ;
#5036 = EDGE_CURVE ( 'NONE', #4432, #5855, #5550, .T. ) ;
#5037 = VERTEX_POINT ( 'NONE', #2160 ) ;
#5038 = ORIENTED_EDGE ( 'NONE', *, *, #5170, .T. ) ;
#5039 = LINE ( 'NONE', #2338, #3204 ) ;
#5040 = DIRECTION ( 'NONE',  ( 0.000000000000000000, 0.000000000000000000, -1.000000000000000000 ) ) ;
#5041 = PLANE ( 'NONE',  #4549 ) ;
#5042 = EDGE_CURVE ( 'NONE', #1769, #2882, #4380, .T. ) ;
#5043 = CARTESIAN_POINT ( 'NONE',  ( 0.1181102362204724532, 0.1181102362204724532, -0.1535433070866141780 ) ) ;
#5044 = EDGE_LOOP ( 'NONE', ( #4852, #5629, #3962, #4018, #3902, #1275 ) ) ;
#5045 = EDGE_CURVE ( 'NONE', #477, #3603, #4882, .T. ) ;
#5046 = LINE ( 'NONE', #5455, #843 ) ;
#5047 = DIRECTION ( 'NONE',  ( 0.000000000000000000, -1.000000000000000000, 0.000000000000000000 ) ) ;
#5048 = CARTESIAN_POINT ( 'NONE',  ( -0.07874015748031495954, -0.07283464566929134798, -0.4271653543307086798 ) ) ;
#5049 = LINE ( 'NONE', #997, #2161 ) ;
#5050 = DIRECTION ( 'NONE',  ( 1.000000000000000000, 0.000000000000000000, 0.000000000000000000 ) ) ;
#5051 = DIRECTION ( 'NONE',  ( 1.000000000000000000, 0.000000000000000000, 0.000000000000000000 ) ) ;
#5052 = CARTESIAN_POINT ( 'NONE',  ( -0.01377952755905511792, -0.3818897637795276023, -0.4527559055118110520 ) ) ;
#5053 = ORIENTED_EDGE ( 'NONE', *, *, #551, .F. ) ;
#5054 = DIRECTION ( 'NONE',  ( 1.000000000000000000, 0.000000000000000000, 0.000000000000000000 ) ) ;
#5055 = DIRECTION ( 'NONE',  ( 0.000000000000000000, 1.000000000000000000, 0.000000000000000000 ) ) ;
#5056 = ORIENTED_EDGE ( 'NONE', *, *, #2004, .F. ) ;
#5057 = CARTESIAN_POINT ( 'NONE',  ( -0.01412692183872400233, -0.2362204724409449341, -0.4226653381473543525 ) ) ;
#5058 = LINE ( 'NONE', #5507, #3697 ) ;
#5059 = ORIENTED_EDGE ( 'NONE', *, *, #1534, .F. ) ;
#5060 = ORIENTED_EDGE ( 'NONE', *, *, #2031, .F. ) ;
#5061 = CARTESIAN_POINT ( 'NONE',  ( 0.1456692913385826960, -0.09645669291338582196, -0.3838582677165354173 ) ) ;
#5062 = EDGE_CURVE ( 'NONE', #2279, #420, #1746, .T. ) ;
#5063 = LINE ( 'NONE', #572, #5676 ) ;
#5064 = DIRECTION ( 'NONE',  ( -1.000000000000000000, 0.000000000000000000, 0.000000000000000000 ) ) ;
#5065 = PLANE ( 'NONE',  #5755 ) ;
#5066 = ORIENTED_EDGE ( 'NONE', *, *, #5536, .F. ) ;
#5067 = CARTESIAN_POINT ( 'NONE',  ( -0.09055118110236221041, -0.2165354330708661457, -0.07874015748031495954 ) ) ;
#5068 = ORIENTED_EDGE ( 'NONE', *, *, #3599, .F. ) ;
#5069 = DIRECTION ( 'NONE',  ( -0.000000000000000000, 1.000000000000000000, 0.000000000000000000 ) ) ;
#5070 = CARTESIAN_POINT ( 'NONE',  ( 0.1299212598425196763, -0.1377952755905511861, -0.3326771653543306728 ) ) ;
#5071 = EDGE_CURVE ( 'NONE', #4377, #4440, #2052, .T. ) ;
#5072 = DIRECTION ( 'NONE',  ( -9.856383386231860060E-17, 0.000000000000000000, 1.000000000000000000 ) ) ;
#5073 = EDGE_CURVE ( 'NONE', #4586, #1105, #5239, .T. ) ;
#5074 = CARTESIAN_POINT ( 'NONE',  ( 0.1496062992125984370, -0.2480314960629921295, -0.007874015748031495954 ) ) ;
#5075 = DIRECTION ( 'NONE',  ( 0.000000000000000000, 1.000000000000000000, 0.000000000000000000 ) ) ;
#5076 = DIRECTION ( 'NONE',  ( 0.000000000000000000, 0.000000000000000000, -1.000000000000000000 ) ) ;
#5077 = AXIS2_PLACEMENT_3D ( 'NONE', #4021, #3226, #1425 ) ;
#5078 = EDGE_LOOP ( 'NONE', ( #2132, #4582, #2554, #3172 ) ) ;
#5079 = CARTESIAN_POINT ( 'NONE',  ( -0.09842519685039370636, -0.08858267716535432601, -0.4271653543307086798 ) ) ;
#5080 = ORIENTED_EDGE ( 'NONE', *, *, #4376, .T. ) ;
#5081 = AXIS2_PLACEMENT_3D ( 'NONE', #4957, #3920, #5723 ) ;
#5082 = DIRECTION ( 'NONE',  ( 0.000000000000000000, 0.000000000000000000, 1.000000000000000000 ) ) ;
#5083 = CARTESIAN_POINT ( 'NONE',  ( -0.01416606694003972461, -0.2360236220472441138, -0.4233424260092314984 ) ) ;
#5084 = ORIENTED_EDGE ( 'NONE', *, *, #3807, .T. ) ;
#5085 = DIRECTION ( 'NONE',  ( 1.224646799147352714E-16, 1.000000000000000000, 0.000000000000000000 ) ) ;
#5086 = AXIS2_PLACEMENT_3D ( 'NONE', #2886, #1052, #1613 ) ;
#5087 = ORIENTED_EDGE ( 'NONE', *, *, #1284, .F. ) ;
#5088 = VECTOR ( 'NONE', #782, 39.37007874015748143 ) ;
#5089 = EDGE_CURVE ( 'NONE', #3593, #1286, #3901, .T. ) ;
#5090 = EDGE_LOOP ( 'NONE', ( #833, #4017, #2848, #5177 ) ) ;
#5091 = ORIENTED_EDGE ( 'NONE', *, *, #5853, .F. ) ;
#5092 = AXIS2_PLACEMENT_3D ( 'NONE', #1663, #3467, #5274 ) ;
#5093 = CIRCLE ( 'NONE', #4718, 0.03248031496062991907 ) ;
#5094 = VERTEX_POINT ( 'NONE', #3462 ) ;
#5095 = PRESENTATION_STYLE_ASSIGNMENT (( #2938 ) ) ;
#5096 = LINE ( 'NONE', #2853, #1253 ) ;
#5097 = FACE_OUTER_BOUND ( 'NONE', #1602, .T. ) ;
#5098 = CIRCLE ( 'NONE', #5478, 0.03248031496062991907 ) ;
#5099 = DIRECTION ( 'NONE',  ( 1.000000000000000000, 8.673617379884051249E-15, 0.000000000000000000 ) ) ;
#5100 = ORIENTED_EDGE ( 'NONE', *, *, #551, .T. ) ;
#5101 = CARTESIAN_POINT ( 'NONE',  ( 0.02148175020107594493, -0.2362204724409449064, -0.4778274642570362607 ) ) ;
#5102 = CARTESIAN_POINT ( 'NONE',  ( 0.1181102362204724532, -0.2559055118110236116, -0.04724409448818897572 ) ) ;
#5103 = VERTEX_POINT ( 'NONE', #5267 ) ;
#5104 = FACE_OUTER_BOUND ( 'NONE', #3841, .T. ) ;
#5105 = VECTOR ( 'NONE', #5110, 39.37007874015748143 ) ;
#5106 = CARTESIAN_POINT ( 'NONE',  ( 0.01968650586100336580, -0.2559055118108149451, -0.4291338582677011737 ) ) ;
#5107 = CARTESIAN_POINT ( 'NONE',  ( -0.1364826794570762059, -0.3712198905481125522, -0.3830051100600423974 ) ) ;
#5108 = DIRECTION ( 'NONE',  ( 0.000000000000000000, 0.000000000000000000, 1.000000000000000000 ) ) ;
#5109 = EDGE_CURVE ( 'NONE', #2752, #623, #2586, .T. ) ;
#5110 = DIRECTION ( 'NONE',  ( 1.000000000000000000, 0.000000000000000000, 0.000000000000000000 ) ) ;
#5111 = DIRECTION ( 'NONE',  ( 0.6420295601556555987, -0.7666798835800605616, 0.000000000000000000 ) ) ;
#5112 = DIRECTION ( 'NONE',  ( 0.000000000000000000, 0.000000000000000000, 1.000000000000000000 ) ) ;
#5113 = EDGE_CURVE ( 'NONE', #520, #4463, #3022, .T. ) ;
#5114 = VERTEX_POINT ( 'NONE', #327 ) ;
#5115 = VECTOR ( 'NONE', #4493, 39.37007874015748143 ) ;
#5116 = DIRECTION ( 'NONE',  ( 0.000000000000000000, 0.000000000000000000, 1.000000000000000000 ) ) ;
#5117 = CARTESIAN_POINT ( 'NONE',  ( -0.01968650586098433242, -0.2559055118110236116, -0.4291338582677165503 ) ) ;
#5118 = VERTEX_POINT ( 'NONE', #770 ) ;
#5119 = EDGE_CURVE ( 'NONE', #3346, #31, #3663, .T. ) ;
#5120 = CARTESIAN_POINT ( 'NONE',  ( -0.03273460236882739377, -0.2362204724409449341, -0.4585401922186644330 ) ) ;
#5121 = CIRCLE ( 'NONE', #5498, 0.02362204724409448092 ) ;
#5122 = EDGE_LOOP ( 'NONE', ( #4490, #4116, #2044, #443 ) ) ;
#5123 = B_SPLINE_CURVE_WITH_KNOTS ( 'NONE', 1,
 ( #5617, #4906 ),
 .UNSPECIFIED., .F., .F.,
 ( 2, 2 ),
 ( 0.000000000000000000, 0.9999999999995360378 ),
 .UNSPECIFIED. ) ;
#5124 = ORIENTED_EDGE ( 'NONE', *, *, #2257, .F. ) ;
#5125 = EDGE_LOOP ( 'NONE', ( #3900, #63, #2869, #1535, #5360, #2612 ) ) ;
#5126 = CARTESIAN_POINT ( 'NONE',  ( 0.1181102362204724532, -0.1850393700787401619, -0.5118110236220472231 ) ) ;
#5127 = VERTEX_POINT ( 'NONE', #2519 ) ;
#5128 = CARTESIAN_POINT ( 'NONE',  ( 0.02657480314960630058, -0.2559055118110236116, -0.04724409448818897572 ) ) ;
#5129 = DIRECTION ( 'NONE',  ( 0.000000000000000000, -1.000000000000000000, 0.000000000000000000 ) ) ;
#5130 = ORIENTED_EDGE ( 'NONE', *, *, #2506, .T. ) ;
#5131 = CARTESIAN_POINT ( 'NONE',  ( -0.01117607660989090694, -0.2561043307086614540, -0.4291917725903013903 ) ) ;
#5132 = ORIENTED_EDGE ( 'NONE', *, *, #5332, .T. ) ;
#5133 = CYLINDRICAL_SURFACE ( 'NONE', #5086, 0.01968503937007873988 ) ;
#5134 = LINE ( 'NONE', #3827, #1966 ) ;
#5135 = PLANE ( 'NONE',  #1436 ) ;
#5136 = FACE_OUTER_BOUND ( 'NONE', #5452, .T. ) ;
#5137 = CYLINDRICAL_SURFACE ( 'NONE', #1895, 0.02362204724409448092 ) ;
#5138 = FACE_OUTER_BOUND ( 'NONE', #188, .T. ) ;
#5139 = EDGE_CURVE ( 'NONE', #4402, #3429, #4437, .T. ) ;
#5140 = CARTESIAN_POINT ( 'NONE',  ( 0.09448818897637795144, -0.2893700787401574659, -0.2007874015748031260 ) ) ;
#5141 = ORIENTED_EDGE ( 'NONE', *, *, #5396, .F. ) ;
#5142 = CARTESIAN_POINT ( 'NONE',  ( 0.1474155162359376547, -0.3789135429223114415, -0.3799158580641144867 ) ) ;
#5143 = CYLINDRICAL_SURFACE ( 'NONE', #4243, 0.007874015748031482076 ) ;
#5144 = EDGE_LOOP ( 'NONE', ( #2211, #2635, #2167, #4147 ) ) ;
#5145 = CARTESIAN_POINT ( 'NONE',  ( 0.000000000000000000, -0.02460629921259843353, -0.03346456692913388209 ) ) ;
#5146 = ADVANCED_FACE ( 'NONE', ( #2965 ), #4765, .F. ) ;
#5147 = EDGE_CURVE ( 'NONE', #3140, #2426, #3189, .T. ) ;
#5148 = ORIENTED_EDGE ( 'NONE', *, *, #1750, .F. ) ;
#5149 = ORIENTED_EDGE ( 'NONE', *, *, #655, .F. ) ;
#5150 = ORIENTED_EDGE ( 'NONE', *, *, #818, .T. ) ;
#5151 = FACE_OUTER_BOUND ( 'NONE', #1001, .T. ) ;
#5152 = FACE_OUTER_BOUND ( 'NONE', #3888, .T. ) ;
#5153 = CARTESIAN_POINT ( 'NONE',  ( 0.1496062992125984370, -0.3385826771653543399, -0.3248031496062992463 ) ) ;
#5154 = ORIENTED_EDGE ( 'NONE', *, *, #771, .F. ) ;
#5155 = CARTESIAN_POINT ( 'NONE',  ( 0.01416606694003978532, -0.2360236220472441138, -0.4821693850143906057 ) ) ;
#5156 = CARTESIAN_POINT ( 'NONE',  ( 0.1456692913385826960, -0.2390222439278940902, -0.3917322834645669549 ) ) ;
#5157 = ORIENTED_EDGE ( 'NONE', *, *, #996, .F. ) ;
#5158 = DIRECTION ( 'NONE',  ( -1.000000000000000000, 0.000000000000000000, 8.673617379884039416E-16 ) ) ;
#5159 = DIRECTION ( 'NONE',  ( 1.000000000000000000, 0.000000000000000000, 0.000000000000000000 ) ) ;
#5160 = CARTESIAN_POINT ( 'NONE',  ( -0.1318897637795275746, -0.3838582677165354173, -0.3323221655757894188 ) ) ;
#5161 = DIRECTION ( 'NONE',  ( 0.000000000000000000, 0.000000000000000000, -1.000000000000000000 ) ) ;
#5162 = EDGE_CURVE ( 'NONE', #4727, #4170, #4970, .T. ) ;
#5163 = PLANE ( 'NONE',  #2935 ) ;
#5164 = CYLINDRICAL_SURFACE ( 'NONE', #265, 0.007874015748031499423 ) ;
#5165 = DIRECTION ( 'NONE',  ( -1.000000000000000000, 2.168404344971005318E-15, 0.000000000000000000 ) ) ;
#5166 = ORIENTED_EDGE ( 'NONE', *, *, #773, .T. ) ;
#5167 = CARTESIAN_POINT ( 'NONE',  ( 0.1351599345345846637, -0.3690240933338633789, -0.3834570859271783649 ) ) ;
#5168 = CARTESIAN_POINT ( 'NONE',  ( -0.1318897637795275746, -0.2637795275590551491, -0.3838582677165354173 ) ) ;
#5169 = EDGE_LOOP ( 'NONE', ( #3840, #3258, #5690, #949 ) ) ;
#5170 = EDGE_CURVE ( 'NONE', #3458, #2549, #2673, .T. ) ;
#5171 = VECTOR ( 'NONE', #4609, 39.37007874015748143 ) ;
#5172 = AXIS2_PLACEMENT_3D ( 'NONE', #2776, #1937, #1466 ) ;
#5173 = ORIENTED_EDGE ( 'NONE', *, *, #3168, .T. ) ;
#5174 = EDGE_CURVE ( 'NONE', #3852, #1250, #952, .T. ) ;
#5175 = EDGE_LOOP ( 'NONE', ( #3347, #4473, #5413, #5552 ) ) ;
#5176 = ADVANCED_FACE ( 'NONE', ( #4491 ), #4133, .T. ) ;
#5177 = ORIENTED_EDGE ( 'NONE', *, *, #1243, .T. ) ;
#5178 = CARTESIAN_POINT ( 'NONE',  ( -0.1716476224774200754, -0.3308538648871460763, -0.3838582677165354173 ) ) ;
#5179 = AXIS2_PLACEMENT_3D ( 'NONE', #4141, #3371, #1097 ) ;
#5180 = DIRECTION ( 'NONE',  ( 0.000000000000000000, 0.000000000000000000, -1.000000000000000000 ) ) ;
#5181 = CIRCLE ( 'NONE', #5092, 0.08661417322834646937 ) ;
#5182 = AXIS2_PLACEMENT_3D ( 'NONE', #2410, #3801, #688 ) ;
#5183 = VECTOR ( 'NONE', #5699, 39.37007874015748143 ) ;
#5184 = DIRECTION ( 'NONE',  ( 0.000000000000000000, 0.000000000000000000, -1.000000000000000000 ) ) ;
#5185 = VERTEX_POINT ( 'NONE', #4 ) ;
#5186 = ADVANCED_FACE ( 'NONE', ( #534 ), #5033, .T. ) ;
#5187 = CARTESIAN_POINT ( 'NONE',  ( -0.01968650586098433242, -0.2559055118110236116, -0.4763779527559054983 ) ) ;
#5188 = CARTESIAN_POINT ( 'NONE',  ( 0.04527559055118110520, 0.07086614173228346358, -0.3248031496062992463 ) ) ;
#5189 = EDGE_LOOP ( 'NONE', ( #3547, #3485, #2490, #1629, #5830, #4743 ) ) ;
#5190 = CARTESIAN_POINT ( 'NONE',  ( -0.09842519685039370636, -0.07283464566929134798, -0.3602362204724409711 ) ) ;
#5191 = CARTESIAN_POINT ( 'NONE',  ( -0.02657480314960630058, -0.1850393700787401619, -0.3838582677165354173 ) ) ;
#5192 = EDGE_CURVE ( 'NONE', #4032, #3758, #2756, .T. ) ;
#5193 = VECTOR ( 'NONE', #3419, 39.37007874015748143 ) ;
#5194 = CIRCLE ( 'NONE', #653, 0.03248031496062991907 ) ;
#5195 = DIRECTION ( 'NONE',  ( 0.000000000000000000, 1.000000000000000000, 0.000000000000000000 ) ) ;
#5196 = PLANE ( 'NONE',  #4908 ) ;
#5197 = AXIS2_PLACEMENT_3D ( 'NONE', #885, #3661, #1301 ) ;
#5198 = FACE_OUTER_BOUND ( 'NONE', #5268, .T. ) ;
#5199 = PLANE ( 'NONE',  #5748 ) ;
#5200 = DIRECTION ( 'NONE',  ( 0.000000000000000000, -1.000000000000000000, 0.000000000000000000 ) ) ;
#5201 = CARTESIAN_POINT ( 'NONE',  ( 0.1510540894379928112, -0.3744044111697994448, -0.3261477233246845020 ) ) ;
#5202 = CARTESIAN_POINT ( 'NONE',  ( 0.000000000000000000, 0.000000000000000000, -0.4133858267716535861 ) ) ;
#5203 = ORIENTED_EDGE ( 'NONE', *, *, #3912, .F. ) ;
#5204 = CARTESIAN_POINT ( 'NONE',  ( -0.1535433070866141780, -0.3385826771653543399, -0.3838582677165354173 ) ) ;
#5205 = VECTOR ( 'NONE', #457, 39.37007874015748143 ) ;
#5206 = VERTEX_POINT ( 'NONE', #4946 ) ;
#5207 = ORIENTED_EDGE ( 'NONE', *, *, #3008, .T. ) ;
#5208 = ORIENTED_EDGE ( 'NONE', *, *, #2327, .F. ) ;
#5209 = ORIENTED_EDGE ( 'NONE', *, *, #4531, .T. ) ;
#5210 = CARTESIAN_POINT ( 'NONE',  ( 0.1299212598425196763, -0.3838582677165354173, -0.3323221655757894188 ) ) ;
#5211 = AXIS2_PLACEMENT_3D ( 'NONE', #2473, #1083, #1108 ) ;
#5212 = ORIENTED_EDGE ( 'NONE', *, *, #2919, .F. ) ;
#5213 = ADVANCED_FACE ( 'NONE', ( #980 ), #2785, .F. ) ;
#5214 = CARTESIAN_POINT ( 'NONE',  ( 0.05905511811023622659, -0.07283464566929134798, -0.3602362204724409711 ) ) ;
#5215 = AXIS2_PLACEMENT_3D ( 'NONE', #3207, #2262, #5450 ) ;
#5216 = CARTESIAN_POINT ( 'NONE',  ( 0.09448818897637795144, -0.2559055118110236116, -0.1771653543307086520 ) ) ;
#5217 = AXIS2_PLACEMENT_3D ( 'NONE', #5496, #114, #4100 ) ;
#5218 = VERTEX_POINT ( 'NONE', #3701 ) ;
#5219 = CARTESIAN_POINT ( 'NONE',  ( 0.03195668221149425281, -0.2559055118110236116, -0.4338219754585960763 ) ) ;
#5220 = CARTESIAN_POINT ( 'NONE',  ( 0.1181102362204724532, -0.1850393700787401619, -0.5118110236220472231 ) ) ;
#5221 = ORIENTED_EDGE ( 'NONE', *, *, #4165, .F. ) ;
#5222 = DIRECTION ( 'NONE',  ( 0.000000000000000000, 0.000000000000000000, -1.000000000000000000 ) ) ;
#5223 = CARTESIAN_POINT ( 'NONE',  ( 0.1181102362204724532, -0.2559055118110236116, -0.04724409448818897572 ) ) ;
#5224 = FACE_OUTER_BOUND ( 'NONE', #599, .T. ) ;
#5225 = LINE ( 'NONE', #4804, #277 ) ;
#5226 = ADVANCED_FACE ( 'NONE', ( #4553 ), #4081, .F. ) ;
#5227 = CARTESIAN_POINT ( 'NONE',  ( -0.02362204724409448786, 0.07086614173228346358, -0.5039370078740157410 ) ) ;
#5228 = EDGE_CURVE ( 'NONE', #4477, #5560, #1836, .T. ) ;
#5229 = PLANE ( 'NONE',  #1695 ) ;
#5230 = LINE ( 'NONE', #3830, #3308 ) ;
#5231 = CARTESIAN_POINT ( 'NONE',  ( -0.1181102362204724532, -0.2559055118110236116, -0.04724409448818897572 ) ) ;
#5232 = LINE ( 'NONE', #2983, #1533 ) ;
#5233 = CARTESIAN_POINT ( 'NONE',  ( 0.1732283464566929387, -0.3385826771653543399, -0.3838582677165354173 ) ) ;
#5234 = CARTESIAN_POINT ( 'NONE',  ( -0.02362204724409448786, 0.000000000000000000, -0.3248031496062992463 ) ) ;
#5235 = EDGE_LOOP ( 'NONE', ( #863, #5203, #4503 ) ) ;
#5236 = DIRECTION ( 'NONE',  ( 1.000000000000000000, 0.000000000000000000, 0.000000000000000000 ) ) ;
#5237 = ORIENTED_EDGE ( 'NONE', *, *, #3018, .F. ) ;
#5238 = VERTEX_POINT ( 'NONE', #3619 ) ;
#5239 = LINE ( 'NONE', #297, #2907 ) ;
#5240 = ORIENTED_EDGE ( 'NONE', *, *, #1645, .T. ) ;
#5241 = FACE_OUTER_BOUND ( 'NONE', #89, .T. ) ;
#5242 = ORIENTED_EDGE ( 'NONE', *, *, #975, .F. ) ;
#5243 = CARTESIAN_POINT ( 'NONE',  ( -2.638641767315244090E-06, -0.2360236220472441138, -0.4197401756277015505 ) ) ;
#5244 = CARTESIAN_POINT ( 'NONE',  ( -0.02657480314960630058, -0.2165354330708661457, -0.4251968503937008093 ) ) ;
#5245 = ORIENTED_EDGE ( 'NONE', *, *, #4749, .T. ) ;
#5246 = CARTESIAN_POINT ( 'NONE',  ( -0.1496062992125984370, -0.2480314960629921295, -0.007874015748031495954 ) ) ;
#5247 = EDGE_CURVE ( 'NONE', #5711, #3373, #5472, .T. ) ;
#5248 = ORIENTED_EDGE ( 'NONE', *, *, #4122, .F. ) ;
#5249 = DIRECTION ( 'NONE',  ( 0.000000000000000000, 1.000000000000000000, 0.000000000000000000 ) ) ;
#5250 = CARTESIAN_POINT ( 'NONE',  ( -0.09448818897637795144, -0.2893700787401574659, -0.1771653543307086520 ) ) ;
#5251 = DIRECTION ( 'NONE',  ( 1.000000000000000000, 0.000000000000000000, 0.000000000000000000 ) ) ;
#5252 = FACE_OUTER_BOUND ( 'NONE', #4352, .T. ) ;
#5253 = CARTESIAN_POINT ( 'NONE',  ( 0.1474155162359375992, -0.3789135429223114415, -0.3287455592587203435 ) ) ;
#5254 = CARTESIAN_POINT ( 'NONE',  ( 0.1574803149606299191, -0.3385826771653543399, -0.3838582677165354173 ) ) ;
#5255 = ADVANCED_FACE ( 'NONE', ( #2248 ), #2309, .T. ) ;
#5256 = DIRECTION ( 'NONE',  ( -1.000000000000000000, 2.168404344971005318E-15, -1.103590963432366078E-44 ) ) ;
#5257 = ADVANCED_FACE ( 'NONE', ( #1308 ), #4048, .F. ) ;
#5258 = ORIENTED_EDGE ( 'NONE', *, *, #3045, .F. ) ;
#5259 = DIRECTION ( 'NONE',  ( 0.000000000000000000, 0.000000000000000000, -1.000000000000000000 ) ) ;
#5260 = CARTESIAN_POINT ( 'NONE',  ( -0.1574803149606299191, 0.1496062992125984370, 3.201384367575307689E-18 ) ) ;
#5261 = DIRECTION ( 'NONE',  ( 0.000000000000000000, -1.000000000000000000, 0.000000000000000000 ) ) ;
#5262 = ORIENTED_EDGE ( 'NONE', *, *, #53, .F. ) ;
#5263 = EDGE_CURVE ( 'NONE', #4681, #3365, #3574, .T. ) ;
#5264 = VERTEX_POINT ( 'NONE', #424 ) ;
#5265 = ORIENTED_EDGE ( 'NONE', *, *, #1747, .F. ) ;
#5266 = VERTEX_POINT ( 'NONE', #2223 ) ;
#5267 = CARTESIAN_POINT ( 'NONE',  ( -0.07874015748031495954, -0.1653543307086614012, -0.3838582677165354173 ) ) ;
#5268 = EDGE_LOOP ( 'NONE', ( #845, #2930, #3157, #799 ) ) ;
#5269 = VECTOR ( 'NONE', #2899, 39.37007874015748854 ) ;
#5270 = EDGE_CURVE ( 'NONE', #2424, #946, #5391, .T. ) ;
#5271 = DIRECTION ( 'NONE',  ( 0.000000000000000000, 0.000000000000000000, 1.000000000000000000 ) ) ;
#5272 = ORIENTED_EDGE ( 'NONE', *, *, #5504, .F. ) ;
#5273 = CARTESIAN_POINT ( 'NONE',  ( 0.02962241908993086537, -0.2360236220472441138, -0.4362337633014236604 ) ) ;
#5274 = DIRECTION ( 'NONE',  ( 1.000000000000000000, 0.000000000000000000, 0.000000000000000000 ) ) ;
#5275 = AXIS2_PLACEMENT_3D ( 'NONE', #2797, #1911, #5543 ) ;
#5276 = ORIENTED_EDGE ( 'NONE', *, *, #152, .F. ) ;
#5277 = LINE ( 'NONE', #4470, #2733 ) ;
#5278 = DIRECTION ( 'NONE',  ( 0.000000000000000000, 1.000000000000000000, 0.000000000000000000 ) ) ;
#5279 = VECTOR ( 'NONE', #5721, 39.37007874015748143 ) ;
#5280 = DIRECTION ( 'NONE',  ( 0.000000000000000000, 0.000000000000000000, -1.000000000000000000 ) ) ;
#5281 = VECTOR ( 'NONE', #2319, 39.37007874015748143 ) ;
#5282 = VECTOR ( 'NONE', #3119, 39.37007874015748143 ) ;
#5283 = EDGE_LOOP ( 'NONE', ( #4831, #3315, #181, #5029, #158 ) ) ;
#5284 = CYLINDRICAL_SURFACE ( 'NONE', #3115, 0.007874015748031499423 ) ;
#5285 = EDGE_LOOP ( 'NONE', ( #2013, #1094, #1138 ) ) ;
#5286 = CARTESIAN_POINT ( 'NONE',  ( 0.1496062992125984370, 0.1574803149606299191, -0.04724409448818897572 ) ) ;
#5287 = LINE ( 'NONE', #4930, #2058 ) ;
#5288 = AXIS2_PLACEMENT_3D ( 'NONE', #1335, #4046, #890 ) ;
#5289 = CARTESIAN_POINT ( 'NONE',  ( 0.1474155162359375992, -0.3789135429223114415, -0.3287455592587203435 ) ) ;
#5290 = DIRECTION ( 'NONE',  ( 7.583032020987351199E-14, -1.000000000000000000, 3.035766082958814774E-14 ) ) ;
#5291 = ADVANCED_FACE ( 'NONE', ( #1980 ), #563, .F. ) ;
#5292 = VECTOR ( 'NONE', #2034, 39.37007874015748143 ) ;
#5293 = CIRCLE ( 'NONE', #278, 0.007874015748031482076 ) ;
#5294 = DIRECTION ( 'NONE',  ( 1.000000000000000000, 0.000000000000000000, 0.000000000000000000 ) ) ;
#5295 = LINE ( 'NONE', #4849, #2360 ) ;
#5296 = ORIENTED_EDGE ( 'NONE', *, *, #4531, .F. ) ;
#5297 = AXIS2_PLACEMENT_3D ( 'NONE', #249, #377, #721 ) ;
#5298 = EDGE_LOOP ( 'NONE', ( #34, #5124, #4851, #3724 ) ) ;
#5299 = EDGE_CURVE ( 'NONE', #3346, #98, #1305, .T. ) ;
#5300 = VERTEX_POINT ( 'NONE', #2536 ) ;
#5301 = EDGE_CURVE ( 'NONE', #2787, #29, #1069, .T. ) ;
#5302 = ORIENTED_EDGE ( 'NONE', *, *, #2354, .F. ) ;
#5303 = DIRECTION ( 'NONE',  ( 0.000000000000000000, 0.000000000000000000, 1.000000000000000000 ) ) ;
#5304 = CARTESIAN_POINT ( 'NONE',  ( 0.1496062992125984370, 0.1496062992125984370, -0.04724409448818897572 ) ) ;
#5305 = ORIENTED_EDGE ( 'NONE', *, *, #4641, .F. ) ;
#5306 = CARTESIAN_POINT ( 'NONE',  ( -0.01413675618295563187, -0.2362204724409449064, -0.4233997669226818861 ) ) ;
#5307 = VECTOR ( 'NONE', #3270, 39.37007874015748143 ) ;
#5308 =( LENGTH_UNIT ( ) NAMED_UNIT ( * ) SI_UNIT ( $, .METRE. ) );
#5309 = VECTOR ( 'NONE', #4444, 39.37007874015748143 ) ;
#5310 = ORIENTED_EDGE ( 'NONE', *, *, #233, .F. ) ;
#5311 = CARTESIAN_POINT ( 'NONE',  ( -0.01968650587443658909, -0.2559055116635182148, -0.4291338582568550164 ) ) ;
#5312 = DIRECTION ( 'NONE',  ( 0.000000000000000000, 0.000000000000000000, -1.000000000000000000 ) ) ;
#5313 = VECTOR ( 'NONE', #5515, 39.37007874015748143 ) ;
#5314 = PLANE ( 'NONE',  #1252 ) ;
#5315 = DIRECTION ( 'NONE',  ( 1.000000000000000000, 0.000000000000000000, 0.000000000000000000 ) ) ;
#5316 = LINE ( 'NONE', #316, #951 ) ;
#5317 = DIRECTION ( 'NONE',  ( 0.000000000000000000, 0.000000000000000000, -1.000000000000000000 ) ) ;
#5318 = VECTOR ( 'NONE', #2076, 39.37007874015748143 ) ;
#5319 = DIRECTION ( 'NONE',  ( 0.000000000000000000, 0.000000000000000000, -1.000000000000000000 ) ) ;
#5320 = AXIS2_PLACEMENT_3D ( 'NONE', #5790, #5290, #385 ) ;
#5321 = ORIENTED_EDGE ( 'NONE', *, *, #4460, .T. ) ;
#5322 = PLANE ( 'NONE',  #1722 ) ;
#5323 = PLANE ( 'NONE',  #3021 ) ;
#5324 = CARTESIAN_POINT ( 'NONE',  ( 0.1496062992125984370, -0.2480314960629921295, -0.007874015748031495954 ) ) ;
#5325 = VERTEX_POINT ( 'NONE', #3254 ) ;
#5326 = ADVANCED_FACE ( 'NONE', ( #4195 ), #1948, .T. ) ;
#5327 = ORIENTED_EDGE ( 'NONE', *, *, #2800, .F. ) ;
#5328 = VERTEX_POINT ( 'NONE', #723 ) ;
#5329 = CARTESIAN_POINT ( 'NONE',  ( 0.000000000000000000, -0.03937007874015747977, -0.4852362204724409156 ) ) ;
#5330 = ORIENTED_EDGE ( 'NONE', *, *, #2693, .T. ) ;
#5331 = CARTESIAN_POINT ( 'NONE',  ( 0.000000000000000000, 1.603130160301161405E-18, -0.02559055118110236185 ) ) ;
#5332 = EDGE_CURVE ( 'NONE', #1221, #4377, #3757, .T. ) ;
#5333 = EDGE_CURVE ( 'NONE', #5471, #4440, #4037, .T. ) ;
#5334 = FACE_OUTER_BOUND ( 'NONE', #3177, .T. ) ;
#5335 = ORIENTED_EDGE ( 'NONE', *, *, #4528, .F. ) ;
#5336 = CARTESIAN_POINT ( 'NONE',  ( 0.01120568047454584618, -0.2559055118110236116, -0.4291338582677165503 ) ) ;
#5337 = CARTESIAN_POINT ( 'NONE',  ( -0.1574812992125984301, -0.1771653543307086520, -0.3818897637795276023 ) ) ;
#5338 = ORIENTED_EDGE ( 'NONE', *, *, #1321, .F. ) ;
#5339 = CARTESIAN_POINT ( 'NONE',  ( 0.000000000000000000, -0.03937007874015747977, -0.4527559055118110520 ) ) ;
#5340 = VERTEX_POINT ( 'NONE', #5530 ) ;
#5341 = DIRECTION ( 'NONE',  ( -1.000000000000000000, 1.445602896647339706E-15, 0.000000000000000000 ) ) ;
#5342 = ORIENTED_EDGE ( 'NONE', *, *, #732, .F. ) ;
#5343 = LINE ( 'NONE', #1293, #3208 ) ;
#5344 = DIRECTION ( 'NONE',  ( 0.000000000000000000, 1.000000000000000000, 0.000000000000000000 ) ) ;
#5345 = DIRECTION ( 'NONE',  ( -1.000000000000000000, 0.000000000000000000, 0.000000000000000000 ) ) ;
#5346 = CARTESIAN_POINT ( 'NONE',  ( -0.1574812992125984301, -0.03937007874015747977, -0.5118110236220472231 ) ) ;
#5347 = CARTESIAN_POINT ( 'NONE',  ( 0.1535433070866141780, -0.2637795275590551491, -0.3248031496062992463 ) ) ;
#5348 = EDGE_CURVE ( 'NONE', #4440, #4377, #1770, .T. ) ;
#5349 = LINE ( 'NONE', #793, #4055 ) ;
#5350 = CARTESIAN_POINT ( 'NONE',  ( -0.01377952755883771717, -0.3818897637795276023, -0.4763779527559054983 ) ) ;
#5351 = ORIENTED_EDGE ( 'NONE', *, *, #1359, .T. ) ;
#5352 = ORIENTED_EDGE ( 'NONE', *, *, #4787, .F. ) ;
#5353 = EDGE_CURVE ( 'NONE', #1733, #1634, #4163, .T. ) ;
#5354 = CARTESIAN_POINT ( 'NONE',  ( -0.09055118110236221041, -0.2165354330708661457, -0.4251968503937008093 ) ) ;
#5355 = ORIENTED_EDGE ( 'NONE', *, *, #1847, .T. ) ;
#5356 = DIRECTION ( 'NONE',  ( 0.000000000000000000, 0.000000000000000000, -1.000000000000000000 ) ) ;
#5357 = CARTESIAN_POINT ( 'NONE',  ( 0.07874015748031495954, -0.1771653543307086520, -0.3838582677165354173 ) ) ;
#5358 = EDGE_CURVE ( 'NONE', #2702, #4730, #3451, .T. ) ;
#5359 = ORIENTED_EDGE ( 'NONE', *, *, #5789, .T. ) ;
#5360 = ORIENTED_EDGE ( 'NONE', *, *, #735, .T. ) ;
#5361 = DIRECTION ( 'NONE',  ( -0.3722025511004639631, 0.9281515290911858118, 0.000000000000000000 ) ) ;
#5362 = VECTOR ( 'NONE', #2196, 39.37007874015748143 ) ;
#5363 = CARTESIAN_POINT ( 'NONE',  ( -0.1364826794570762059, -0.3712198905481125522, -0.3830051100600423974 ) ) ;
#5364 = ORIENTED_EDGE ( 'NONE', *, *, #5263, .T. ) ;
#5365 = DIRECTION ( 'NONE',  ( 0.000000000000000000, 1.000000000000000000, -1.051347561198064179E-14 ) ) ;
#5366 = ADVANCED_FACE ( 'NONE', ( #121 ), #5832, .T. ) ;
#5367 = VECTOR ( 'NONE', #136, 39.37007874015748143 ) ;
#5368 = CARTESIAN_POINT ( 'NONE',  ( 0.03444881889763779653, -0.1771653543307086520, -0.3838582677165354173 ) ) ;
#5369 = ORIENTED_EDGE ( 'NONE', *, *, #4168, .T. ) ;
#5370 = ORIENTED_EDGE ( 'NONE', *, *, #2382, .T. ) ;
#5371 = ORIENTED_EDGE ( 'NONE', *, *, #4914, .F. ) ;
#5372 = CARTESIAN_POINT ( 'NONE',  ( 0.05905511811023622659, -0.08858267716535432601, -0.4074803149606299191 ) ) ;
#5373 = EDGE_CURVE ( 'NONE', #4463, #1182, #2092, .T. ) ;
#5374 = DIRECTION ( 'NONE',  ( -1.000000000000000000, 0.000000000000000000, 0.000000000000000000 ) ) ;
#5375 = CARTESIAN_POINT ( 'NONE',  ( 3.977691375183332546E-18, 0.03248031496062993295, -0.03346456692913385433 ) ) ;
#5376 = AXIS2_PLACEMENT_3D ( 'NONE', #2119, #5345, #410 ) ;
#5377 = CIRCLE ( 'NONE', #2634, 0.02362204724409448092 ) ;
#5378 = FACE_OUTER_BOUND ( 'NONE', #703, .T. ) ;
#5379 = VECTOR ( 'NONE', #1818, 39.37007874015748143 ) ;
#5380 = LINE ( 'NONE', #26, #2652 ) ;
#5381 = CARTESIAN_POINT ( 'NONE',  ( -0.1318897637795275746, -0.3838582677165354173, -0.3838582677165354173 ) ) ;
#5382 = ORIENTED_EDGE ( 'NONE', *, *, #1137, .F. ) ;
#5383 = B_SPLINE_CURVE_WITH_KNOTS ( 'NONE', 3,
 ( #4776, #4414, #4891, #4446, #719, #406 ),
 .UNSPECIFIED., .F., .F.,
 ( 4, 2, 4 ),
 ( 4.925667812690175113E-18, 0.0002252311827832410699, 0.0004504623655664772067 ),
 .UNSPECIFIED. ) ;
#5384 = CIRCLE ( 'NONE', #4721, 0.03248031496062991907 ) ;
#5385 = ORIENTED_EDGE ( 'NONE', *, *, #5612, .T. ) ;
#5386 = VECTOR ( 'NONE', #5672, 39.37007874015748143 ) ;
#5387 = ORIENTED_EDGE ( 'NONE', *, *, #4823, .F. ) ;
#5388 = LINE ( 'NONE', #977, #657 ) ;
#5389 = ORIENTED_EDGE ( 'NONE', *, *, #414, .T. ) ;
#5390 = AXIS2_PLACEMENT_3D ( 'NONE', #552, #2838, #2358 ) ;
#5391 = LINE ( 'NONE', #1364, #3392 ) ;
#5392 = CARTESIAN_POINT ( 'NONE',  ( -0.04527559055118110520, 0.07086614173228346358, -0.3248031496062992463 ) ) ;
#5393 = ORIENTED_EDGE ( 'NONE', *, *, #4677, .T. ) ;
#5394 = VERTEX_POINT ( 'NONE', #4219 ) ;
#5395 = CARTESIAN_POINT ( 'NONE',  ( -0.1574803149606299191, -0.2480314960629921295, -0.04724409448818897572 ) ) ;
#5396 = EDGE_CURVE ( 'NONE', #2598, #1634, #593, .T. ) ;
#5397 = DIRECTION ( 'NONE',  ( 1.000000000000000000, 0.000000000000000000, 0.000000000000000000 ) ) ;
#5398 = DIRECTION ( 'NONE',  ( 0.000000000000000000, -1.000000000000000000, 0.000000000000000000 ) ) ;
#5399 = CIRCLE ( 'NONE', #4924, 0.02362204724409449827 ) ;
#5400 = DIRECTION ( 'NONE',  ( 0.000000000000000000, 0.000000000000000000, -1.000000000000000000 ) ) ;
#5401 = ORIENTED_EDGE ( 'NONE', *, *, #2900, .F. ) ;
#5402 = ORIENTED_EDGE ( 'NONE', *, *, #5752, .F. ) ;
#5403 = ORIENTED_EDGE ( 'NONE', *, *, #3414, .T. ) ;
#5404 = DIRECTION ( 'NONE',  ( -1.000000000000000000, 0.000000000000000000, 0.000000000000000000 ) ) ;
#5405 = DIRECTION ( 'NONE',  ( 0.000000000000000000, 0.000000000000000000, 1.000000000000000000 ) ) ;
#5406 = EDGE_CURVE ( 'NONE', #420, #2312, #2642, .T. ) ;
#5407 = CIRCLE ( 'NONE', #1060, 0.007874015748031499423 ) ;
#5408 = CARTESIAN_POINT ( 'NONE',  ( -0.1181102362204724532, 0.1181102362204724532, -0.1535433070866141780 ) ) ;
#5409 = EDGE_CURVE ( 'NONE', #323, #1190, #451, .T. ) ;
#5410 = EDGE_CURVE ( 'NONE', #1156, #4254, #5505, .T. ) ;
#5411 = DIRECTION ( 'NONE',  ( 0.000000000000000000, 0.000000000000000000, 1.000000000000000000 ) ) ;
#5412 = LINE ( 'NONE', #2241, #849 ) ;
#5413 = ORIENTED_EDGE ( 'NONE', *, *, #2139, .F. ) ;
#5414 = LINE ( 'NONE', #2781, #973 ) ;
#5415 = DIRECTION ( 'NONE',  ( 0.000000000000000000, 0.000000000000000000, 1.000000000000000000 ) ) ;
#5416 = VERTEX_POINT ( 'NONE', #2714 ) ;
#5417 = DIRECTION ( 'NONE',  ( 0.000000000000000000, 0.000000000000000000, -1.000000000000000000 ) ) ;
#5418 = LINE ( 'NONE', #1428, #2572 ) ;
#5419 = EDGE_CURVE ( 'NONE', #1542, #40, #412, .T. ) ;
#5420 = EDGE_LOOP ( 'NONE', ( #3323, #3791, #4674, #592 ) ) ;
#5421 = ORIENTED_EDGE ( 'NONE', *, *, #4883, .T. ) ;
#5422 = DIRECTION ( 'NONE',  ( 2.168404344971008079E-15, 1.000000000000000000, 0.000000000000000000 ) ) ;
#5423 = ORIENTED_EDGE ( 'NONE', *, *, #4343, .T. ) ;
#5424 = CARTESIAN_POINT ( 'NONE',  ( 0.1299212598425196763, -0.1852428974198401246, -0.4253955510670653917 ) ) ;
#5425 = DIRECTION ( 'NONE',  ( -1.000000000000000000, 0.000000000000000000, 0.000000000000000000 ) ) ;
#5426 = CARTESIAN_POINT ( 'NONE',  ( -0.07874015748031495954, -0.1456692913385826960, -0.4271653543307086798 ) ) ;
#5427 = VERTEX_POINT ( 'NONE', #383 ) ;
#5428 = EDGE_CURVE ( 'NONE', #396, #3758, #84, .T. ) ;
#5429 = CARTESIAN_POINT ( 'NONE',  ( -0.1496062992125984370, -0.2559055118110236116, -0.007874015748031495954 ) ) ;
#5430 = DIRECTION ( 'NONE',  ( 1.000000000000000000, -1.577021341797094849E-16, 0.000000000000000000 ) ) ;
#5431 = CARTESIAN_POINT ( 'NONE',  ( 0.1122047244094488833, -0.2893700787401571883, -0.1771653543307086798 ) ) ;
#5432 = CARTESIAN_POINT ( 'NONE',  ( 0.1456692913385826960, -0.1299212598425196763, -0.3602362204724409711 ) ) ;
#5433 = ADVANCED_FACE ( 'NONE', ( #4899 ), #4452, .T. ) ;
#5434 = DIRECTION ( 'NONE',  ( -1.000000000000000000, 0.000000000000000000, 0.000000000000000000 ) ) ;
#5435 = CARTESIAN_POINT ( 'NONE',  ( -0.1181102362204724532, 0.1181102362204724532, -0.5118110236220472231 ) ) ;
#5436 = ORIENTED_EDGE ( 'NONE', *, *, #5410, .T. ) ;
#5437 = ADVANCED_FACE ( 'NONE', ( #4932 ), #4011, .T. ) ;
#5438 = CARTESIAN_POINT ( 'NONE',  ( -0.03444881889763779653, -0.2559055118110236116, -0.5118110236220472231 ) ) ;
#5439 = CARTESIAN_POINT ( 'NONE',  ( 0.1456692913385826960, -0.2637795275590551491, -0.3248031496062992463 ) ) ;
#5440 = CARTESIAN_POINT ( 'NONE',  ( 0.02536090740245951908, -0.2362204724409449341, -0.4742462891107926959 ) ) ;
#5441 = ORIENTED_EDGE ( 'NONE', *, *, #1748, .T. ) ;
#5442 = EDGE_CURVE ( 'NONE', #4166, #5218, #3132, .T. ) ;
#5443 = DIRECTION ( 'NONE',  ( 0.000000000000000000, -1.000000000000000000, 0.000000000000000000 ) ) ;
#5444 = DIRECTION ( 'NONE',  ( 0.000000000000000000, 0.000000000000000000, 1.000000000000000000 ) ) ;
#5445 = ORIENTED_EDGE ( 'NONE', *, *, #3309, .F. ) ;
#5446 = ORIENTED_EDGE ( 'NONE', *, *, #2545, .T. ) ;
#5447 = ORIENTED_EDGE ( 'NONE', *, *, #3120, .T. ) ;
#5448 = PLANE ( 'NONE',  #740 ) ;
#5449 = LINE ( 'NONE', #11, #3413 ) ;
#5450 = DIRECTION ( 'NONE',  ( 2.168404344971012812E-15, 1.000000000000000000, 0.000000000000000000 ) ) ;
#5451 = FACE_OUTER_BOUND ( 'NONE', #1231, .T. ) ;
#5452 = EDGE_LOOP ( 'NONE', ( #2335, #2228, #5778, #5556 ) ) ;
#5453 = CARTESIAN_POINT ( 'NONE',  ( 0.1456692913385826960, -0.3937007874015748254, -0.3838582677165354173 ) ) ;
#5454 = AXIS2_PLACEMENT_3D ( 'NONE', #1508, #1036, #1092 ) ;
#5455 = CARTESIAN_POINT ( 'NONE',  ( 0.1574803149606299191, 0.1102362204724409434, -0.5118110236220472231 ) ) ;
#5456 = TOROIDAL_SURFACE ( 'NONE', #2908, 0.03937007874015725772, 0.03248031496062991907 ) ;
#5457 = DIRECTION ( 'NONE',  ( 0.000000000000000000, 0.000000000000000000, 1.000000000000000000 ) ) ;
#5458 = CARTESIAN_POINT ( 'NONE',  ( -0.005765845649383409370, -0.2362263354376930857, -0.4852362204763334685 ) ) ;
#5459 = VECTOR ( 'NONE', #2974, 39.37007874015748143 ) ;
#5460 = DIRECTION ( 'NONE',  ( 0.000000000000000000, 0.000000000000000000, 1.000000000000000000 ) ) ;
#5461 = FACE_OUTER_BOUND ( 'NONE', #4559, .T. ) ;
#5462 =( BOUNDED_CURVE ( )  B_SPLINE_CURVE ( 3, ( #246, #3855, #1616, #3418 ),
 .UNSPECIFIED., .F., .F. ) 
 B_SPLINE_CURVE_WITH_KNOTS ( ( 4, 4 ),
 ( 1.570796326794895004, 1.735827040599384974 ),
 .UNSPECIFIED. ) 
 CURVE ( )  GEOMETRIC_REPRESENTATION_ITEM ( )  RATIONAL_B_SPLINE_CURVE ( ( 1.000000000000000000, 0.9977316927645649702, 0.9977316927645649702, 1.000000000000000000 ) ) 
 REPRESENTATION_ITEM ( '' )  );
#5463 = ADVANCED_FACE ( 'NONE', ( #3546 ), #2182, .T. ) ;
#5464 = CARTESIAN_POINT ( 'NONE',  ( -0.1443330769932840429, -0.2668710524703382103, -0.3248031496062992463 ) ) ;
#5465 = VECTOR ( 'NONE', #686, 39.37007874015748143 ) ;
#5466 = UNCERTAINTY_MEASURE_WITH_UNIT (LENGTH_MEASURE( 1.000000000000000082E-05 ), #272, 'distance_accuracy_value', 'NONE');
#5467 = VECTOR ( 'NONE', #1648, 39.37007874015748143 ) ;
#5468 = AXIS2_PLACEMENT_3D ( 'NONE', #4702, #2373, #4651 ) ;
#5469 = CARTESIAN_POINT ( 'NONE',  ( -0.1574803149606299191, -0.2480314960629921295, -0.007874015748031495954 ) ) ;
#5470 = CARTESIAN_POINT ( 'NONE',  ( -0.009055867336823248542, -0.2362204724409449064, -0.4211530348794227940 ) ) ;
#5471 = VERTEX_POINT ( 'NONE', #5375 ) ;
#5472 = LINE ( 'NONE', #4521, #456 ) ;
#5473 = AXIS2_PLACEMENT_3D ( 'NONE', #1232, #2567, #4808 ) ;
#5474 = ADVANCED_FACE ( 'NONE', ( #3982 ), #1763, .F. ) ;
#5475 = DIRECTION ( 'NONE',  ( 0.000000000000000000, 1.000000000000000000, 0.000000000000000000 ) ) ;
#5476 = ADVANCED_FACE ( 'NONE', ( #1795 ), #4506, .F. ) ;
#5477 = VECTOR ( 'NONE', #1447, 39.37007874015748143 ) ;
#5478 = AXIS2_PLACEMENT_3D ( 'NONE', #5501, #3644, #1449 ) ;
#5479 = EDGE_LOOP ( 'NONE', ( #4864, #1751, #2394, #5132, #1233 ) ) ;
#5480 = ORIENTED_EDGE ( 'NONE', *, *, #2877, .F. ) ;
#5481 = PLANE ( 'NONE',  #1216 ) ;
#5482 = PRODUCT_DEFINITION_SHAPE ( 'NONE', 'NONE',  #1281 ) ;
#5483 = COLOUR_RGB ( '',0.7921568627450980005, 0.8196078431372548767, 0.9333333333333333481 ) ;
#5484 = CARTESIAN_POINT ( 'NONE',  ( 0.05905511811023622659, -0.08858267716535432601, -0.4271653543307086798 ) ) ;
#5485 = CARTESIAN_POINT ( 'NONE',  ( 0.000000000000000000, -0.03937007874015747977, -0.4527559055118110520 ) ) ;
#5486 = CARTESIAN_POINT ( 'NONE',  ( -0.1515748031496063075, -0.2637795275590551491, -0.3838582677165354173 ) ) ;
#5487 = ORIENTED_EDGE ( 'NONE', *, *, #4749, .F. ) ;
#5488 = CARTESIAN_POINT ( 'NONE',  ( -0.07874015748031495954, -0.03937007874015747977, -0.4271653543307086798 ) ) ;
#5489 = CARTESIAN_POINT ( 'NONE',  ( 0.01968650586100336580, -0.2559055118108149451, -0.4763779527559208748 ) ) ;
#5490 = FACE_OUTER_BOUND ( 'NONE', #659, .T. ) ;
#5491 = VECTOR ( 'NONE', #5444, 39.37007874015748143 ) ;
#5492 = DIRECTION ( 'NONE',  ( -1.000000000000000000, 0.000000000000000000, 0.000000000000000000 ) ) ;
#5493 = CARTESIAN_POINT ( 'NONE',  ( 0.1593099820775456810, -0.3641732283464567121, -0.3838582677165354173 ) ) ;
#5494 = CARTESIAN_POINT ( 'NONE',  ( 0.1496062992125984370, -0.2480314960629921295, -0.1062992125984252023 ) ) ;
#5495 = VECTOR ( 'NONE', #4482, 39.37007874015748143 ) ;
#5496 = CARTESIAN_POINT ( 'NONE',  ( -0.1496062992125984370, 0.1102362204724409434, -0.1535433070866141780 ) ) ;
#5497 = ORIENTED_EDGE ( 'NONE', *, *, #5299, .F. ) ;
#5498 = AXIS2_PLACEMENT_3D ( 'NONE', #3744, #1054, #5341 ) ;
#5499 = VECTOR ( 'NONE', #3863, 39.37007874015748143 ) ;
#5500 = ORIENTED_EDGE ( 'NONE', *, *, #5789, .F. ) ;
#5501 = CARTESIAN_POINT ( 'NONE',  ( 0.000000000000000000, 0.000000000000000000, -0.03346456692913385433 ) ) ;
#5502 = CARTESIAN_POINT ( 'NONE',  ( -2.638641767315244090E-06, -0.2360236220472441138, -0.4197401756277015505 ) ) ;
#5503 = EDGE_LOOP ( 'NONE', ( #922, #1541, #2421, #2856, #68 ) ) ;
#5504 = EDGE_CURVE ( 'NONE', #5718, #2378, #4321, .T. ) ;
#5505 = LINE ( 'NONE', #1005, #5171 ) ;
#5506 = AXIS2_PLACEMENT_3D ( 'NONE', #5304, #1720, #361 ) ;
#5507 = CARTESIAN_POINT ( 'NONE',  ( -0.05905511811023622659, -0.08858267716535432601, -0.4271653543307086798 ) ) ;
#5508 = ORIENTED_EDGE ( 'NONE', *, *, #4883, .F. ) ;
#5509 = EDGE_CURVE ( 'NONE', #3964, #5114, #3607, .T. ) ;
#5510 = ORIENTED_EDGE ( 'NONE', *, *, #146, .T. ) ;
#5511 = DIRECTION ( 'NONE',  ( 1.000000000000000000, 0.000000000000000000, 0.000000000000000000 ) ) ;
#5512 = EDGE_CURVE ( 'NONE', #1401, #2207, #3381, .T. ) ;
#5513 = LINE ( 'NONE', #1458, #4983 ) ;
#5514 = EDGE_CURVE ( 'NONE', #356, #1303, #169, .T. ) ;
#5515 = DIRECTION ( 'NONE',  ( 0.000000000000000000, 0.000000000000000000, -1.000000000000000000 ) ) ;
#5516 = CARTESIAN_POINT ( 'NONE',  ( -0.09055118110236221041, -0.2165354330708661457, -0.07874015748031495954 ) ) ;
#5517 = VERTEX_POINT ( 'NONE', #5289 ) ;
#5518 = DIRECTION ( 'NONE',  ( 1.000000000000000000, 0.000000000000000000, 0.000000000000000000 ) ) ;
#5519 = DIRECTION ( 'NONE',  ( 0.000000000000000000, 0.000000000000000000, 1.000000000000000000 ) ) ;
#5520 = LINE ( 'NONE', #2715, #2476 ) ;
#5521 = CARTESIAN_POINT ( 'NONE',  ( 0.1496062992125984370, 0.1496062992125984370, -0.04724409448818897572 ) ) ;
#5522 = CARTESIAN_POINT ( 'NONE',  ( 0.1181102362204724532, -0.2559055118110236116, -0.5118110236220472231 ) ) ;
#5523 = CARTESIAN_POINT ( 'NONE',  ( 0.1299212598425196763, -0.2637795275590551491, -0.3248031496062992463 ) ) ;
#5524 = EDGE_CURVE ( 'NONE', #5266, #3560, #360, .T. ) ;
#5525 = DIRECTION ( 'NONE',  ( 0.000000000000000000, -1.000000000000000000, -5.204170427930420297E-16 ) ) ;
#5526 = ORIENTED_EDGE ( 'NONE', *, *, #1123, .F. ) ;
#5527 = DIRECTION ( 'NONE',  ( 0.000000000000000000, 1.000000000000000000, 0.000000000000000000 ) ) ;
#5528 = CARTESIAN_POINT ( 'NONE',  ( -0.02149970264447685284, -0.2360236220472441138, -0.4778419593720480973 ) ) ;
#5529 = ORIENTED_EDGE ( 'NONE', *, *, #5442, .T. ) ;
#5530 = CARTESIAN_POINT ( 'NONE',  ( -0.1181102362204724532, 0.1181102362204724532, -0.5118110236220472231 ) ) ;
#5531 = ORIENTED_EDGE ( 'NONE', *, *, #12, .T. ) ;
#5532 = ORIENTED_EDGE ( 'NONE', *, *, #2638, .F. ) ;
#5533 = CARTESIAN_POINT ( 'NONE',  ( -0.1318897637795275746, -0.1850393700787401619, -0.3838582677165354173 ) ) ;
#5534 = CARTESIAN_POINT ( 'NONE',  ( -0.1496062992125984370, -0.2559055118110236116, -0.1062992125984252023 ) ) ;
#5535 = B_SPLINE_CURVE_WITH_KNOTS ( 'NONE', 3,
 ( #1725, #808, #5578, #550 ),
 .UNSPECIFIED., .F., .F.,
 ( 4, 4 ),
 ( 0.000000000000000000, 0.0001669380734903086938 ),
 .UNSPECIFIED. ) ;
#5536 = EDGE_CURVE ( 'NONE', #1631, #2557, #3039, .T. ) ;
#5537 = CARTESIAN_POINT ( 'NONE',  ( 0.1316184678167437172, -0.2725717138055228639, -0.3838582677165354173 ) ) ;
#5538 = DIRECTION ( 'NONE',  ( -1.000000000000000000, -1.084202172485502067E-15, 0.000000000000000000 ) ) ;
#5539 = EDGE_LOOP ( 'NONE', ( #394, #4441, #1830, #2454 ) ) ;
#5540 = CARTESIAN_POINT ( 'NONE',  ( -0.02964553060598602505, -0.2362204724409449064, -0.4693019268097503582 ) ) ;
#5541 = ORIENTED_EDGE ( 'NONE', *, *, #4127, .T. ) ;
#5542 = CARTESIAN_POINT ( 'NONE',  ( -0.1574803149606299191, -0.2480314960629921295, -0.007874015748031495954 ) ) ;
#5543 = DIRECTION ( 'NONE',  ( -9.856383386231860060E-17, 0.000000000000000000, 1.000000000000000000 ) ) ;
#5544 = EDGE_CURVE ( 'NONE', #1456, #19, #1297, .T. ) ;
#5545 = CARTESIAN_POINT ( 'NONE',  ( -0.1423836630759220401, -0.3641732283464567121, -0.3838582677165354173 ) ) ;
#5546 = EDGE_CURVE ( 'NONE', #4816, #5325, #346, .T. ) ;
#5547 = DIRECTION ( 'NONE',  ( 0.000000000000000000, 0.000000000000000000, -1.000000000000000000 ) ) ;
#5548 = CARTESIAN_POINT ( 'NONE',  ( -0.07874015748031495954, -0.03937007874015747977, -0.3248031496062992463 ) ) ;
#5549 = CYLINDRICAL_SURFACE ( 'NONE', #2822, 0.007874015748031499423 ) ;
#5550 = CIRCLE ( 'NONE', #4125, 0.08661417322834646937 ) ;
#5551 = CARTESIAN_POINT ( 'NONE',  ( -0.1052937107363151603, -0.2952755905511810774, -0.1629200275319759861 ) ) ;
#5552 = ORIENTED_EDGE ( 'NONE', *, *, #5410, .F. ) ;
#5553 = VECTOR ( 'NONE', #2230, 39.37007874015748143 ) ;
#5554 = DIRECTION ( 'NONE',  ( 0.000000000000000000, 1.000000000000000000, 0.000000000000000000 ) ) ;
#5555 = CARTESIAN_POINT ( 'NONE',  ( -0.01120568047454584618, -0.2559055118110236116, -0.4291338582677165503 ) ) ;
#5556 = ORIENTED_EDGE ( 'NONE', *, *, #296, .F. ) ;
#5557 = CARTESIAN_POINT ( 'NONE',  ( -0.1496062992125984370, 0.1496062992125984370, -0.007874015748031495954 ) ) ;
#5558 = ORIENTED_EDGE ( 'NONE', *, *, #5514, .F. ) ;
#5559 = VECTOR ( 'NONE', #182, 39.37007874015748143 ) ;
#5560 = VERTEX_POINT ( 'NONE', #2626 ) ;
#5561 = EDGE_LOOP ( 'NONE', ( #7, #1760, #5371, #929 ) ) ;
#5562 = COLOUR_RGB ( '',0.7921568627450980005, 0.8196078431372548767, 0.9333333333333333481 ) ;
#5563 = VECTOR ( 'NONE', #542, 39.37007874015748143 ) ;
#5564 = ORIENTED_EDGE ( 'NONE', *, *, #4422, .F. ) ;
#5565 = VECTOR ( 'NONE', #4785, 39.37007874015748143 ) ;
#5566 = DIRECTION ( 'NONE',  ( 0.000000000000000000, -1.000000000000000000, 0.000000000000000000 ) ) ;
#5567 = VECTOR ( 'NONE', #4215, 39.37007874015748143 ) ;
#5568 = DIRECTION ( 'NONE',  ( 0.000000000000000000, 0.000000000000000000, 1.000000000000000000 ) ) ;
#5569 = VERTEX_POINT ( 'NONE', #4418 ) ;
#5570 = CARTESIAN_POINT ( 'NONE',  ( -0.01966837389314940801, -0.2561043307086614540, -0.4763633126897440784 ) ) ;
#5571 = LINE ( 'NONE', #1104, #371 ) ;
#5572 = EDGE_LOOP ( 'NONE', ( #1713, #1154, #4647, #4060 ) ) ;
#5573 = CARTESIAN_POINT ( 'NONE',  ( 0.09055118110236221041, -0.2165354330708661457, -0.07874015748031495954 ) ) ;
#5574 = EDGE_CURVE ( 'NONE', #1262, #716, #4595, .T. ) ;
#5575 = CIRCLE ( 'NONE', #4248, 0.007874015748031499423 ) ;
#5576 = FACE_OUTER_BOUND ( 'NONE', #1690, .T. ) ;
#5577 = CARTESIAN_POINT ( 'NONE',  ( -0.04527559055118110520, -0.03937007874015747977, -0.5039370078740157410 ) ) ;
#5578 = CARTESIAN_POINT ( 'NONE',  ( -0.1437007874015748254, -0.3822043559802462132, -0.3308428619473384180 ) ) ;
#5579 = DIRECTION ( 'NONE',  ( 0.000000000000000000, 1.000000000000000000, 0.000000000000000000 ) ) ;
#5580 = LINE ( 'NONE', #1086, #2923 ) ;
#5581 = EDGE_CURVE ( 'NONE', #2207, #1598, #1020, .T. ) ;
#5582 = ADVANCED_FACE ( 'NONE', ( #2746 ), #522, .T. ) ;
#5583 = CARTESIAN_POINT ( 'NONE',  ( -0.1122047244095503299, -0.2952755905511810774, -0.1771653544168296235 ) ) ;
#5584 = EDGE_CURVE ( 'NONE', #4293, #2513, #1870, .T. ) ;
#5585 = ORIENTED_EDGE ( 'NONE', *, *, #5442, .F. ) ;
#5586 = AXIS2_PLACEMENT_3D ( 'NONE', #3148, #484, #3648 ) ;
#5587 = DIRECTION ( 'NONE',  ( 0.000000000000000000, 0.000000000000000000, 1.000000000000000000 ) ) ;
#5588 = CYLINDRICAL_SURFACE ( 'NONE', #1416, 0.01968503937007873988 ) ;
#5589 = EDGE_LOOP ( 'NONE', ( #4850, #2098, #3078, #707 ) ) ;
#5590 = DIRECTION ( 'NONE',  ( 0.000000000000000000, 1.000000000000000000, 0.000000000000000000 ) ) ;
#5591 = VERTEX_POINT ( 'NONE', #968 ) ;
#5592 = ORIENTED_EDGE ( 'NONE', *, *, #1405, .F. ) ;
#5593 = AXIS2_PLACEMENT_3D ( 'NONE', #13, #1398, #2767 ) ;
#5594 = EDGE_LOOP ( 'NONE', ( #4003, #5766, #5686, #964 ) ) ;
#5595 = VECTOR ( 'NONE', #1500, 39.37007874015748143 ) ;
#5596 = LENGTH_MEASURE_WITH_UNIT ( LENGTH_MEASURE( 0.02539999999999999897 ), #1043 );
#5597 = EDGE_LOOP ( 'NONE', ( #2215, #1163, #389, #62, #4008, #4262 ) ) ;
#5598 = ADVANCED_FACE ( 'NONE', ( #3718 ), #3214, .T. ) ;
#5599 = LINE ( 'NONE', #1546, #3712 ) ;
#5600 = CARTESIAN_POINT ( 'NONE',  ( 0.000000000000000000, 0.000000000000000000, -0.03346456692913385433 ) ) ;
#5601 = ORIENTED_EDGE ( 'NONE', *, *, #2455, .F. ) ;
#5602 = CARTESIAN_POINT ( 'NONE',  ( 0.03195668221149425281, -0.2559055118110236116, -0.4338219754585960763 ) ) ;
#5603 =( NAMED_UNIT ( * ) SI_UNIT ( $, .STERADIAN. ) SOLID_ANGLE_UNIT ( ) );
#5604 = ORIENTED_EDGE ( 'NONE', *, *, #5689, .F. ) ;
#5605 = LINE ( 'NONE', #2468, #834 ) ;
#5606 = DIRECTION ( 'NONE',  ( 0.000000000000000000, 0.000000000000000000, -1.000000000000000000 ) ) ;
#5607 = CARTESIAN_POINT ( 'NONE',  ( -0.05905511811023622659, -0.07283464566929134798, -0.4271653543307086798 ) ) ;
#5608 = EDGE_CURVE ( 'NONE', #3994, #3129, #1643, .T. ) ;
#5609 = CARTESIAN_POINT ( 'NONE',  ( 0.05905511811023622659, -0.08858267716535432601, -0.4271653543307086798 ) ) ;
#5610 = CARTESIAN_POINT ( 'NONE',  ( -0.02362204724409448786, 0.09842519685039370636, -0.3818897637795276023 ) ) ;
#5611 = CARTESIAN_POINT ( 'NONE',  ( -0.09888980020871378229, -0.2952755905511810774, -0.1599671139193226399 ) ) ;
#5612 = EDGE_CURVE ( 'NONE', #4131, #4193, #4985, .T. ) ;
#5613 = EDGE_CURVE ( 'NONE', #5094, #2312, #933, .T. ) ;
#5614 = ORIENTED_EDGE ( 'NONE', *, *, #3225, .T. ) ;
#5615 = CARTESIAN_POINT ( 'NONE',  ( -0.09448818897637795144, -0.2952755905511810774, -0.1771653543307086798 ) ) ;
#5616 = EDGE_CURVE ( 'NONE', #1778, #463, #1309, .T. ) ;
#5617 = CARTESIAN_POINT ( 'NONE',  ( -0.01377953576015852367, -0.2559055118110236116, -0.4763779527558960614 ) ) ;
#5618 = ORIENTED_EDGE ( 'NONE', *, *, #5581, .T. ) ;
#5619 = EDGE_CURVE ( 'NONE', #4131, #453, #1850, .T. ) ;
#5620 = ADVANCED_FACE ( 'NONE', ( #2321 ), #4118, .F. ) ;
#5621 = ORIENTED_EDGE ( 'NONE', *, *, #3255, .F. ) ;
#5622 = ORIENTED_EDGE ( 'NONE', *, *, #536, .T. ) ;
#5623 = CARTESIAN_POINT ( 'NONE',  ( 0.09055118110236221041, -0.2165354330708661457, -0.07874015748031495954 ) ) ;
#5624 = CARTESIAN_POINT ( 'NONE',  ( 0.04527559055118110520, 0.07086614173228346358, -0.5039370078740157410 ) ) ;
#5625 = LINE ( 'NONE', #1547, #3298 ) ;
#5626 = ORIENTED_EDGE ( 'NONE', *, *, #1434, .F. ) ;
#5627 = CARTESIAN_POINT ( 'NONE',  ( -0.01416606694003980441, -0.2360236220472441138, -0.4821693850143906057 ) ) ;
#5628 = CARTESIAN_POINT ( 'NONE',  ( -0.02657480314960630058, -0.2165354330708661457, -0.4251968503937008093 ) ) ;
#5629 = ORIENTED_EDGE ( 'NONE', *, *, #1099, .T. ) ;
#5630 = FACE_OUTER_BOUND ( 'NONE', #322, .T. ) ;
#5631 = DIRECTION ( 'NONE',  ( -4.928191693115939891E-17, -4.928191693115930030E-17, 1.000000000000000000 ) ) ;
#5632 = PLANE ( 'NONE',  #401 ) ;
#5633 = CARTESIAN_POINT ( 'NONE',  ( -0.1574812992125984301, -0.03937007874015747977, -0.3248031496062992463 ) ) ;
#5634 = DIRECTION ( 'NONE',  ( 0.000000000000000000, -1.000000000000000000, 0.000000000000000000 ) ) ;
#5635 = FACE_OUTER_BOUND ( 'NONE', #556, .T. ) ;
#5636 = DIRECTION ( 'NONE',  ( 0.000000000000000000, 0.000000000000000000, -1.000000000000000000 ) ) ;
#5637 = CARTESIAN_POINT ( 'NONE',  ( 0.1319339290097935047, -0.3739393019394282591, -0.3823404631275980070 ) ) ;
#5638 = LINE ( 'NONE', #3835, #3591 ) ;
#5639 = ORIENTED_EDGE ( 'NONE', *, *, #4660, .F. ) ;
#5640 = VECTOR ( 'NONE', #1251, 39.37007874015748143 ) ;
#5641 = EDGE_CURVE ( 'NONE', #3142, #623, #4893, .T. ) ;
#5642 = CARTESIAN_POINT ( 'NONE',  ( -0.1240157480314960647, -0.1850393700787401619, -0.3838582677165354173 ) ) ;
#5643 = AXIS2_PLACEMENT_3D ( 'NONE', #3443, #3854, #3356 ) ;
#5644 = ORIENTED_EDGE ( 'NONE', *, *, #1197, .T. ) ;
#5645 = ORIENTED_EDGE ( 'NONE', *, *, #910, .T. ) ;
#5646 = ORIENTED_EDGE ( 'NONE', *, *, #48, .F. ) ;
#5647 = ADVANCED_FACE ( 'NONE', ( #993 ), #3688, .F. ) ;
#5648 = VERTEX_POINT ( 'NONE', #107 ) ;
#5649 = VECTOR ( 'NONE', #4685, 39.37007874015748143 ) ;
#5650 = VECTOR ( 'NONE', #3769, 39.37007874015748143 ) ;
#5651 = EDGE_CURVE ( 'NONE', #31, #3822, #3268, .T. ) ;
#5652 = DIRECTION ( 'NONE',  ( 0.000000000000000000, -1.000000000000000000, 0.000000000000000000 ) ) ;
#5653 = MECHANICAL_DESIGN_GEOMETRIC_PRESENTATION_REPRESENTATION (  '', ( #4903 ), #3297 ) ;
#5654 = CIRCLE ( 'NONE', #557, 0.02362204724409449827 ) ;
#5655 = DIRECTION ( 'NONE',  ( -1.000000000000000000, 0.000000000000000000, 0.000000000000000000 ) ) ;
#5656 = ORIENTED_EDGE ( 'NONE', *, *, #2514, .T. ) ;
#5657 = CARTESIAN_POINT ( 'NONE',  ( -0.03383624429212314655, -0.2360236220472441138, -0.4527559055118110520 ) ) ;
#5658 = DIRECTION ( 'NONE',  ( -0.3926236637329720836, -0.9196992218529370655, 0.000000000000000000 ) ) ;
#5659 = ORIENTED_EDGE ( 'NONE', *, *, #1824, .F. ) ;
#5660 = PLANE ( 'NONE',  #3289 ) ;
#5661 = CARTESIAN_POINT ( 'NONE',  ( -0.1574803149606299191, 0.1574803149606299191, -0.04724409448818897572 ) ) ;
#5662 = AXIS2_PLACEMENT_3D ( 'NONE', #4362, #2115, #2053 ) ;
#5663 = VECTOR ( 'NONE', #1886, 39.37007874015748143 ) ;
#5664 = DIRECTION ( 'NONE',  ( 0.000000000000000000, 1.000000000000000000, 0.000000000000000000 ) ) ;
#5665 = CARTESIAN_POINT ( 'NONE',  ( -0.07874015748031495954, -0.03937007874015747977, -0.3248031496062992463 ) ) ;
#5666 = CARTESIAN_POINT ( 'NONE',  ( -0.1496062992125984370, 0.1496062992125984370, -0.04724409448818897572 ) ) ;
#5667 = AXIS2_PLACEMENT_3D ( 'NONE', #2123, #3923, #5728 ) ;
#5668 = VECTOR ( 'NONE', #2623, 39.37007874015748143 ) ;
#5669 = CARTESIAN_POINT ( 'NONE',  ( -0.1240157480314960647, -0.1771653543307086520, -0.3838582677165354173 ) ) ;
#5670 = CARTESIAN_POINT ( 'NONE',  ( 0.1299212598425196763, -0.1299212598425196763, -0.3523622047244094335 ) ) ;
#5671 = LINE ( 'NONE', #3336, #5595 ) ;
#5672 = DIRECTION ( 'NONE',  ( -1.548860246407864815E-16, -1.000000000000000000, 0.000000000000000000 ) ) ;
#5673 = CARTESIAN_POINT ( 'NONE',  ( 0.1574803149606299191, -0.3385826771653543399, -0.3838582677165354173 ) ) ;
#5674 = VERTEX_POINT ( 'NONE', #2830 ) ;
#5675 = FACE_OUTER_BOUND ( 'NONE', #729, .T. ) ;
#5676 = VECTOR ( 'NONE', #4142, 39.37007874015748143 ) ;
#5677 = EDGE_CURVE ( 'NONE', #2752, #4057, #74, .T. ) ;
#5678 = ORIENTED_EDGE ( 'NONE', *, *, #5619, .T. ) ;
#5679 = VERTEX_POINT ( 'NONE', #3636 ) ;
#5680 = CARTESIAN_POINT ( 'NONE',  ( 0.03248031496062991907, 0.000000000000000000, -0.4133858267716535861 ) ) ;
#5681 = ORIENTED_EDGE ( 'NONE', *, *, #5613, .F. ) ;
#5682 = CARTESIAN_POINT ( 'NONE',  ( -0.1574803149606299191, -0.2559055118110236116, -0.04724409448818897572 ) ) ;
#5683 = EDGE_CURVE ( 'NONE', #3512, #1127, #259, .T. ) ;
#5684 = AXIS2_PLACEMENT_3D ( 'NONE', #3349, #1100, #3376 ) ;
#5685 = CIRCLE ( 'NONE', #677, 0.007874015748031499423 ) ;
#5686 = ORIENTED_EDGE ( 'NONE', *, *, #1512, .F. ) ;
#5687 = CARTESIAN_POINT ( 'NONE',  ( 0.01413675618295568912, -0.2362204724409449064, -0.4821120441009401070 ) ) ;
#5688 = FACE_OUTER_BOUND ( 'NONE', #1064, .T. ) ;
#5689 = EDGE_CURVE ( 'NONE', #4963, #5264, #3286, .T. ) ;
#5690 = ORIENTED_EDGE ( 'NONE', *, *, #2327, .T. ) ;
#5691 = CARTESIAN_POINT ( 'NONE',  ( 0.1181102362204724532, -0.2559055118110236116, -0.4271653543307086798 ) ) ;
#5692 = ORIENTED_EDGE ( 'NONE', *, *, #4699, .F. ) ;
#5693 = LINE ( 'NONE', #5223, #2155 ) ;
#5694 = CARTESIAN_POINT ( 'NONE',  ( 0.1474155162359375992, -0.3789135429223114415, -0.3838582677165354173 ) ) ;
#5695 = DIRECTION ( 'NONE',  ( 0.000000000000000000, 1.000000000000000000, 0.000000000000000000 ) ) ;
#5696 = CARTESIAN_POINT ( 'NONE',  ( -0.1181102362204724532, -0.1850393700787401619, -0.5118110236220472231 ) ) ;
#5697 = CARTESIAN_POINT ( 'NONE',  ( -0.1181102362204724532, -0.03937007874015747977, -0.5118110236220472231 ) ) ;
#5698 = LINE ( 'NONE', #3335, #95 ) ;
#5699 = DIRECTION ( 'NONE',  ( 1.000000000000000000, 0.000000000000000000, 0.000000000000000000 ) ) ;
#5700 = CARTESIAN_POINT ( 'NONE',  ( 0.1715311384824690921, -0.3297904909188866251, -0.3248031496062992463 ) ) ;
#5701 = DIRECTION ( 'NONE',  ( 0.000000000000000000, 0.000000000000000000, 1.000000000000000000 ) ) ;
#5702 = CARTESIAN_POINT ( 'NONE',  ( 0.03444881889763779653, -0.1771653543307086520, -0.3818897637795276023 ) ) ;
#5703 = ORIENTED_EDGE ( 'NONE', *, *, #3120, .F. ) ;
#5704 = EDGE_CURVE ( 'NONE', #3429, #5768, #4686, .T. ) ;
#5705 = DIRECTION ( 'NONE',  ( 0.000000000000000000, 0.000000000000000000, -1.000000000000000000 ) ) ;
#5706 = ORIENTED_EDGE ( 'NONE', *, *, #491, .T. ) ;
#5707 = ORIENTED_EDGE ( 'NONE', *, *, #4343, .F. ) ;
#5708 = DIRECTION ( 'NONE',  ( 1.000000000000000000, 0.000000000000000000, 0.000000000000000000 ) ) ;
#5709 = ORIENTED_EDGE ( 'NONE', *, *, #695, .T. ) ;
#5710 = DIRECTION ( 'NONE',  ( 1.000000000000000000, 0.000000000000000000, 0.000000000000000000 ) ) ;
#5711 = VERTEX_POINT ( 'NONE', #3802 ) ;
#5712 = CARTESIAN_POINT ( 'NONE',  ( 0.006539886388411043742, -0.2559055118110236116, -0.4763779527559054983 ) ) ;
#5713 = DIRECTION ( 'NONE',  ( 1.000000000000000000, 0.000000000000000000, 0.000000000000000000 ) ) ;
#5714 = ORIENTED_EDGE ( 'NONE', *, *, #1099, .F. ) ;
#5715 = LINE ( 'NONE', #366, #4993 ) ;
#5716 = EDGE_CURVE ( 'NONE', #325, #2816, #4207, .T. ) ;
#5717 = CARTESIAN_POINT ( 'NONE',  ( -0.1021349072980401451, -0.2952755905511810774, -0.1931584816430870211 ) ) ;
#5718 = VERTEX_POINT ( 'NONE', #1579 ) ;
#5719 = CARTESIAN_POINT ( 'NONE',  ( -0.1102362204724409434, -0.1771653543307086520, -0.3248031496062992463 ) ) ;
#5720 = ORIENTED_EDGE ( 'NONE', *, *, #558, .T. ) ;
#5721 = DIRECTION ( 'NONE',  ( 0.000000000000000000, 1.000000000000000000, 0.000000000000000000 ) ) ;
#5722 = CARTESIAN_POINT ( 'NONE',  ( -0.1181102362204724532, -0.2559055118110236116, -0.5118110236220472231 ) ) ;
#5723 = DIRECTION ( 'NONE',  ( 1.000000000000000000, 0.000000000000000000, 0.000000000000000000 ) ) ;
#5724 = EDGE_CURVE ( 'NONE', #628, #3084, #5693, .T. ) ;
#5725 = DIRECTION ( 'NONE',  ( 0.000000000000000000, 0.000000000000000000, -1.000000000000000000 ) ) ;
#5726 = EDGE_CURVE ( 'NONE', #1644, #5238, #733, .T. ) ;
#5727 = FACE_OUTER_BOUND ( 'NONE', #3149, .T. ) ;
#5728 = DIRECTION ( 'NONE',  ( -1.000000000000000000, 0.000000000000000000, 0.000000000000000000 ) ) ;
#5729 = ORIENTED_EDGE ( 'NONE', *, *, #3082, .T. ) ;
#5730 = EDGE_LOOP ( 'NONE', ( #1299, #3461, #3568, #2038, #587, #1728 ) ) ;
#5731 = ORIENTED_EDGE ( 'NONE', *, *, #251, .T. ) ;
#5732 = AXIS2_PLACEMENT_3D ( 'NONE', #5331, #3556, #3967 ) ;
#5733 = EDGE_LOOP ( 'NONE', ( #1560, #1809, #2409, #3404, #5209, #1304, #3370, #748, #3477, #1551 ) ) ;
#5734 = FACE_OUTER_BOUND ( 'NONE', #1857, .T. ) ;
#5735 = VECTOR ( 'NONE', #4872, 39.37007874015748143 ) ;
#5736 = CARTESIAN_POINT ( 'NONE',  ( -0.1321815571902552611, -0.3797653425504016744, -0.3291352176852633260 ) ) ;
#5737 = ORIENTED_EDGE ( 'NONE', *, *, #5726, .F. ) ;
#5738 = CARTESIAN_POINT ( 'NONE',  ( -0.006539886388411043742, -0.2559055118110236116, -0.4291338582677165503 ) ) ;
#5739 = FILL_AREA_STYLE ('',( #1611 ) ) ;
#5740 = VERTEX_POINT ( 'NONE', #633 ) ;
#5741 = FACE_OUTER_BOUND ( 'NONE', #2522, .T. ) ;
#5742 = EDGE_LOOP ( 'NONE', ( #2794, #2399, #2812, #3083 ) ) ;
#5743 = APPLICATION_PROTOCOL_DEFINITION ( 'draft international standard', 'automotive_design', 1998, #1906 ) ;
#5744 = CARTESIAN_POINT ( 'NONE',  ( -0.1492913381491070834, -0.3743208111143737638, -0.3261255935025142993 ) ) ;
#5745 = CARTESIAN_POINT ( 'NONE',  ( 0.01377952754474942934, -0.2559055118110236116, -0.4291338582677165503 ) ) ;
#5746 = AXIS2_PLACEMENT_3D ( 'NONE', #4809, #4870, #3513 ) ;
#5747 = CYLINDRICAL_SURFACE ( 'NONE', #969, 0.007874015748031482076 ) ;
#5748 = AXIS2_PLACEMENT_3D ( 'NONE', #5610, #227, #4334 ) ;
#5749 =( GEOMETRIC_REPRESENTATION_CONTEXT ( 3 ) GLOBAL_UNCERTAINTY_ASSIGNED_CONTEXT ( ( #3105 ) ) GLOBAL_UNIT_ASSIGNED_CONTEXT ( ( #2879, #1603, #3844 ) ) REPRESENTATION_CONTEXT ( 'NONE', 'WORKASPACE' ) );
#5750 = LINE ( 'NONE', #4332, #5758 ) ;
#5751 = ORIENTED_EDGE ( 'NONE', *, *, #2594, .T. ) ;
#5752 = EDGE_CURVE ( 'NONE', #896, #1752, #3328, .T. ) ;
#5753 = DIRECTION ( 'NONE',  ( 1.000000000000000000, 0.000000000000000000, 2.478176394218150321E-15 ) ) ;
#5754 = FACE_OUTER_BOUND ( 'NONE', #144, .T. ) ;
#5755 = AXIS2_PLACEMENT_3D ( 'NONE', #4654, #4176, #602 ) ;
#5756 = DIRECTION ( 'NONE',  ( 0.000000000000000000, 0.000000000000000000, 1.000000000000000000 ) ) ;
#5757 = FACE_OUTER_BOUND ( 'NONE', #4109, .T. ) ;
#5758 = VECTOR ( 'NONE', #3035, 39.37007874015748143 ) ;
#5759 = VECTOR ( 'NONE', #2511, 39.37007874015748143 ) ;
#5760 = EDGE_CURVE ( 'NONE', #454, #4411, #3384, .T. ) ;
#5761 = DIRECTION ( 'NONE',  ( 1.548860246407864815E-16, -1.000000000000000000, 0.000000000000000000 ) ) ;
#5762 = CARTESIAN_POINT ( 'NONE',  ( 0.1496062992125984370, 0.1496062992125984370, -0.007874015748031495954 ) ) ;
#5763 = ORIENTED_EDGE ( 'NONE', *, *, #1480, .F. ) ;
#5764 = EDGE_CURVE ( 'NONE', #3535, #4990, #2049, .T. ) ;
#5765 = AXIS2_PLACEMENT_3D ( 'NONE', #3890, #2507, #3917 ) ;
#5766 = ORIENTED_EDGE ( 'NONE', *, *, #3859, .T. ) ;
#5767 = LINE ( 'NONE', #4912, #2263 ) ;
#5768 = VERTEX_POINT ( 'NONE', #276 ) ;
#5769 = DIRECTION ( 'NONE',  ( 1.000000000000000000, 0.000000000000000000, 0.000000000000000000 ) ) ;
#5770 = VECTOR ( 'NONE', #4359, 39.37007874015748143 ) ;
#5771 = DIRECTION ( 'NONE',  ( -1.971276677246370040E-16, 0.000000000000000000, 1.000000000000000000 ) ) ;
#5772 = VERTEX_POINT ( 'NONE', #3884 ) ;
#5773 = CARTESIAN_POINT ( 'NONE',  ( 0.01375340528791854644, -0.2561043307086614540, -0.4291786392792101834 ) ) ;
#5774 = FACE_OUTER_BOUND ( 'NONE', #1283, .T. ) ;
#5775 = VECTOR ( 'NONE', #872, 39.37007874015748143 ) ;
#5776 = ORIENTED_EDGE ( 'NONE', *, *, #4165, .T. ) ;
#5777 = CARTESIAN_POINT ( 'NONE',  ( -0.03195668219417616140, -0.2559055116635182148, -0.4338219754764877645 ) ) ;
#5778 = ORIENTED_EDGE ( 'NONE', *, *, #996, .T. ) ;
#5779 = ADVANCED_FACE ( 'NONE', ( #5576 ), #1639, .T. ) ;
#5780 = CARTESIAN_POINT ( 'NONE',  ( -0.1534680482601878393, -0.3693331908855875811, -0.3248031496062995793 ) ) ;
#5781 = CIRCLE ( 'NONE', #4259, 0.02362204724409448092 ) ;
#5782 = DIRECTION ( 'NONE',  ( 1.000000000000000000, -2.168404344971005318E-15, 0.000000000000000000 ) ) ;
#5783 = VECTOR ( 'NONE', #3041, 39.37007874015748143 ) ;
#5784 = DIRECTION ( 'NONE',  ( 0.000000000000000000, 3.942553354492735149E-16, -1.000000000000000000 ) ) ;
#5785 = CARTESIAN_POINT ( 'NONE',  ( 0.1456692913385826960, -0.2637795275590551491, -0.3838582677165354173 ) ) ;
#5786 = DIRECTION ( 'NONE',  ( 0.000000000000000000, 0.000000000000000000, -1.000000000000000000 ) ) ;
#5787 = VECTOR ( 'NONE', #4175, 39.37007874015748143 ) ;
#5788 = DIRECTION ( 'NONE',  ( 0.000000000000000000, 0.000000000000000000, 1.000000000000000000 ) ) ;
#5789 = EDGE_CURVE ( 'NONE', #4170, #4671, #4220, .T. ) ;
#5790 = CARTESIAN_POINT ( 'NONE',  ( 0.1496062992125984370, -0.2480314960629923793, -0.007874015748031612180 ) ) ;
#5791 = FACE_OUTER_BOUND ( 'NONE', #1341, .T. ) ;
#5792 = DIRECTION ( 'NONE',  ( -1.369722371900850150E-15, -0.6316729511622360960, -0.7752349855172890880 ) ) ;
#5793 = VERTEX_POINT ( 'NONE', #1614 ) ;
#5794 = EDGE_CURVE ( 'NONE', #1951, #1772, #2998, .T. ) ;
#5795 = EDGE_CURVE ( 'NONE', #4104, #684, #3417, .T. ) ;
#5796 = ORIENTED_EDGE ( 'NONE', *, *, #304, .T. ) ;
#5797 = ORIENTED_EDGE ( 'NONE', *, *, #4631, .F. ) ;
#5798 = DIRECTION ( 'NONE',  ( 0.000000000000000000, 0.000000000000000000, -1.000000000000000000 ) ) ;
#5799 = ORIENTED_EDGE ( 'NONE', *, *, #5544, .F. ) ;
#5800 = DIRECTION ( 'NONE',  ( 1.000000000000000000, -1.577021341797094849E-16, 0.000000000000000000 ) ) ;
#5801 = ADVANCED_FACE ( 'NONE', ( #4774 ), #2024, .F. ) ;
#5802 = LINE ( 'NONE', #452, #3221 ) ;
#5803 = EDGE_CURVE ( 'NONE', #1918, #2516, #608, .T. ) ;
#5804 = ORIENTED_EDGE ( 'NONE', *, *, #1995, .T. ) ;
#5805 = ORIENTED_EDGE ( 'NONE', *, *, #1765, .F. ) ;
#5806 = LINE ( 'NONE', #1191, #3858 ) ;
#5807 = ORIENTED_EDGE ( 'NONE', *, *, #3452, .T. ) ;
#5808 = LINE ( 'NONE', #1433, #5775 ) ;
#5809 = CARTESIAN_POINT ( 'NONE',  ( -0.1240157480314960647, -0.1850393700787401619, -0.3838582677165354173 ) ) ;
#5810 = B_SPLINE_CURVE_WITH_KNOTS ( 'NONE', 3,
 ( #3936, #4388, #1727, #4887, #5777, #5311, #837 ),
 .UNSPECIFIED., .F., .F.,
 ( 4, 1, 1, 1, 4 ),
 ( 0.000000000000000000, 0.2499999131259776908, 0.4999999421517400400, 0.7499999711775056088, 1.000000000000000000 ),
 .UNSPECIFIED. ) ;
#5811 = FACE_OUTER_BOUND ( 'NONE', #2235, .T. ) ;
#5812 = EDGE_LOOP ( 'NONE', ( #2110, #4224, #149, #3282, #4625 ) ) ;
#5813 = DIRECTION ( 'NONE',  ( 1.000000000000000000, 0.000000000000000000, 0.000000000000000000 ) ) ;
#5814 = CARTESIAN_POINT ( 'NONE',  ( -0.1515748031496063075, -0.2637795275590551491, -0.3838582677165354173 ) ) ;
#5815 = CARTESIAN_POINT ( 'NONE',  ( -0.1181102362204724532, -0.2559055118110236116, -0.1062992125984252023 ) ) ;
#5816 = LINE ( 'NONE', #3573, #1347 ) ;
#5817 = DIRECTION ( 'NONE',  ( 0.000000000000000000, 1.000000000000000000, 0.000000000000000000 ) ) ;
#5818 = CARTESIAN_POINT ( 'NONE',  ( 0.1496062992125984370, 0.1496062992125984370, -0.007874015748031495954 ) ) ;
#5819 = ORIENTED_EDGE ( 'NONE', *, *, #5544, .T. ) ;
#5820 = VERTEX_POINT ( 'NONE', #1963 ) ;
#5821 = VERTEX_POINT ( 'NONE', #1525 ) ;
#5822 = ORIENTED_EDGE ( 'NONE', *, *, #3685, .T. ) ;
#5823 = CARTESIAN_POINT ( 'NONE',  ( 0.1181102362204724532, -0.2559055118110236116, -0.3838582677165354173 ) ) ;
#5824 = ORIENTED_EDGE ( 'NONE', *, *, #3269, .F. ) ;
#5825 = EDGE_CURVE ( 'NONE', #1422, #5591, #5134, .T. ) ;
#5826 = DIRECTION ( 'NONE',  ( 0.000000000000000000, 0.000000000000000000, 1.000000000000000000 ) ) ;
#5827 = DIRECTION ( 'NONE',  ( -1.000000000000000000, 0.000000000000000000, 0.000000000000000000 ) ) ;
#5828 = VERTEX_POINT ( 'NONE', #194 ) ;
#5829 = ADVANCED_FACE ( 'NONE', ( #2439 ), #2887, .T. ) ;
#5830 = ORIENTED_EDGE ( 'NONE', *, *, #3173, .T. ) ;
#5831 = CARTESIAN_POINT ( 'NONE',  ( -0.1318897637795275746, -0.2637795275590551491, -0.3838582677165354173 ) ) ;
#5832 = TOROIDAL_SURFACE ( 'NONE', #1881, 0.01771653543307120243, 0.005905511811023517882 ) ;
#5833 = EDGE_CURVE ( 'NONE', #5394, #1349, #663, .T. ) ;
#5834 = DIRECTION ( 'NONE',  ( -0.000000000000000000, 1.000000000000000000, 0.000000000000000000 ) ) ;
#5835 = ORIENTED_EDGE ( 'NONE', *, *, #1539, .T. ) ;
#5836 = DIRECTION ( 'NONE',  ( 0.000000000000000000, 0.000000000000000000, -1.000000000000000000 ) ) ;
#5837 = VECTOR ( 'NONE', #1053, 39.37007874015748143 ) ;
#5838 = DIRECTION ( 'NONE',  ( 0.7071067811865475727, -0.7071067811865475727, 1.393903106075793640E-16 ) ) ;
#5839 = ORIENTED_EDGE ( 'NONE', *, *, #3518, .F. ) ;
#5840 = ORIENTED_EDGE ( 'NONE', *, *, #3225, .F. ) ;
#5841 = ORIENTED_EDGE ( 'NONE', *, *, #1226, .F. ) ;
#5842 = PLANE ( 'NONE',  #4822 ) ;
#5843 = CARTESIAN_POINT ( 'NONE',  ( -0.09842519685039370636, -0.07283464566929134798, -0.3602362204724409711 ) ) ;
#5844 = DIRECTION ( 'NONE',  ( 1.000000000000000000, 0.000000000000000000, 0.000000000000000000 ) ) ;
#5845 = AXIS2_PLACEMENT_3D ( 'NONE', #4149, #5069, #1936 ) ;
#5846 = VECTOR ( 'NONE', #3883, 39.37007874015748143 ) ;
#5847 = LINE ( 'NONE', #3244, #4645 ) ;
#5848 = AXIS2_PLACEMENT_3D ( 'NONE', #4408, #364, #2169 ) ;
#5849 = VECTOR ( 'NONE', #3821, 39.37007874015748143 ) ;
#5850 = LINE ( 'NONE', #3187, #3116 ) ;
#5851 = DIRECTION ( 'NONE',  ( -1.000000000000000000, 0.000000000000000000, 0.000000000000000000 ) ) ;
#5852 = EDGE_LOOP ( 'NONE', ( #4766, #3875, #5751, #3731, #3578, #2191, #570, #1345 ) ) ;
#5853 = EDGE_CURVE ( 'NONE', #4941, #4057, #4358, .T. ) ;
#5854 = VECTOR ( 'NONE', #5261, 39.37007874015748143 ) ;
#5855 = VERTEX_POINT ( 'NONE', #336 ) ;
#5856 = AXIS2_PLACEMENT_3D ( 'NONE', #5615, #1116, #5587 ) ;
ENDSEC;
END-ISO-10303-21;
